tower_id,year,count,count_neg,count_pos,pct_positive,density,min_ka,max_ka,mean_ka,exp_factor,min_ka_neg,max_ka_neg,mean_ka_neg,min_ka_pos,max_ka_pos,mean_ka_pos
1,2019,9,8,1,11.1111,2.88,-51,14,-8.0,-23.0,-51,-3,-10.75,14,14,14.0
2,2019,9,8,1,11.1111,2.88,-51,14,-10.7778,-31.0,-51,-3,-13.875,14,14,14.0
3,2019,5,5,0,0.0,1.6,-51,-3,-19.4,-31.0,-51,-3,-19.4,0,0,0.0
4,2019,3,2,1,33.3333,0.96,-31,13,-7.0,-6.7,-31,-3,-17.0,13,13,13.0
5,2019,4,3,1,25.0,1.28,-31,13,-12.25,-15.7,-31,-3,-20.6667,13,13,13.0
6,2019,8,7,1,12.5,2.56,-31,13,-9.875,-25.3,-31,-3,-13.1429,13,13,13.0
7,2019,10,9,1,10.0,3.2,-31,13,-9.3,-29.7,-31,-2,-11.7778,13,13,13.0
8,2019,8,7,1,12.5,2.56,-12,13,-4.25,-10.9,-12,-2,-6.7143,13,13,13.0
9,2019,8,7,1,12.5,2.56,-100,13,-18.5,-47.3,-100,-2,-23.0,13,13,13.0
10,2019,8,7,1,12.5,2.56,-100,5,-28.0,-71.6,-100,-2,-32.7143,5,5,5.0
11,2019,10,9,1,10.0,3.2,-100,5,-22.9,-73.2,-100,-2,-26.0,5,5,5.0
12,2019,10,9,1,10.0,3.2,-100,5,-23.1,-73.9,-100,-2,-26.2222,5,5,5.0
13,2019,10,9,1,10.0,3.2,-100,5,-23.1,-73.9,-100,-2,-26.2222,5,5,5.0
14,2019,11,9,2,18.1818,3.52,-100,5,-22.0,-77.4,-100,-2,-27.7778,3,5,4.0
15,2019,10,9,1,10.0,3.2,-42,3,-13.0,-41.6,-42,-2,-14.7778,3,3,3.0
16,2019,6,5,1,16.6667,1.92,-42,3,-13.8333,-26.5,-42,-2,-17.2,3,3,3.0
17,2019,6,5,1,16.6667,1.92,-42,3,-18.6667,-35.8,-42,-4,-23.0,3,3,3.0
18,2019,6,5,1,16.6667,1.92,-42,3,-18.6667,-35.8,-42,-4,-23.0,3,3,3.0
19,2019,4,4,0,0.0,1.28,-42,-16,-27.75,-35.5,-42,-16,-27.75,0,0,0.0
20,2019,3,3,0,0.0,0.96,-42,-22,-31.6667,-30.4,-42,-22,-31.6667,0,0,0.0
21,2019,3,2,1,33.3333,0.96,-42,63,-0.3333,-0.3,-42,-22,-32.0,63,63,63.0
22,2019,1,0,1,100.0,0.32,63,63,63.0,20.1,0,0,0.0,63,63,63.0
23,2019,3,2,1,33.3333,0.96,-6,63,17.6667,16.9,-6,-4,-5.0,63,63,63.0
24,2019,4,3,1,25.0,1.28,-6,63,12.25,15.7,-6,-4,-4.6667,63,63,63.0
25,2019,5,4,1,20.0,1.6,-6,63,9.0,14.4,-6,-4,-4.5,63,63,63.0
26,2019,5,4,1,20.0,1.6,-6,63,9.0,14.4,-6,-4,-4.5,63,63,63.0
27,2019,4,4,0,0.0,1.28,-6,-4,-4.5,-5.8,-6,-4,-4.5,0,0,0.0
28,2019,5,5,0,0.0,1.6,-6,-4,-4.4,-7.0,-6,-4,-4.4,0,0,0.0
29,2019,6,6,0,0.0,1.92,-5,-3,-4.0,-7.7,-5,-3,-4.0,0,0,0.0
30,2019,6,6,0,0.0,1.92,-46,-3,-15.1667,-29.1,-46,-3,-15.1667,0,0,0.0
31,2019,6,6,0,0.0,1.92,-46,-3,-15.1667,-29.1,-46,-3,-15.1667,0,0,0.0
32,2019,8,8,0,0.0,2.56,-46,-3,-16.5,-42.2,-46,-3,-16.5,0,0,0.0
33,2019,10,10,0,0.0,3.2,-46,-3,-14.5,-46.4,-46,-3,-14.5,0,0,0.0
34,2019,9,9,0,0.0,2.88,-46,-3,-15.6667,-45.1,-46,-3,-15.6667,0,0,0.0
35,2019,11,11,0,0.0,3.52,-46,-3,-18.5455,-65.2,-46,-3,-18.5455,0,0,0.0
36,2019,8,8,0,0.0,2.56,-45,-3,-17.125,-43.8,-45,-3,-17.125,0,0,0.0
37,2019,5,5,0,0.0,1.6,-45,-5,-22.4,-35.8,-45,-5,-22.4,0,0,0.0
38,2019,4,4,0,0.0,1.28,-45,-5,-26.0,-33.3,-45,-5,-26.0,0,0,0.0
39,2019,5,5,0,0.0,1.6,-45,-5,-18.6,-29.7,-45,-5,-18.6,0,0,0.0
40,2019,7,7,0,0.0,2.24,-45,-5,-18.0,-40.3,-45,-5,-18.0,0,0,0.0
41,2019,7,7,0,0.0,2.24,-45,-5,-18.0,-40.3,-45,-5,-18.0,0,0,0.0
42,2019,9,9,0,0.0,2.88,-19,-5,-12.3333,-35.5,-19,-5,-12.3333,0,0,0.0
43,2019,12,12,0,0.0,3.84,-30,-5,-12.5,-48.0,-30,-5,-12.5,0,0,0.0
44,2019,12,12,0,0.0,3.84,-30,-4,-11.5,-44.1,-30,-4,-11.5,0,0,0.0
45,2019,9,9,0,0.0,2.88,-30,-4,-11.1111,-32.0,-30,-4,-11.1111,0,0,0.0
46,2019,9,9,0,0.0,2.88,-30,-4,-11.1111,-32.0,-30,-4,-11.1111,0,0,0.0
47,2019,12,12,0,0.0,3.84,-30,-4,-11.4167,-43.8,-30,-4,-11.4167,0,0,0.0
48,2019,7,6,1,14.2857,2.24,-24,3,-8.4286,-18.9,-24,-6,-10.3333,3,3,3.0
49,2019,4,4,0,0.0,1.28,-8,-6,-6.75,-8.6,-8,-6,-6.75,0,0,0.0
50,2019,6,5,1,16.6667,1.92,-8,20,-2.5,-4.8,-8,-6,-7.0,20,20,20.0
51,2019,6,5,1,16.6667,1.92,-8,20,-2.5,-4.8,-8,-6,-7.0,20,20,20.0
52,2019,7,6,1,14.2857,2.24,-8,20,-2.5714,-5.8,-8,-3,-6.3333,20,20,20.0
53,2019,8,6,2,25.0,2.56,-18,20,-2.75,-7.0,-18,-3,-7.8333,5,20,12.5
54,2019,15,13,2,13.3333,4.8,-31,20,-7.3333,-35.2,-31,-3,-10.3846,5,20,12.5
55,2019,18,17,1,5.5556,5.76,-35,20,-9.9444,-57.2,-35,-3,-11.7059,20,20,20.0
56,2019,18,18,0,0.0,5.76,-35,-3,-11.4444,-65.9,-35,-3,-11.4444,0,0,0.0
57,2019,17,17,0,0.0,5.44,-35,-3,-11.9412,-64.9,-35,-3,-11.9412,0,0,0.0
58,2019,17,17,0,0.0,5.44,-35,-3,-11.9412,-64.9,-35,-3,-11.9412,0,0,0.0
59,2019,15,15,0,0.0,4.8,-38,-3,-13.9333,-66.8,-38,-3,-13.9333,0,0,0.0
60,2019,8,7,1,12.5,2.56,-38,3,-18.0,-46.0,-38,-5,-21.0,3,3,3.0
61,2019,8,7,1,12.5,2.56,-38,3,-13.5,-34.5,-38,-3,-15.8571,3,3,3.0
62,2019,8,7,1,12.5,2.56,-38,3,-13.5,-34.5,-38,-3,-15.8571,3,3,3.0
63,2019,8,7,1,12.5,2.56,-38,3,-13.5,-34.5,-38,-3,-15.8571,3,3,3.0
64,2019,7,6,1,14.2857,2.24,-26,3,-10.4286,-23.3,-26,-3,-12.6667,3,3,3.0
65,2019,9,8,1,11.1111,2.88,-26,3,-9.5556,-27.5,-26,-3,-11.125,3,3,3.0
66,2019,9,8,1,11.1111,2.88,-26,4,-9.4444,-27.2,-26,-3,-11.125,4,4,4.0
67,2019,7,6,1,14.2857,2.24,-17,4,-5.7143,-12.8,-17,-3,-7.3333,4,4,4.0
68,2019,11,9,2,18.1818,3.52,-36,4,-8.0,-28.1,-36,-3,-10.6667,4,4,4.0
69,2019,14,12,2,14.2857,4.48,-36,4,-8.8571,-39.7,-36,-2,-11.0,4,4,4.0
70,2019,14,12,2,14.2857,4.48,-36,4,-8.5,-38.1,-36,-2,-10.5833,4,4,4.0
71,2019,11,10,1,9.0909,3.52,-36,4,-10.0,-35.2,-36,-2,-11.4,4,4,4.0
72,2019,10,10,0,0.0,3.2,-36,-2,-11.8,-37.7,-36,-2,-11.8,0,0,0.0
73,2019,6,6,0,0.0,1.92,-36,-2,-15.8333,-30.4,-36,-2,-15.8333,0,0,0.0
74,2019,7,7,0,0.0,2.24,-30,-2,-14.0,-31.3,-30,-2,-14.0,0,0,0.0
75,2019,9,9,0,0.0,2.88,-26,-2,-10.1111,-29.1,-26,-2,-10.1111,0,0,0.0
76,2019,18,17,1,5.5556,5.76,-26,5,-9.1667,-52.8,-26,-2,-10.0,5,5,5.0
77,2019,19,18,1,5.2632,6.08,-26,5,-9.1053,-55.3,-26,-2,-9.8889,5,5,5.0
78,2019,20,19,1,5.0,6.4,-26,5,-9.2,-58.8,-26,-2,-9.9474,5,5,5.0
79,2019,21,20,1,4.7619,6.72,-26,5,-9.1429,-61.4,-26,-2,-9.85,5,5,5.0
80,2019,21,19,2,9.5238,6.72,-26,32,-8.5238,-57.2,-26,-4,-11.3684,5,32,18.5
81,2019,18,16,2,11.1111,5.76,-25,32,-8.0556,-46.4,-25,-4,-12.3125,20,32,26.0
82,2019,17,15,2,11.7647,5.44,-25,32,-8.0588,-43.8,-25,-5,-12.6,20,32,26.0
83,2019,18,16,2,11.1111,5.76,-25,32,-8.7222,-50.2,-25,-4,-13.0625,20,32,26.0
84,2019,12,10,2,16.6667,3.84,-25,32,-7.0833,-27.2,-25,-4,-13.7,20,32,26.0
85,2019,13,11,2,15.3846,4.16,-45,32,-10.0,-41.6,-45,-4,-16.5455,20,32,26.0
86,2019,9,9,0,0.0,2.88,-45,-3,-16.7778,-48.3,-45,-3,-16.7778,0,0,0.0
87,2019,12,12,0,0.0,3.84,-45,-3,-16.1667,-62.0,-45,-3,-16.1667,0,0,0.0
88,2019,14,14,0,0.0,4.48,-45,-3,-13.5714,-60.8,-45,-3,-13.5714,0,0,0.0
89,2019,13,13,0,0.0,4.16,-98,-3,-21.0769,-87.6,-98,-3,-21.0769,0,0,0.0
90,2019,17,16,1,5.8824,5.44,-98,4,-18.1177,-98.5,-98,-3,-19.5,4,4,4.0
91,2019,15,14,1,6.6667,4.8,-98,4,-16.2667,-78.0,-98,-3,-17.7143,4,4,4.0
92,2019,15,14,1,6.6667,4.8,-98,4,-20.2,-96.9,-98,-3,-21.9286,4,4,4.0
93,2019,17,15,2,11.7647,5.44,-74,15,-16.2941,-88.6,-74,-4,-19.7333,4,15,9.5
94,2019,19,18,1,5.2632,6.08,-74,15,-20.0,-121.5,-74,-4,-21.9444,15,15,15.0
95,2019,20,19,1,5.0,6.4,-74,15,-19.7,-126.0,-74,-4,-21.5263,15,15,15.0
96,2019,20,19,1,5.0,6.4,-74,15,-17.55,-112.2,-74,-4,-19.2632,15,15,15.0
97,2019,18,17,1,5.5556,5.76,-74,15,-18.1667,-104.6,-74,-4,-20.1177,15,15,15.0
98,2019,15,13,2,13.3333,4.8,-43,33,-13.0,-62.4,-43,-4,-18.6923,15,33,24.0
99,2019,12,10,2,16.6667,3.84,-42,33,-12.9167,-49.6,-42,-4,-20.3,15,33,24.0
100,2019,10,7,3,30.0,3.2,-25,33,-1.4,-4.5,-25,-5,-15.1429,28,33,30.6667
101,2019,13,10,3,23.0769,4.16,-30,33,-5.6154,-23.3,-30,-5,-16.5,28,33,30.6667
102,2019,12,9,3,25.0,3.84,-25,33,-3.6667,-14.1,-25,-6,-15.1111,28,33,30.6667
103,2019,11,8,3,27.2727,3.52,-25,33,-3.0909,-10.9,-25,-6,-15.75,28,33,30.6667
104,2019,13,9,4,30.7692,4.16,-31,36,-2.2308,-9.3,-31,-6,-17.4444,28,36,32.0
105,2019,11,8,3,27.2727,3.52,-31,36,-3.3636,-11.8,-31,-6,-16.5,28,36,31.6667
106,2019,10,8,2,20.0,3.2,-31,36,-4.9,-15.7,-31,-3,-14.5,31,36,33.5
107,2019,9,8,1,11.1111,2.88,-42,36,-8.8889,-25.6,-42,-3,-14.5,36,36,36.0
108,2019,10,10,0,0.0,3.2,-42,-3,-16.4,-52.4,-42,-3,-16.4,0,0,0.0
109,2019,9,8,1,11.1111,2.88,-48,12,-15.6667,-45.1,-48,-3,-19.125,12,12,12.0
110,2019,15,14,1,6.6667,4.8,-48,12,-19.9333,-95.6,-48,-3,-22.2143,12,12,12.0
111,2019,21,20,1,4.7619,6.72,-48,12,-17.8571,-119.9,-48,-3,-19.35,12,12,12.0
112,2019,20,19,1,5.0,6.4,-48,12,-14.75,-94.3,-48,-3,-16.1579,12,12,12.0
113,2019,20,19,1,5.0,6.4,-48,12,-16.3,-104.2,-48,-7,-17.7895,12,12,12.0
114,2019,22,20,2,9.0909,7.03,-48,12,-15.5909,-109.7,-48,-7,-17.95,4,12,8.0
115,2019,19,17,2,10.5263,6.08,-48,22,-14.3158,-87.0,-48,-7,-17.5294,4,22,13.0
116,2019,24,22,2,8.3333,7.67,-48,22,-13.4167,-103.0,-48,-4,-15.8182,4,22,13.0
117,2019,20,18,2,10.0,6.4,-48,22,-12.6,-80.6,-48,-3,-15.4444,4,22,13.0
118,2019,26,24,2,7.6923,8.31,-48,22,-13.3077,-110.6,-48,-3,-15.5,4,22,13.0
119,2019,30,29,1,3.3333,9.59,-48,4,-14.7667,-141.7,-48,-3,-15.4138,4,4,4.0
120,2019,34,33,1,2.9412,10.87,-31,4,-13.4706,-146.5,-31,-3,-14.0,4,4,4.0
121,2019,30,30,0,0.0,9.59,-31,-3,-14.0667,-134.9,-31,-3,-14.0667,0,0,0.0
122,2019,25,25,0,0.0,7.99,-31,-6,-14.12,-112.9,-31,-6,-14.12,0,0,0.0
123,2019,24,24,0,0.0,7.67,-41,-4,-15.4167,-118.3,-41,-4,-15.4167,0,0,0.0
124,2019,23,23,0,0.0,7.35,-79,-4,-17.2174,-126.6,-79,-4,-17.2174,0,0,0.0
125,2019,18,16,2,11.1111,5.76,-79,8,-15.5556,-89.5,-79,-4,-18.4375,7,8,7.5
126,2019,14,12,2,14.2857,4.48,-23,8,-10.2857,-46.0,-23,-4,-13.25,7,8,7.5
127,2019,15,13,2,13.3333,4.8,-23,8,-10.0667,-48.3,-23,-4,-12.7692,7,8,7.5
128,2019,21,19,2,9.5238,6.72,-27,8,-11.6191,-78.0,-27,-4,-13.6316,7,8,7.5
129,2019,25,23,2,8.0,7.99,-27,8,-11.84,-94.7,-27,-4,-13.5217,7,8,7.5
130,2019,34,31,3,8.8235,10.87,-27,22,-10.5588,-114.8,-27,-4,-12.7742,7,22,12.3333
131,2019,41,39,2,4.878,13.11,-27,22,-11.4634,-150.3,-27,-4,-12.8205,8,22,15.0
132,2019,44,41,3,6.8182,14.07,-63,26,-11.9546,-168.2,-63,-4,-14.5122,21,26,23.0
133,2019,50,46,4,8.0,15.99,-115,26,-13.82,-221.0,-115,-4,-16.6957,8,26,19.25
134,2019,49,45,4,8.1633,15.67,-115,26,-13.9388,-218.4,-115,-4,-16.8889,8,26,19.25
135,2019,43,40,3,6.9767,13.75,-115,26,-14.1861,-195.1,-115,-5,-16.625,8,26,18.3333
136,2019,37,35,2,5.4054,11.83,-115,21,-15.2973,-181.0,-115,-5,-17.0,8,21,14.5
137,2019,28,26,2,7.1429,8.95,-115,21,-15.3929,-137.8,-115,-6,-17.6923,8,21,14.5
138,2019,21,21,0,0.0,6.72,-27,-4,-11.9524,-80.3,-27,-4,-11.9524,0,0,0.0
139,2019,24,22,2,8.3333,7.67,-61,6,-11.7917,-90.5,-61,-4,-13.3636,5,6,5.5
140,2019,23,21,2,8.6957,7.35,-61,6,-11.7826,-86.7,-61,-4,-13.4286,5,6,5.5
141,2019,30,28,2,6.6667,9.59,-61,6,-12.8,-122.8,-61,-4,-14.1071,5,6,5.5
142,2019,42,38,4,9.5238,13.43,-61,20,-11.0238,-148.1,-61,-4,-13.1842,5,20,9.5
143,2019,45,41,4,8.8889,14.39,-61,20,-11.8,-169.8,-61,-4,-13.8781,5,20,9.5
144,2019,50,46,4,8.0,15.99,-31,20,-11.1,-177.5,-31,-4,-12.8913,5,20,9.5
145,2019,53,50,3,5.6604,16.95,-74,20,-12.9811,-220.0,-74,-4,-14.42,6,20,11.0
146,2019,39,37,2,5.1282,12.47,-74,7,-14.8974,-185.8,-74,-4,-16.0,4,7,5.5
147,2019,41,40,1,2.439,13.11,-74,4,-15.8537,-207.8,-74,-2,-16.35,4,4,4.0
148,2019,34,33,1,2.9412,10.87,-74,4,-15.7059,-170.8,-74,-2,-16.303,4,4,4.0
149,2019,39,37,2,5.1282,12.47,-36,11,-12.9744,-161.8,-36,-2,-14.0811,4,11,7.5
150,2019,42,41,1,2.381,13.43,-67,11,-14.1429,-189.9,-67,-2,-14.7561,11,11,11.0
151,2019,47,46,1,2.1277,15.03,-67,11,-15.1277,-227.4,-67,-2,-15.6957,11,11,11.0
152,2019,55,54,1,1.8182,17.59,-67,11,-15.9818,-281.1,-67,-2,-16.4815,11,11,11.0
153,2019,61,60,1,1.6393,19.51,-67,11,-15.8853,-309.9,-67,-2,-16.3333,11,11,11.0
154,2019,62,61,1,1.6129,19.83,-79,11,-16.3065,-323.3,-79,-2,-16.7541,11,11,11.0
155,2019,59,58,1,1.6949,18.87,-79,13,-15.9492,-300.9,-79,-2,-16.4483,13,13,13.0
156,2019,58,56,2,3.4483,18.55,-79,13,-15.4483,-286.5,-79,-2,-16.3036,4,13,8.5
157,2019,56,53,3,5.3571,17.91,-79,17,-15.0893,-270.2,-79,-2,-16.5849,4,17,11.3333
158,2019,48,46,2,4.1667,15.35,-79,17,-15.6875,-240.8,-79,-2,-16.8261,4,17,10.5
159,2019,48,46,2,4.1667,15.35,-79,17,-17.5625,-269.6,-79,-2,-18.7826,4,17,10.5
160,2019,52,51,1,1.9231,16.63,-79,4,-17.8654,-297.1,-79,-4,-18.2941,4,4,4.0
161,2019,51,51,0,0.0,16.31,-69,-4,-18.3137,-298.7,-69,-4,-18.3137,0,0,0.0
162,2019,49,49,0,0.0,15.67,-69,-4,-18.4286,-288.7,-69,-4,-18.4286,0,0,0.0
163,2019,42,42,0,0.0,13.43,-69,-4,-19.7381,-265.1,-69,-4,-19.7381,0,0,0.0
164,2019,47,46,1,2.1277,15.03,-69,8,-19.2128,-288.7,-69,-3,-19.8044,8,8,8.0
165,2019,48,47,1,2.0833,15.35,-48,8,-16.7083,-256.5,-48,-3,-17.234,8,8,8.0
166,2019,42,41,1,2.381,13.43,-34,8,-14.881,-199.9,-34,-3,-15.439,8,8,8.0
167,2019,40,39,1,2.5,12.79,-31,8,-14.5,-185.5,-31,-3,-15.0769,8,8,8.0
168,2019,42,41,1,2.381,13.43,-39,8,-14.8571,-199.5,-39,-3,-15.4146,8,8,8.0
169,2019,38,38,0,0.0,12.15,-39,-3,-15.5263,-188.7,-39,-3,-15.5263,0,0,0.0
170,2019,30,30,0,0.0,9.59,-39,-5,-16.2667,-156.0,-39,-5,-16.2667,0,0,0.0
171,2019,28,27,1,3.5714,8.95,-86,14,-17.2143,-154.1,-86,-5,-18.3704,14,14,14.0
172,2019,24,23,1,4.1667,7.67,-86,14,-18.2083,-139.7,-86,-5,-19.6087,14,14,14.0
173,2019,26,25,1,3.8462,8.31,-86,14,-18.2308,-151.6,-86,-5,-19.52,14,14,14.0
174,2019,28,27,1,3.5714,8.95,-86,14,-17.0714,-152.8,-86,-4,-18.2222,14,14,14.0
175,2019,24,23,1,4.1667,7.67,-86,8,-19.375,-148.7,-86,-4,-20.5652,8,8,8.0
176,2019,20,19,1,5.0,6.4,-59,8,-15.15,-96.9,-59,-4,-16.3684,8,8,8.0
177,2019,24,23,1,4.1667,7.67,-59,8,-16.625,-127.6,-59,-4,-17.6957,8,8,8.0
178,2019,25,24,1,4.0,7.99,-59,8,-18.0,-143.9,-59,-4,-19.0833,8,8,8.0
179,2019,24,24,0,0.0,7.67,-59,-4,-17.6667,-135.6,-59,-4,-17.6667,0,0,0.0
180,2019,23,23,0,0.0,7.35,-59,-4,-19.2609,-141.7,-59,-4,-19.2609,0,0,0.0
181,2019,20,20,0,0.0,6.4,-59,-5,-19.35,-123.7,-59,-5,-19.35,0,0,0.0
182,2019,18,18,0,0.0,5.76,-62,-5,-22.6111,-130.1,-62,-5,-22.6111,0,0,0.0
183,2019,19,19,0,0.0,6.08,-62,-5,-16.6842,-101.4,-62,-5,-16.6842,0,0,0.0
184,2019,19,18,1,5.2632,6.08,-62,18,-14.0,-85.1,-62,-5,-15.7778,18,18,18.0
185,2019,16,14,2,12.5,5.12,-62,18,-12.75,-65.2,-62,-3,-16.3571,7,18,12.5
186,2019,15,13,2,13.3333,4.8,-62,18,-11.4667,-55.0,-62,-3,-15.1539,7,18,12.5
187,2019,16,13,3,18.75,5.12,-18,18,-6.625,-33.9,-18,-3,-11.1539,7,18,13.0
188,2019,11,9,2,18.1818,3.52,-18,18,-6.7273,-23.7,-18,-7,-11.7778,14,18,16.0
189,2019,7,5,2,28.5714,2.24,-18,15,-5.2857,-11.8,-18,-8,-13.2,14,15,14.5
190,2019,7,5,2,28.5714,2.24,-26,15,-8.2857,-18.5,-26,-8,-17.4,14,15,14.5
191,2019,9,7,2,22.2222,2.88,-26,15,-8.4444,-24.3,-26,-6,-15.0,14,15,14.5
192,2019,9,7,2,22.2222,2.88,-26,15,-7.1111,-20.5,-26,-6,-13.2857,14,15,14.5
193,2019,13,12,1,7.6923,4.16,-26,15,-9.7692,-40.6,-26,-6,-11.8333,15,15,15.0
194,2019,15,14,1,6.6667,4.8,-26,15,-10.7333,-51.5,-26,-6,-12.5714,15,15,15.0
195,2019,16,16,0,0.0,5.12,-25,-6,-10.9375,-56.0,-25,-6,-10.9375,0,0,0.0
196,2019,17,16,1,5.8824,5.44,-25,26,-8.6471,-47.0,-25,-5,-10.8125,26,26,26.0
197,2019,19,18,1,5.2632,6.08,-25,26,-7.8421,-47.6,-25,-3,-9.7222,26,26,26.0
198,2019,20,19,1,5.0,6.4,-45,26,-9.7,-62.0,-45,-3,-11.579,26,26,26.0
199,2019,17,16,1,5.8824,5.44,-45,26,-9.3529,-50.8,-45,-3,-11.5625,26,26,26.0
200,2019,16,15,1,6.25,5.12,-45,26,-9.6875,-49.6,-45,-3,-12.0667,26,26,26.0
201,2019,13,13,0,0.0,4.16,-45,-5,-14.1539,-58.8,-45,-5,-14.1539,0,0,0.0
202,2019,14,13,1,7.1429,4.48,-45,5,-13.6429,-61.1,-45,-5,-15.0769,5,5,5.0
203,2019,18,16,2,11.1111,5.76,-45,7,-13.2222,-76.1,-45,-5,-15.625,5,7,6.0
204,2019,13,12,1,7.6923,4.16,-45,7,-15.5385,-64.6,-45,-9,-17.4167,7,7,7.0
205,2019,11,10,1,9.0909,3.52,-42,7,-16.0909,-56.6,-42,-11,-18.4,7,7,7.0
206,2019,9,8,1,11.1111,2.88,-42,7,-16.2222,-46.7,-42,-11,-19.125,7,7,7.0
207,2019,6,6,0,0.0,1.92,-42,-12,-20.1667,-38.7,-42,-12,-20.1667,0,0,0.0
208,2019,2,2,0,0.0,0.64,-13,-12,-12.5,-8.0,-13,-12,-12.5,0,0,0.0
209,2019,3,3,0,0.0,0.96,-13,-11,-12.3333,-11.8,-13,-11,-12.3333,0,0,0.0
210,2019,5,5,0,0.0,1.6,-20,-11,-13.8,-22.1,-20,-11,-13.8,0,0,0.0
211,2019,7,7,0,0.0,2.24,-21,-11,-15.1429,-33.9,-21,-11,-15.1429,0,0,0.0
212,2019,11,11,0,0.0,3.52,-32,-8,-16.5455,-58.2,-32,-8,-16.5455,0,0,0.0
213,2019,16,16,0,0.0,5.12,-32,-6,-15.4375,-79.0,-32,-6,-15.4375,0,0,0.0
214,2019,20,19,1,5.0,6.4,-38,27,-14.55,-93.1,-38,-6,-16.7368,27,27,27.0
215,2019,23,22,1,4.3478,7.35,-38,27,-14.6957,-108.1,-38,-6,-16.5909,27,27,27.0
216,2019,22,21,1,4.5455,7.03,-38,27,-14.8636,-104.6,-38,-6,-16.8571,27,27,27.0
217,2019,22,21,1,4.5455,7.03,-38,27,-14.5,-102.0,-38,-6,-16.4762,27,27,27.0
218,2019,22,21,1,4.5455,7.03,-38,27,-14.3182,-100.7,-38,-7,-16.2857,27,27,27.0
219,2019,21,20,1,4.7619,6.72,-38,27,-14.0952,-94.7,-38,-7,-16.15,27,27,27.0
220,2019,13,13,0,0.0,4.16,-50,-7,-18.5385,-77.1,-50,-7,-18.5385,0,0,0.0
221,2019,9,8,1,11.1111,2.88,-50,13,-15.6667,-45.1,-50,-7,-19.25,13,13,13.0
222,2019,8,7,1,12.5,2.56,-50,13,-15.875,-40.6,-50,-7,-20.0,13,13,13.0
223,2019,8,7,1,12.5,2.56,-50,13,-22.125,-56.6,-50,-7,-27.1429,13,13,13.0
224,2019,8,7,1,12.5,2.56,-50,13,-24.625,-63.0,-50,-17,-30.0,13,13,13.0
225,2019,9,8,1,11.1111,2.88,-44,13,-19.3333,-55.6,-44,-11,-23.375,13,13,13.0
226,2019,8,7,1,12.5,2.56,-44,13,-18.625,-47.6,-44,-11,-23.1429,13,13,13.0
227,2019,8,7,1,12.5,2.56,-44,13,-18.625,-47.6,-44,-11,-23.1429,13,13,13.0
228,2019,6,5,1,16.6667,1.92,-44,6,-20.5,-39.3,-44,-11,-25.8,6,6,6.0
229,2019,7,6,1,14.2857,2.24,-25,6,-14.1429,-31.7,-25,-7,-17.5,6,6,6.0
230,2019,7,6,1,14.2857,2.24,-25,6,-14.1429,-31.7,-25,-7,-17.5,6,6,6.0
231,2019,5,4,1,20.0,1.6,-25,6,-13.8,-22.1,-25,-7,-18.75,6,6,6.0
232,2019,3,2,1,33.3333,0.96,-25,6,-14.0,-13.4,-25,-23,-24.0,6,6,6.0
233,2019,1,1,0,0.0,0.32,-25,-25,-25.0,-8.0,-25,-25,-25.0,0,0,0.0
234,2019,3,3,0,0.0,0.96,-54,-22,-42.0,-40.3,-54,-22,-42.0,0,0,0.0
235,2019,5,5,0,0.0,1.6,-54,-11,-29.6,-47.3,-54,-11,-29.6,0,0,0.0
236,2019,9,9,0,0.0,2.88,-54,-11,-26.0,-74.8,-54,-11,-26.0,0,0,0.0
237,2019,11,11,0,0.0,3.52,-54,-6,-22.5455,-79.3,-54,-6,-22.5455,0,0,0.0
238,2019,15,14,1,6.6667,4.8,-54,111,-10.0667,-48.3,-54,-4,-18.7143,111,111,111.0
239,2019,16,15,1,6.25,5.12,-34,111,-8.75,-44.8,-34,-4,-16.7333,111,111,111.0
240,2019,19,18,1,5.2632,6.08,-52,111,-13.5263,-82.2,-52,-4,-20.4444,111,111,111.0
241,2019,19,18,1,5.2632,6.08,-52,111,-13.5263,-82.2,-52,-4,-20.4444,111,111,111.0
242,2019,14,13,1,7.1429,4.48,-52,111,-11.5714,-51.8,-52,-4,-21.0,111,111,111.0
243,2019,13,13,0,0.0,4.16,-101,-4,-29.2308,-121.5,-101,-4,-29.2308,0,0,0.0
244,2019,11,11,0,0.0,3.52,-101,-8,-37.0909,-130.5,-101,-8,-37.0909,0,0,0.0
245,2019,11,11,0,0.0,3.52,-101,-8,-37.8182,-133.0,-101,-8,-37.8182,0,0,0.0
246,2019,11,11,0,0.0,3.52,-67,-8,-30.0,-105.5,-67,-8,-30.0,0,0,0.0
247,2019,11,11,0,0.0,3.52,-67,-8,-29.3636,-103.3,-67,-8,-29.3636,0,0,0.0
248,2019,9,9,0,0.0,2.88,-67,-13,-36.4444,-104.9,-67,-13,-36.4444,0,0,0.0
249,2019,9,9,0,0.0,2.88,-67,-13,-33.7778,-97.2,-67,-13,-33.7778,0,0,0.0
250,2019,8,8,0,0.0,2.56,-48,-13,-29.625,-75.8,-48,-13,-29.625,0,0,0.0
251,2019,10,8,2,20.0,3.2,-48,36,-17.1,-54.7,-48,-13,-29.625,30,36,33.0
252,2019,9,6,3,33.3333,2.88,-39,36,-9.0,-25.9,-39,-13,-26.5,12,36,26.0
253,2019,9,4,5,55.5556,2.88,-39,36,-1.5556,-4.5,-39,-18,-27.0,4,36,18.8
254,2019,8,3,5,62.5,2.56,-31,36,0.875,2.2,-31,-27,-29.0,4,36,18.8
255,2019,6,2,4,66.6667,1.92,-29,36,4.3333,8.3,-29,-27,-28.0,4,36,20.5
256,2019,7,3,4,57.1429,2.24,-67,36,-5.8571,-13.1,-67,-27,-41.0,4,36,20.5
257,2019,6,3,3,50.0,1.92,-67,36,-11.8333,-22.7,-67,-27,-41.0,4,36,17.3333
258,2019,8,7,1,12.5,2.56,-131,12,-47.625,-121.8,-131,-6,-56.1429,12,12,12.0
259,2019,10,10,0,0.0,3.2,-131,-6,-44.7,-142.9,-131,-6,-44.7,0,0,0.0
260,2019,12,11,1,8.3333,3.84,-131,6,-34.6667,-133.0,-131,-4,-38.3636,6,6,6.0
261,2019,12,12,0,0.0,3.84,-99,-3,-29.3333,-112.6,-99,-3,-29.3333,0,0,0.0
262,2019,9,9,0,0.0,2.88,-99,-3,-28.6667,-82.5,-99,-3,-28.6667,0,0,0.0
263,2019,8,8,0,0.0,2.56,-58,-3,-21.25,-54.4,-58,-3,-21.25,0,0,0.0
264,2019,12,10,2,16.6667,3.84,-58,36,-12.4167,-47.6,-58,-3,-19.5,10,36,23.0
265,2019,12,10,2,16.6667,3.84,-58,36,-13.0,-49.9,-58,-3,-20.2,10,36,23.0
266,2019,11,9,2,18.1818,3.52,-58,36,-13.0,-45.7,-58,-3,-21.0,10,36,23.0
267,2019,7,6,1,14.2857,2.24,-36,10,-16.0,-35.8,-36,-8,-20.3333,10,10,10.0
268,2019,7,6,1,14.2857,2.24,-36,10,-16.0,-35.8,-36,-8,-20.3333,10,10,10.0
269,2019,6,5,1,16.6667,1.92,-26,10,-13.3333,-25.6,-26,-8,-18.0,10,10,10.0
270,2019,4,4,0,0.0,1.28,-26,-11,-20.5,-26.2,-26,-11,-20.5,0,0,0.0
271,2019,3,3,0,0.0,0.96,-38,-19,-27.6667,-26.5,-38,-19,-27.6667,0,0,0.0
272,2019,4,4,0,0.0,1.28,-63,-17,-34.25,-43.8,-63,-17,-34.25,0,0,0.0
273,2019,6,6,0,0.0,1.92,-63,-11,-39.3333,-75.5,-63,-11,-39.3333,0,0,0.0
274,2019,9,9,0,0.0,2.88,-63,-8,-30.1111,-86.7,-63,-8,-30.1111,0,0,0.0
275,2019,11,11,0,0.0,3.52,-63,-8,-32.0,-112.6,-63,-8,-32.0,0,0,0.0
276,2019,14,13,1,7.1429,4.48,-63,28,-27.0,-120.9,-63,-6,-31.2308,28,28,28.0
277,2019,13,12,1,7.6923,4.16,-63,28,-26.1539,-108.7,-63,-6,-30.6667,28,28,28.0
278,2019,9,9,0,0.0,2.88,-63,-6,-28.1111,-80.9,-63,-6,-28.1111,0,0,0.0
279,2019,6,6,0,0.0,1.92,-62,-6,-27.8333,-53.4,-62,-6,-27.8333,0,0,0.0
280,2019,4,3,1,25.0,1.28,-19,5,-9.75,-12.5,-19,-6,-14.6667,5,5,5.0
281,2019,3,2,1,33.3333,0.96,-19,5,-6.6667,-6.4,-19,-6,-12.5,5,5,5.0
1,2020,12,12,0,0.0,3.84,-64,-7,-26.3333,-101.0,-64,-7,-26.3333,0,0,0.0
2,2020,11,11,0,0.0,3.52,-64,-7,-29.2727,-103.0,-64,-7,-29.2727,0,0,0.0
3,2020,10,10,0,0.0,3.2,-62,-7,-27.6,-88.3,-62,-7,-27.6,0,0,0.0
4,2020,14,14,0,0.0,4.48,-62,-7,-24.5,-109.7,-62,-7,-24.5,0,0,0.0
5,2020,14,14,0,0.0,4.48,-62,-7,-22.1429,-99.1,-62,-7,-22.1429,0,0,0.0
6,2020,14,13,1,7.1429,4.48,-62,31,-17.7143,-79.3,-62,-7,-21.4615,31,31,31.0
7,2020,14,13,1,7.1429,4.48,-47,31,-13.3571,-59.8,-47,-7,-16.7692,31,31,31.0
8,2020,15,14,1,6.6667,4.8,-47,31,-11.9333,-57.2,-47,-3,-15.0,31,31,31.0
9,2020,12,11,1,8.3333,3.84,-47,31,-10.8333,-41.6,-47,-3,-14.6364,31,31,31.0
10,2020,14,11,3,21.4286,4.48,-47,31,-5.7857,-25.9,-47,-2,-12.6364,6,31,19.3333
11,2020,13,10,3,23.0769,4.16,-28,31,-3.8462,-16.0,-28,-2,-10.8,6,31,19.3333
12,2020,12,10,2,16.6667,3.84,-28,21,-6.75,-25.9,-28,-2,-10.8,6,21,13.5
13,2020,10,8,2,20.0,3.2,-28,21,-5.7,-18.2,-28,-2,-10.5,6,21,13.5
14,2020,7,5,2,28.5714,2.24,-28,21,-4.4286,-9.9,-28,-2,-11.6,6,21,13.5
15,2020,7,5,2,28.5714,2.24,-28,29,-3.2857,-7.4,-28,-2,-11.6,6,29,17.5
16,2020,7,5,2,28.5714,2.24,-28,29,-3.2857,-7.4,-28,-2,-11.6,6,29,17.5
17,2020,5,4,1,20.0,1.6,-40,29,-9.4,-15.0,-40,-4,-19.0,29,29,29.0
18,2020,5,4,1,20.0,1.6,-40,29,-4.4,-7.0,-40,-3,-12.75,29,29,29.0
19,2020,6,4,2,33.3333,1.92,-40,29,-2.8333,-5.4,-40,-3,-12.75,5,29,17.0
20,2020,7,6,1,14.2857,2.24,-40,5,-10.5714,-23.7,-40,-3,-13.1667,5,5,5.0
21,2020,13,12,1,7.6923,4.16,-53,5,-20.8462,-86.7,-53,-3,-23.0,5,5,5.0
22,2020,22,21,1,4.5455,7.03,-55,5,-21.2727,-149.7,-55,-3,-22.5238,5,5,5.0
23,2020,20,19,1,5.0,6.4,-55,5,-22.6,-144.5,-55,-4,-24.0526,5,5,5.0
24,2020,19,19,0,0.0,6.08,-55,-5,-24.2632,-147.4,-55,-5,-24.2632,0,0,0.0
25,2020,18,18,0,0.0,5.76,-55,-5,-25.9444,-149.3,-55,-5,-25.9444,0,0,0.0
26,2020,21,21,0,0.0,6.72,-55,-5,-26.0476,-174.9,-55,-5,-26.0476,0,0,0.0
27,2020,17,17,0,0.0,5.44,-55,-2,-21.0,-114.2,-55,-2,-21.0,0,0,0.0
28,2020,13,13,0,0.0,4.16,-116,-2,-26.4615,-110.0,-116,-2,-26.4615,0,0,0.0
29,2020,11,11,0,0.0,3.52,-116,-2,-26.4546,-93.1,-116,-2,-26.4546,0,0,0.0
30,2020,11,11,0,0.0,3.52,-116,-2,-26.4546,-93.1,-116,-2,-26.4546,0,0,0.0
31,2020,11,11,0,0.0,3.52,-116,-2,-26.5455,-93.4,-116,-2,-26.5455,0,0,0.0
32,2020,7,7,0,0.0,2.24,-116,-2,-24.1429,-54.0,-116,-2,-24.1429,0,0,0.0
33,2020,7,7,0,0.0,2.24,-116,-3,-25.1429,-56.3,-116,-3,-25.1429,0,0,0.0
34,2020,5,5,0,0.0,1.6,-116,-3,-31.6,-50.5,-116,-3,-31.6,0,0,0.0
35,2020,2,2,0,0.0,0.64,-7,-3,-5.0,-3.2,-7,-3,-5.0,0,0,0.0
36,2020,2,2,0,0.0,0.64,-7,-3,-5.0,-3.2,-7,-3,-5.0,0,0,0.0
37,2020,5,5,0,0.0,1.6,-30,-3,-11.2,-17.9,-30,-3,-11.2,0,0,0.0
38,2020,13,13,0,0.0,4.16,-35,-4,-15.0769,-62.7,-35,-4,-15.0769,0,0,0.0
39,2020,13,13,0,0.0,4.16,-35,-4,-16.5385,-68.7,-35,-4,-16.5385,0,0,0.0
40,2020,12,11,1,8.3333,3.84,-35,39,-13.3333,-51.2,-35,-6,-18.0909,39,39,39.0
41,2020,16,15,1,6.25,5.12,-35,39,-13.25,-67.8,-35,-3,-16.7333,39,39,39.0
42,2020,18,17,1,5.5556,5.76,-35,39,-13.6667,-78.7,-35,-3,-16.7647,39,39,39.0
43,2020,17,17,0,0.0,5.44,-35,-2,-15.4118,-83.8,-35,-2,-15.4118,0,0,0.0
44,2020,10,10,0,0.0,3.2,-25,-2,-11.4,-36.5,-25,-2,-11.4,0,0,0.0
45,2020,11,11,0,0.0,3.52,-25,-2,-10.8182,-38.1,-25,-2,-10.8182,0,0,0.0
46,2020,9,9,0,0.0,2.88,-25,-3,-12.1111,-34.9,-25,-3,-12.1111,0,0,0.0
47,2020,7,7,0,0.0,2.24,-25,-4,-14.4286,-32.3,-25,-4,-14.4286,0,0,0.0
48,2020,7,7,0,0.0,2.24,-25,-4,-14.4286,-32.3,-25,-4,-14.4286,0,0,0.0
49,2020,5,5,0,0.0,1.6,-22,-5,-14.4,-23.0,-22,-5,-14.4,0,0,0.0
50,2020,4,3,1,25.0,1.28,-25,4,-12.0,-15.3,-25,-5,-17.3333,4,4,4.0
51,2020,7,6,1,14.2857,2.24,-25,4,-12.4286,-27.8,-25,-3,-15.1667,4,4,4.0
52,2020,8,7,1,12.5,2.56,-25,4,-12.125,-31.0,-25,-3,-14.4286,4,4,4.0
53,2020,7,6,1,14.2857,2.24,-25,4,-10.7143,-24.0,-25,-3,-13.1667,4,4,4.0
54,2020,8,8,0,0.0,2.56,-38,-3,-15.125,-38.7,-38,-3,-15.125,0,0,0.0
55,2020,9,9,0,0.0,2.88,-38,-3,-14.0,-40.3,-38,-3,-14.0,0,0,0.0
56,2020,5,5,0,0.0,1.6,-38,-4,-13.4,-21.4,-38,-4,-13.4,0,0,0.0
57,2020,4,4,0,0.0,1.28,-10,-4,-5.75,-7.4,-10,-4,-5.75,0,0,0.0
58,2020,4,4,0,0.0,1.28,-10,-4,-5.75,-7.4,-10,-4,-5.75,0,0,0.0
59,2020,3,3,0,0.0,0.96,-10,-4,-6.3333,-6.1,-10,-4,-6.3333,0,0,0.0
60,2020,3,3,0,0.0,0.96,-10,-4,-6.3333,-6.1,-10,-4,-6.3333,0,0,0.0
61,2020,1,1,0,0.0,0.32,-4,-4,-4.0,-1.3,-4,-4,-4.0,0,0,0.0
62,2020,1,1,0,0.0,0.32,-4,-4,-4.0,-1.3,-4,-4,-4.0,0,0,0.0
63,2020,3,2,1,33.3333,0.96,-12,4,-3.6667,-3.5,-12,-3,-7.5,4,4,4.0
64,2020,7,5,2,28.5714,2.24,-20,13,-3.8571,-8.6,-20,-3,-8.8,4,13,8.5
65,2020,8,6,2,25.0,2.56,-20,13,-5.625,-14.4,-20,-3,-10.3333,4,13,8.5
66,2020,8,6,2,25.0,2.56,-20,13,-5.625,-14.4,-20,-3,-10.3333,4,13,8.5
67,2020,8,7,1,12.5,2.56,-20,13,-6.5,-16.6,-20,-3,-9.2857,13,13,13.0
68,2020,9,8,1,11.1111,2.88,-19,13,-5.3333,-15.3,-19,-3,-7.625,13,13,13.0
69,2020,11,10,1,9.0909,3.52,-22,13,-8.2727,-29.1,-22,-3,-10.4,13,13,13.0
70,2020,7,7,0,0.0,2.24,-22,-3,-11.8571,-26.5,-22,-3,-11.8571,0,0,0.0
71,2020,7,7,0,0.0,2.24,-22,-3,-11.8571,-26.5,-22,-3,-11.8571,0,0,0.0
72,2020,5,5,0,0.0,1.6,-22,-3,-9.6,-15.3,-22,-3,-9.6,0,0,0.0
73,2020,2,1,1,50.0,0.64,-8,4,-2.0,-1.3,-8,-8,-8.0,4,4,4.0
74,2020,2,1,1,50.0,0.64,-8,4,-2.0,-1.3,-8,-8,-8.0,4,4,4.0
75,2020,1,0,1,100.0,0.32,4,4,4.0,1.3,0,0,0.0,4,4,4.0
76,2020,2,1,1,50.0,0.64,-16,4,-6.0,-3.8,-16,-16,-16.0,4,4,4.0
77,2020,2,1,1,50.0,0.64,-16,4,-6.0,-3.8,-16,-16,-16.0,4,4,4.0
78,2020,5,4,1,20.0,1.6,-26,4,-12.0,-19.2,-26,-2,-16.0,4,4,4.0
79,2020,4,4,0,0.0,1.28,-20,-2,-13.75,-17.6,-20,-2,-13.75,0,0,0.0
80,2020,4,4,0,0.0,1.28,-17,-2,-10.75,-13.7,-17,-2,-10.75,0,0,0.0
81,2020,5,4,1,20.0,1.6,-17,3,-8.0,-12.8,-17,-2,-10.75,3,3,3.0
82,2020,6,4,2,33.3333,1.92,-17,16,-2.1667,-4.2,-17,-2,-8.0,3,16,9.5
83,2020,6,4,2,33.3333,1.92,-17,16,-2.3333,-4.5,-17,-2,-8.25,3,16,9.5
84,2020,7,4,3,42.8571,2.24,-22,16,-4.2857,-9.6,-22,-6,-13.25,3,16,7.6667
85,2020,8,5,3,37.5,2.56,-26,16,-7.0,-17.9,-26,-6,-15.8,3,16,7.6667
86,2020,7,4,3,42.8571,2.24,-26,16,-5.5714,-12.5,-26,-6,-15.5,3,16,7.6667
87,2020,10,7,3,30.0,3.2,-26,16,-6.8,-21.7,-26,-3,-13.0,3,16,7.6667
88,2020,6,4,2,33.3333,1.92,-22,4,-6.0,-11.5,-22,-3,-10.75,3,4,3.5
89,2020,5,4,1,20.0,1.6,-15,3,-4.4,-7.0,-15,-3,-6.25,3,3,3.0
90,2020,5,4,1,20.0,1.6,-15,3,-4.4,-7.0,-15,-3,-6.25,3,3,3.0
91,2020,6,5,1,16.6667,1.92,-21,3,-7.1667,-13.7,-21,-3,-9.2,3,3,3.0
92,2020,5,5,0,0.0,1.6,-21,-3,-9.2,-14.7,-21,-3,-9.2,0,0,0.0
93,2020,4,3,1,25.0,1.28,-21,7,-5.75,-7.4,-21,-4,-10.0,7,7,7.0
94,2020,2,1,1,50.0,0.64,-21,7,-7.0,-4.5,-21,-21,-21.0,7,7,7.0
95,2020,2,1,1,50.0,0.64,-21,7,-7.0,-4.5,-21,-21,-21.0,7,7,7.0
96,2020,3,2,1,33.3333,0.96,-21,7,-11.0,-10.6,-21,-19,-20.0,7,7,7.0
97,2020,1,1,0,0.0,0.32,-19,-19,-19.0,-6.1,-19,-19,-19.0,0,0,0.0
98,2020,1,1,0,0.0,0.32,-16,-16,-16.0,-5.1,-16,-16,-16.0,0,0,0.0
99,2020,1,1,0,0.0,0.32,-16,-16,-16.0,-5.1,-16,-16,-16.0,0,0,0.0
100,2020,3,3,0,0.0,0.96,-38,-16,-24.6667,-23.7,-38,-16,-24.6667,0,0,0.0
101,2020,3,3,0,0.0,0.96,-38,-16,-24.6667,-23.7,-38,-16,-24.6667,0,0,0.0
102,2020,3,3,0,0.0,0.96,-50,-20,-36.0,-34.5,-50,-20,-36.0,0,0,0.0
103,2020,2,2,0,0.0,0.64,-50,-20,-35.0,-22.4,-50,-20,-35.0,0,0,0.0
104,2020,3,3,0,0.0,0.96,-50,-4,-24.6667,-23.7,-50,-4,-24.6667,0,0,0.0
105,2020,3,3,0,0.0,0.96,-50,-4,-24.6667,-23.7,-50,-4,-24.6667,0,0,0.0
106,2020,2,2,0,0.0,0.64,-20,-4,-12.0,-7.7,-20,-4,-12.0,0,0,0.0
107,2020,1,1,0,0.0,0.32,-4,-4,-4.0,-1.3,-4,-4,-4.0,0,0,0.0
108,2020,1,1,0,0.0,0.32,-4,-4,-4.0,-1.3,-4,-4,-4.0,0,0,0.0
109,2020,1,1,0,0.0,0.32,-4,-4,-4.0,-1.3,-4,-4,-4.0,0,0,0.0
110,2020,1,1,0,0.0,0.32,-4,-4,-4.0,-1.3,-4,-4,-4.0,0,0,0.0
111,2020,0,0,0,0.0,0.0,0,0,0.0,0.0,0,0,0.0,0,0,0.0
112,2020,1,1,0,0.0,0.32,-4,-4,-4.0,-1.3,-4,-4,-4.0,0,0,0.0
113,2020,2,1,1,50.0,0.64,-4,5,0.5,0.3,-4,-4,-4.0,5,5,5.0
114,2020,3,2,1,33.3333,0.96,-23,5,-7.3333,-7.0,-23,-4,-13.5,5,5,5.0
115,2020,4,3,1,25.0,1.28,-23,5,-8.75,-11.2,-23,-4,-13.3333,5,5,5.0
116,2020,3,2,1,33.3333,0.96,-23,5,-10.3333,-9.9,-23,-13,-18.0,5,5,5.0
117,2020,3,1,2,66.6667,0.96,-13,35,9.0,8.6,-13,-13,-13.0,5,35,20.0
118,2020,3,1,2,66.6667,0.96,-13,35,9.0,8.6,-13,-13,-13.0,5,35,20.0
119,2020,2,1,1,50.0,0.64,-13,35,11.0,7.0,-13,-13,-13.0,35,35,35.0
120,2020,2,1,1,50.0,0.64,-13,35,11.0,7.0,-13,-13,-13.0,35,35,35.0
121,2020,1,0,1,100.0,0.32,35,35,35.0,11.2,0,0,0.0,35,35,35.0
122,2020,0,0,0,0.0,0.0,0,0,0.0,0.0,0,0,0.0,0,0,0.0
123,2020,0,0,0,0.0,0.0,0,0,0.0,0.0,0,0,0.0,0,0,0.0
124,2020,1,1,0,0.0,0.32,-41,-41,-41.0,-13.1,-41,-41,-41.0,0,0,0.0
125,2020,2,2,0,0.0,0.64,-41,-3,-22.0,-14.1,-41,-3,-22.0,0,0,0.0
126,2020,2,2,0,0.0,0.64,-41,-3,-22.0,-14.1,-41,-3,-22.0,0,0,0.0
127,2020,2,2,0,0.0,0.64,-41,-3,-22.0,-14.1,-41,-3,-22.0,0,0,0.0
128,2020,7,6,1,14.2857,2.24,-41,97,1.1429,2.6,-41,-3,-14.8333,97,97,97.0
129,2020,7,5,2,28.5714,2.24,-78,97,1.1429,2.6,-78,-4,-24.6,34,97,65.5
130,2020,9,7,2,22.2222,2.88,-78,97,-10.0,-28.8,-78,-4,-31.5714,34,97,65.5
131,2020,15,13,2,13.3333,4.8,-78,97,-11.2,-53.7,-78,-4,-23.0,34,97,65.5
132,2020,17,14,3,17.6471,5.44,-78,97,-7.2353,-39.3,-78,-4,-21.9286,34,97,61.3333
133,2020,19,17,2,10.5263,6.08,-92,53,-19.8947,-120.9,-92,-4,-27.3529,34,53,43.5
134,2020,12,11,1,8.3333,3.84,-92,53,-25.8333,-99.1,-92,-4,-33.0,53,53,53.0
135,2020,15,15,0,0.0,4.8,-92,-4,-29.2,-140.1,-92,-4,-29.2,0,0,0.0
136,2020,12,12,0,0.0,3.84,-92,-4,-23.25,-89.2,-92,-4,-23.25,0,0,0.0
137,2020,16,15,1,6.25,5.12,-92,11,-22.0,-112.6,-92,-5,-24.2,11,11,11.0
138,2020,18,17,1,5.5556,5.76,-45,11,-16.8889,-97.2,-45,-5,-18.5294,11,11,11.0
139,2020,22,21,1,4.5455,7.03,-50,11,-17.9091,-126.0,-50,-4,-19.2857,11,11,11.0
140,2020,20,19,1,5.0,6.4,-50,11,-16.45,-105.2,-50,-4,-17.8947,11,11,11.0
141,2020,26,25,1,3.8462,8.31,-50,11,-14.8462,-123.4,-50,-4,-15.88,11,11,11.0
142,2020,25,24,1,4.0,7.99,-50,11,-15.04,-120.2,-50,-4,-16.125,11,11,11.0
143,2020,17,17,0,0.0,5.44,-50,-4,-16.6471,-90.5,-50,-4,-16.6471,0,0,0.0
144,2020,17,17,0,0.0,5.44,-50,-4,-17.3529,-94.3,-50,-4,-17.3529,0,0,0.0
145,2020,17,17,0,0.0,5.44,-43,-8,-17.2353,-93.7,-43,-8,-17.2353,0,0,0.0
146,2020,17,17,0,0.0,5.44,-35,-3,-13.4706,-73.2,-35,-3,-13.4706,0,0,0.0
147,2020,18,18,0,0.0,5.76,-35,-3,-13.1667,-75.8,-35,-3,-13.1667,0,0,0.0
148,2020,19,17,2,10.5263,6.08,-40,41,-10.4211,-63.3,-40,-3,-15.2941,21,41,31.0
149,2020,21,19,2,9.5238,6.72,-40,41,-9.1905,-61.7,-40,-3,-13.4211,21,41,31.0
150,2020,25,23,2,8.0,7.99,-40,41,-11.28,-90.2,-40,-5,-14.9565,21,41,31.0
151,2020,23,21,2,8.6957,7.35,-40,41,-10.6522,-78.3,-40,-5,-14.6191,21,41,31.0
152,2020,25,22,3,12.0,7.99,-40,41,-9.0,-71.9,-40,-5,-14.2273,21,41,29.3333
153,2020,23,21,2,8.6957,7.35,-40,41,-10.913,-80.3,-40,-5,-14.9048,21,41,31.0
154,2020,25,24,1,4.0,7.99,-91,43,-15.44,-123.4,-91,-5,-17.875,43,43,43.0
155,2020,24,22,2,8.3333,7.67,-91,43,-14.0417,-107.8,-91,-6,-17.9091,14,43,28.5
156,2020,27,25,2,7.4074,8.63,-91,43,-14.1482,-122.2,-91,-4,-17.56,14,43,28.5
157,2020,29,27,2,6.8966,9.27,-91,43,-15.1379,-140.4,-91,-4,-18.3704,14,43,28.5
158,2020,27,24,3,11.1111,8.63,-91,43,-14.1852,-122.5,-91,-4,-19.75,14,43,30.3333
159,2020,24,22,2,8.3333,7.67,-91,34,-17.0,-130.5,-91,-4,-20.7273,14,34,24.0
160,2020,24,22,2,8.3333,7.67,-91,34,-15.625,-119.9,-91,-4,-19.2273,14,34,24.0
161,2020,20,18,2,10.0,6.4,-40,34,-10.55,-67.5,-40,-4,-14.3889,14,34,24.0
162,2020,20,19,1,5.0,6.4,-40,34,-11.3,-72.3,-40,-3,-13.6842,34,34,34.0
163,2020,24,23,1,4.1667,7.67,-40,34,-12.9167,-99.1,-40,-4,-14.9565,34,34,34.0
164,2020,29,28,1,3.4483,9.27,-35,34,-12.069,-111.9,-35,-4,-13.7143,34,34,34.0
165,2020,29,29,0,0.0,9.27,-35,-4,-14.2414,-132.1,-35,-4,-14.2414,0,0,0.0
166,2020,28,28,0,0.0,8.95,-35,-4,-14.5357,-130.1,-35,-4,-14.5357,0,0,0.0
167,2020,24,24,0,0.0,7.67,-35,-4,-13.75,-105.5,-35,-4,-13.75,0,0,0.0
168,2020,19,19,0,0.0,6.08,-35,-6,-15.1053,-91.8,-35,-6,-15.1053,0,0,0.0
169,2020,17,17,0,0.0,5.44,-35,-6,-14.5294,-79.0,-35,-6,-14.5294,0,0,0.0
170,2020,8,8,0,0.0,2.56,-32,-7,-14.125,-36.1,-32,-7,-14.125,0,0,0.0
171,2020,8,8,0,0.0,2.56,-17,-7,-11.75,-30.1,-17,-7,-11.75,0,0,0.0
172,2020,10,10,0,0.0,3.2,-18,-4,-10.5,-33.6,-18,-4,-10.5,0,0,0.0
173,2020,10,10,0,0.0,3.2,-17,-4,-9.8,-31.3,-17,-4,-9.8,0,0,0.0
174,2020,9,9,0,0.0,2.88,-17,-5,-10.4444,-30.1,-17,-5,-10.4444,0,0,0.0
175,2020,10,10,0,0.0,3.2,-17,-5,-10.7,-34.2,-17,-5,-10.7,0,0,0.0
176,2020,13,13,0,0.0,4.16,-83,-5,-22.3077,-92.7,-83,-5,-22.3077,0,0,0.0
177,2020,16,16,0,0.0,5.12,-83,-5,-24.6875,-126.3,-83,-5,-24.6875,0,0,0.0
178,2020,17,17,0,0.0,5.44,-83,-5,-25.3529,-137.8,-83,-5,-25.3529,0,0,0.0
179,2020,15,15,0,0.0,4.8,-83,-9,-27.6,-132.4,-83,-9,-27.6,0,0,0.0
180,2020,14,14,0,0.0,4.48,-83,-5,-28.3571,-126.9,-83,-5,-28.3571,0,0,0.0
181,2020,14,14,0,0.0,4.48,-51,-5,-24.0714,-107.8,-51,-5,-24.0714,0,0,0.0
182,2020,11,11,0,0.0,3.52,-51,-5,-24.3636,-85.7,-51,-5,-24.3636,0,0,0.0
183,2020,7,7,0,0.0,2.24,-51,-5,-21.1429,-47.3,-51,-5,-21.1429,0,0,0.0
184,2020,5,5,0,0.0,1.6,-31,-12,-19.2,-30.7,-31,-12,-19.2,0,0,0.0
185,2020,6,6,0,0.0,1.92,-31,-4,-16.0,-30.7,-31,-4,-16.0,0,0,0.0
186,2020,10,9,1,10.0,3.2,-62,3,-18.6,-59.5,-62,-4,-21.0,3,3,3.0
187,2020,13,12,1,7.6923,4.16,-62,3,-16.1539,-67.2,-62,-4,-17.75,3,3,3.0
188,2020,13,12,1,7.6923,4.16,-62,3,-16.0,-66.5,-62,-4,-17.5833,3,3,3.0
189,2020,15,12,3,20.0,4.8,-62,33,-11.3333,-54.4,-62,-4,-17.5,3,33,13.3333
190,2020,16,13,3,18.75,5.12,-28,33,-9.0625,-46.4,-28,-4,-14.2308,3,33,13.3333
191,2020,14,13,1,7.1429,4.48,-28,33,-12.0714,-54.0,-28,-5,-15.5385,33,33,33.0
192,2020,18,16,2,11.1111,5.76,-28,33,-10.4444,-60.1,-28,-4,-14.9375,18,33,25.5
193,2020,20,17,3,15.0,6.4,-32,33,-9.8,-62.7,-32,-4,-15.4118,15,33,22.0
194,2020,28,25,3,10.7143,8.95,-32,33,-9.8929,-88.6,-32,-4,-13.72,15,33,22.0
195,2020,31,29,2,6.4516,9.91,-32,18,-11.871,-117.7,-32,-4,-13.8276,15,18,16.5
196,2020,29,27,2,6.8966,9.27,-32,18,-11.5172,-106.8,-32,-4,-13.5926,15,18,16.5
197,2020,28,25,3,10.7143,8.95,-32,21,-11.0714,-99.1,-32,-4,-14.56,15,21,18.0
198,2020,24,21,3,12.5,7.67,-33,21,-11.4583,-87.9,-33,-4,-15.6667,15,21,18.0
199,2020,24,21,3,12.5,7.67,-33,21,-10.9583,-84.1,-33,-4,-14.5714,7,21,14.3333
200,2020,21,19,2,9.5238,6.72,-53,21,-13.9048,-93.4,-53,-4,-16.8421,7,21,14.0
201,2020,26,24,2,7.6923,8.31,-53,21,-14.6923,-122.2,-53,-4,-17.0833,7,21,14.0
202,2020,31,29,2,6.4516,9.91,-33,21,-12.9355,-128.2,-33,-4,-14.7931,7,21,14.0
203,2020,32,31,1,3.125,10.23,-48,7,-14.875,-152.2,-48,-4,-15.5807,7,7,7.0
204,2020,36,35,1,2.7778,11.51,-48,7,-14.8611,-171.1,-48,-4,-15.4857,7,7,7.0
205,2020,33,33,0,0.0,10.55,-48,-5,-15.1212,-159.6,-48,-5,-15.1212,0,0,0.0
206,2020,31,31,0,0.0,9.91,-48,-5,-15.4194,-152.8,-48,-5,-15.4194,0,0,0.0
207,2020,29,29,0,0.0,9.27,-48,-5,-15.4483,-143.3,-48,-5,-15.4483,0,0,0.0
208,2020,28,28,0,0.0,8.95,-88,-5,-18.5357,-166.0,-88,-5,-18.5357,0,0,0.0
209,2020,23,23,0,0.0,7.35,-88,-5,-17.6522,-129.8,-88,-5,-17.6522,0,0,0.0
210,2020,21,21,0,0.0,6.72,-88,-5,-18.0952,-121.5,-88,-5,-18.0952,0,0,0.0
211,2020,18,18,0,0.0,5.76,-88,-6,-20.5,-118.0,-88,-6,-20.5,0,0,0.0
212,2020,20,20,0,0.0,6.4,-88,-5,-18.7,-119.6,-88,-5,-18.7,0,0,0.0
213,2020,18,18,0,0.0,5.76,-88,-5,-18.2778,-105.2,-88,-5,-18.2778,0,0,0.0
214,2020,13,13,0,0.0,4.16,-38,-5,-13.4615,-56.0,-38,-5,-13.4615,0,0,0.0
215,2020,12,12,0,0.0,3.84,-38,-5,-14.0,-53.7,-38,-5,-14.0,0,0,0.0
216,2020,13,13,0,0.0,4.16,-38,-5,-13.7692,-57.2,-38,-5,-13.7692,0,0,0.0
217,2020,12,12,0,0.0,3.84,-38,-4,-14.0,-53.7,-38,-4,-14.0,0,0,0.0
218,2020,8,8,0,0.0,2.56,-22,-4,-12.25,-31.3,-22,-4,-12.25,0,0,0.0
219,2020,10,10,0,0.0,3.2,-22,-4,-11.8,-37.7,-22,-4,-11.8,0,0,0.0
220,2020,9,9,0,0.0,2.88,-24,-4,-13.1111,-37.7,-24,-4,-13.1111,0,0,0.0
221,2020,5,5,0,0.0,1.6,-24,-4,-12.2,-19.5,-24,-4,-12.2,0,0,0.0
222,2020,6,6,0,0.0,1.92,-24,-4,-11.8333,-22.7,-24,-4,-11.8333,0,0,0.0
223,2020,6,6,0,0.0,1.92,-24,-4,-11.8333,-22.7,-24,-4,-11.8333,0,0,0.0
224,2020,4,3,1,25.0,1.28,-13,10,-5.5,-7.0,-13,-9,-10.6667,10,10,10.0
225,2020,3,2,1,33.3333,0.96,-10,10,-1.3333,-1.3,-10,-4,-7.0,10,10,10.0
226,2020,3,2,1,33.3333,0.96,-10,10,-1.3333,-1.3,-10,-4,-7.0,10,10,10.0
227,2020,4,3,1,25.0,1.28,-19,10,-5.75,-7.4,-19,-4,-11.0,10,10,10.0
228,2020,3,2,1,33.3333,0.96,-19,10,-4.3333,-4.2,-19,-4,-11.5,10,10,10.0
229,2020,3,3,0,0.0,0.96,-19,-4,-13.0,-12.5,-19,-4,-13.0,0,0,0.0
230,2020,4,4,0,0.0,1.28,-45,-4,-21.0,-26.9,-45,-4,-21.0,0,0,0.0
231,2020,5,5,0,0.0,1.6,-45,-4,-21.8,-34.9,-45,-4,-21.8,0,0,0.0
232,2020,3,3,0,0.0,0.96,-45,-16,-28.6667,-27.5,-45,-16,-28.6667,0,0,0.0
233,2020,5,5,0,0.0,1.6,-25,-2,-12.6,-20.1,-25,-2,-12.6,0,0,0.0
234,2020,5,5,0,0.0,1.6,-25,-2,-12.6,-20.1,-25,-2,-12.6,0,0,0.0
235,2020,5,5,0,0.0,1.6,-25,-2,-10.2,-16.3,-25,-2,-10.2,0,0,0.0
236,2020,6,6,0,0.0,1.92,-25,-2,-9.5,-18.2,-25,-2,-9.5,0,0,0.0
237,2020,7,7,0,0.0,2.24,-42,-2,-13.8571,-31.0,-42,-2,-13.8571,0,0,0.0
238,2020,7,7,0,0.0,2.24,-42,-2,-13.8571,-31.0,-42,-2,-13.8571,0,0,0.0
239,2020,6,6,0,0.0,1.92,-42,-4,-14.0,-26.9,-42,-4,-14.0,0,0,0.0
240,2020,6,5,1,16.6667,1.92,-42,7,-16.3333,-31.3,-42,-8,-21.0,7,7,7.0
241,2020,7,6,1,14.2857,2.24,-42,7,-14.5714,-32.6,-42,-4,-18.1667,7,7,7.0
242,2020,4,3,1,25.0,1.28,-12,7,-5.25,-6.7,-12,-4,-9.3333,7,7,7.0
243,2020,5,4,1,20.0,1.6,-12,7,-6.6,-10.6,-12,-4,-10.0,7,7,7.0
244,2020,5,5,0,0.0,1.6,-32,-4,-13.2,-21.1,-32,-4,-13.2,0,0,0.0
245,2020,5,5,0,0.0,1.6,-108,-4,-32.4,-51.8,-108,-4,-32.4,0,0,0.0
246,2020,5,5,0,0.0,1.6,-108,-4,-32.4,-51.8,-108,-4,-32.4,0,0,0.0
247,2020,4,4,0,0.0,1.28,-108,-6,-39.5,-50.5,-108,-6,-39.5,0,0,0.0
248,2020,4,4,0,0.0,1.28,-108,-6,-39.5,-50.5,-108,-6,-39.5,0,0,0.0
249,2020,3,3,0,0.0,0.96,-108,-12,-50.6667,-48.6,-108,-12,-50.6667,0,0,0.0
250,2020,2,2,0,0.0,0.64,-32,-8,-20.0,-12.8,-32,-8,-20.0,0,0,0.0
251,2020,1,1,0,0.0,0.32,-8,-8,-8.0,-2.6,-8,-8,-8.0,0,0,0.0
252,2020,1,1,0,0.0,0.32,-8,-8,-8.0,-2.6,-8,-8,-8.0,0,0,0.0
253,2020,1,1,0,0.0,0.32,-8,-8,-8.0,-2.6,-8,-8,-8.0,0,0,0.0
254,2020,2,2,0,0.0,0.64,-9,-8,-8.5,-5.4,-9,-8,-8.5,0,0,0.0
255,2020,2,2,0,0.0,0.64,-29,-9,-19.0,-12.2,-29,-9,-19.0,0,0,0.0
256,2020,3,3,0,0.0,0.96,-29,-11,-23.0,-22.1,-29,-11,-23.0,0,0,0.0
257,2020,3,3,0,0.0,0.96,-29,-11,-20.0,-19.2,-29,-11,-20.0,0,0,0.0
258,2020,4,4,0,0.0,1.28,-29,-7,-16.75,-21.4,-29,-7,-16.75,0,0,0.0
259,2020,1,1,0,0.0,0.32,-7,-7,-7.0,-2.2,-7,-7,-7.0,0,0,0.0
260,2020,2,2,0,0.0,0.64,-11,-7,-9.0,-5.8,-11,-7,-9.0,0,0,0.0
261,2020,2,2,0,0.0,0.64,-11,-7,-9.0,-5.8,-11,-7,-9.0,0,0,0.0
262,2020,3,3,0,0.0,0.96,-21,-11,-16.3333,-15.7,-21,-11,-16.3333,0,0,0.0
263,2020,3,3,0,0.0,0.96,-21,-11,-16.3333,-15.7,-21,-11,-16.3333,0,0,0.0
264,2020,3,3,0,0.0,0.96,-21,-11,-16.3333,-15.7,-21,-11,-16.3333,0,0,0.0
265,2020,3,3,0,0.0,0.96,-21,-11,-16.3333,-15.7,-21,-11,-16.3333,0,0,0.0
266,2020,3,3,0,0.0,0.96,-17,-5,-11.3333,-10.9,-17,-5,-11.3333,0,0,0.0
267,2020,2,2,0,0.0,0.64,-12,-5,-8.5,-5.4,-12,-5,-8.5,0,0,0.0
268,2020,3,3,0,0.0,0.96,-37,-5,-18.0,-17.3,-37,-5,-18.0,0,0,0.0
269,2020,5,4,1,20.0,1.6,-37,41,-6.2,-9.9,-37,-5,-18.0,41,41,41.0
270,2020,6,5,1,16.6667,1.92,-37,41,-7.1667,-13.7,-37,-5,-16.8,41,41,41.0
271,2020,7,6,1,14.2857,2.24,-37,41,-7.1429,-16.0,-37,-5,-15.1667,41,41,41.0
272,2020,7,6,1,14.2857,2.24,-18,41,-4.5714,-10.2,-18,-8,-12.1667,41,41,41.0
273,2020,6,6,0,0.0,1.92,-18,-8,-12.1667,-23.3,-18,-8,-12.1667,0,0,0.0
274,2020,6,6,0,0.0,1.92,-18,-8,-12.1667,-23.3,-18,-8,-12.1667,0,0,0.0
275,2020,7,6,1,14.2857,2.24,-18,5,-10.8571,-24.3,-18,-8,-13.5,5,5,5.0
276,2020,6,5,1,16.6667,1.92,-17,5,-9.6667,-18.5,-17,-8,-12.6,5,5,5.0
277,2020,6,5,1,16.6667,1.92,-17,5,-9.6667,-18.5,-17,-8,-12.6,5,5,5.0
278,2020,5,3,2,40.0,1.6,-17,58,5.4,8.6,-17,-8,-12.0,5,58,31.5
279,2020,4,2,2,50.0,1.28,-16,58,9.5,12.2,-16,-9,-12.5,5,58,31.5
280,2020,5,3,2,40.0,1.6,-31,58,1.4,2.2,-31,-9,-18.6667,5,58,31.5
281,2020,6,4,2,33.3333,1.92,-31,58,-2.1667,-4.2,-31,-9,-19.0,5,58,31.5
1,2021,38,37,1,2.6316,12.15,-100,5,-24.8158,-301.5,-100,-2,-25.6216,5,5,5.0
2,2021,37,36,1,2.7027,11.83,-87,5,-23.1351,-273.7,-87,-5,-23.9167,5,5,5.0
3,2021,36,35,1,2.7778,11.51,-87,5,-24.6111,-283.3,-87,-5,-25.4571,5,5,5.0
4,2021,29,28,1,3.4483,9.27,-65,5,-21.6552,-200.8,-65,-5,-22.6071,5,5,5.0
5,2021,32,30,2,6.25,10.23,-65,55,-18.9063,-193.5,-65,-3,-22.1667,5,55,30.0
6,2021,25,23,2,8.0,7.99,-63,55,-14.68,-117.4,-63,-3,-18.5652,5,55,30.0
7,2021,21,20,1,4.7619,6.72,-63,55,-15.1905,-102.0,-63,-3,-18.7,55,55,55.0
8,2021,23,21,2,8.6957,7.35,-70,93,-11.3044,-83.1,-70,-3,-19.4286,55,93,74.0
9,2021,24,23,1,4.1667,7.67,-70,93,-13.0,-99.8,-70,-3,-17.6087,93,93,93.0
10,2021,22,22,0,0.0,7.03,-70,-3,-20.2727,-142.6,-70,-3,-20.2727,0,0,0.0
11,2021,26,24,2,7.6923,8.31,-70,40,-16.2308,-134.9,-70,-3,-20.625,33,40,36.5
12,2021,30,27,3,10.0,9.59,-76,60,-15.9,-152.5,-76,-3,-22.5926,33,60,44.3333
13,2021,30,27,3,10.0,9.59,-76,60,-16.7,-160.2,-76,-4,-23.4815,33,60,44.3333
14,2021,28,25,3,10.7143,8.95,-88,70,-14.7857,-132.4,-88,-4,-23.08,33,70,54.3333
15,2021,37,32,5,13.5135,11.83,-88,70,-12.8378,-151.9,-88,-4,-21.9063,9,70,45.2
16,2021,34,31,3,8.8235,10.87,-88,70,-17.2941,-188.0,-88,-4,-23.4516,9,70,46.3333
17,2021,40,38,2,5.0,12.79,-88,70,-17.95,-229.6,-88,-4,-20.9737,9,70,39.5
18,2021,39,37,2,5.1282,12.47,-88,32,-17.5641,-219.0,-88,-5,-19.6216,9,32,20.5
19,2021,34,32,2,5.8824,10.87,-88,32,-17.8529,-194.1,-88,-5,-20.25,9,32,20.5
20,2021,35,33,2,5.7143,11.19,-88,32,-18.2,-203.7,-88,-5,-20.5455,9,32,20.5
21,2021,33,31,2,6.0606,10.55,-45,32,-15.2121,-160.5,-45,-2,-17.5161,9,32,20.5
22,2021,33,32,1,3.0303,10.55,-45,32,-15.697,-165.6,-45,-2,-17.1875,32,32,32.0
23,2021,31,29,2,6.4516,9.91,-31,32,-15.5484,-154.1,-31,-1,-18.069,10,32,21.0
24,2021,28,26,2,7.1429,8.95,-37,32,-16.2857,-145.8,-37,-1,-19.1539,10,32,21.0
25,2021,27,26,1,3.7037,8.63,-37,10,-17.3704,-150.0,-37,-1,-18.4231,10,10,10.0
26,2021,27,26,1,3.7037,8.63,-37,10,-17.4074,-150.3,-37,-1,-18.4615,10,10,10.0
27,2021,21,19,2,9.5238,6.72,-37,17,-14.7619,-99.1,-37,-1,-17.7368,10,17,13.5
28,2021,15,13,2,13.3333,4.8,-29,17,-13.8,-66.2,-29,-1,-18.0,10,17,13.5
29,2021,10,9,1,10.0,3.2,-42,17,-16.8,-53.7,-42,-3,-20.5556,17,17,17.0
30,2021,9,8,1,11.1111,2.88,-42,17,-17.4444,-50.2,-42,-3,-21.75,17,17,17.0
31,2021,13,12,1,7.6923,4.16,-42,17,-18.6154,-77.4,-42,-3,-21.5833,17,17,17.0
32,2021,10,9,1,10.0,3.2,-42,17,-17.7,-56.6,-42,-3,-21.5556,17,17,17.0
33,2021,8,8,0,0.0,2.56,-42,-3,-21.375,-54.7,-42,-3,-21.375,0,0,0.0
34,2021,9,9,0,0.0,2.88,-26,-3,-16.5556,-47.6,-26,-3,-16.5556,0,0,0.0
35,2021,12,12,0,0.0,3.84,-26,-3,-16.25,-62.4,-26,-3,-16.25,0,0,0.0
36,2021,12,12,0,0.0,3.84,-26,-3,-16.25,-62.4,-26,-3,-16.25,0,0,0.0
37,2021,13,12,1,7.6923,4.16,-26,4,-14.6154,-60.8,-26,-2,-16.1667,4,4,4.0
38,2021,11,10,1,9.0909,3.52,-26,4,-12.3636,-43.5,-26,-2,-14.0,4,4,4.0
39,2021,13,12,1,7.6923,4.16,-47,4,-12.3077,-51.2,-47,-2,-13.6667,4,4,4.0
40,2021,13,12,1,7.6923,4.16,-47,4,-11.6154,-48.3,-47,-2,-12.9167,4,4,4.0
41,2021,14,12,2,14.2857,4.48,-47,10,-11.3571,-50.8,-47,-3,-14.4167,4,10,7.0
42,2021,17,16,1,5.8824,5.44,-47,4,-13.1765,-71.6,-47,-3,-14.25,4,4,4.0
43,2021,20,19,1,5.0,6.4,-47,24,-12.55,-80.3,-47,-3,-14.4737,24,24,24.0
44,2021,17,16,1,5.8824,5.44,-59,24,-15.7059,-85.4,-59,-3,-18.1875,24,24,24.0
45,2021,14,13,1,7.1429,4.48,-59,24,-13.1429,-58.8,-59,-3,-16.0,24,24,24.0
46,2021,14,13,1,7.1429,4.48,-59,24,-16.0,-71.6,-59,-3,-19.0769,24,24,24.0
47,2021,15,14,1,6.6667,4.8,-59,19,-17.4667,-83.8,-59,-3,-20.0714,19,19,19.0
48,2021,19,17,2,10.5263,6.08,-41,19,-12.7895,-77.7,-41,-3,-16.3529,16,19,17.5
49,2021,19,17,2,10.5263,6.08,-41,19,-12.5263,-76.1,-41,-3,-16.0588,16,19,17.5
50,2021,20,18,2,10.0,6.4,-41,19,-13.6,-87.0,-41,-9,-17.0556,16,19,17.5
51,2021,21,18,3,14.2857,6.72,-41,34,-12.7143,-85.4,-41,-9,-18.6667,16,34,23.0
52,2021,21,18,3,14.2857,6.72,-41,34,-13.0476,-87.6,-41,-8,-19.0556,16,34,23.0
53,2021,17,15,2,11.7647,5.44,-74,34,-15.2941,-83.1,-74,-8,-20.6667,16,34,25.0
54,2021,17,14,3,17.6471,5.44,-74,34,-14.1765,-77.1,-74,-8,-21.9286,12,34,22.0
55,2021,17,12,5,29.4118,5.44,-74,39,-9.1176,-49.6,-74,-6,-23.0,12,39,24.2
56,2021,17,12,5,29.4118,5.44,-74,39,-8.4118,-45.7,-74,-6,-22.0,12,39,24.2
57,2021,13,9,4,30.7692,4.16,-74,39,-9.2308,-38.4,-74,-6,-23.0,12,39,21.75
58,2021,18,14,4,22.2222,5.76,-74,39,-9.5,-54.7,-74,-4,-18.4286,12,39,21.75
59,2021,19,15,4,21.0526,6.08,-94,39,-14.579,-88.6,-94,-4,-24.2667,12,39,21.75
60,2021,17,15,2,11.7647,5.44,-94,39,-13.7059,-74.5,-94,-4,-19.2,16,39,27.5
61,2021,15,15,0,0.0,4.8,-94,-4,-20.1333,-96.6,-94,-4,-20.1333,0,0,0.0
62,2021,10,10,0,0.0,3.2,-94,-11,-28.7,-91.8,-94,-11,-28.7,0,0,0.0
63,2021,11,11,0,0.0,3.52,-94,-3,-23.6364,-83.1,-94,-3,-23.6364,0,0,0.0
64,2021,12,12,0,0.0,3.84,-94,-3,-22.75,-87.3,-94,-3,-22.75,0,0,0.0
65,2021,11,11,0,0.0,3.52,-26,-3,-12.4546,-43.8,-26,-3,-12.4546,0,0,0.0
66,2021,12,12,0,0.0,3.84,-26,-3,-11.0833,-42.5,-26,-3,-11.0833,0,0,0.0
67,2021,15,15,0,0.0,4.8,-59,-4,-16.8667,-80.9,-59,-4,-16.8667,0,0,0.0
68,2021,15,15,0,0.0,4.8,-59,-4,-18.9333,-90.8,-59,-4,-18.9333,0,0,0.0
69,2021,16,15,1,6.25,5.12,-59,10,-18.875,-96.6,-59,-3,-20.8,10,10,10.0
70,2021,18,17,1,5.5556,5.76,-59,10,-19.3889,-111.6,-59,-5,-21.1177,10,10,10.0
71,2021,22,21,1,4.5455,7.03,-59,10,-21.0,-147.7,-59,-6,-22.4762,10,10,10.0
72,2021,18,18,0,0.0,5.76,-156,-7,-29.7222,-171.1,-156,-7,-29.7222,0,0,0.0
73,2021,24,23,1,4.1667,7.67,-156,54,-23.8333,-182.9,-156,-5,-27.2174,54,54,54.0
74,2021,29,28,1,3.4483,9.27,-156,54,-24.7931,-229.9,-156,-4,-27.6071,54,54,54.0
75,2021,30,29,1,3.3333,9.59,-156,54,-23.1333,-221.9,-156,-4,-25.7931,54,54,54.0
76,2021,29,29,0,0.0,9.27,-156,-4,-26.7931,-248.5,-156,-4,-26.7931,0,0,0.0
77,2021,31,31,0,0.0,9.91,-156,-4,-27.4839,-272.4,-156,-4,-27.4839,0,0,0.0
78,2021,27,27,0,0.0,8.63,-71,-3,-22.7407,-196.3,-71,-3,-22.7407,0,0,0.0
79,2021,25,25,0,0.0,7.99,-71,-3,-25.24,-201.8,-71,-3,-25.24,0,0,0.0
80,2021,18,18,0,0.0,5.76,-51,-3,-19.9444,-114.8,-51,-3,-19.9444,0,0,0.0
81,2021,17,17,0,0.0,5.44,-51,-3,-20.3529,-110.6,-51,-3,-20.3529,0,0,0.0
82,2021,13,13,0,0.0,4.16,-51,-3,-19.9231,-82.8,-51,-3,-19.9231,0,0,0.0
83,2021,11,11,0,0.0,3.52,-39,-3,-17.8182,-62.7,-39,-3,-17.8182,0,0,0.0
84,2021,12,12,0,0.0,3.84,-45,-3,-15.3333,-58.8,-45,-3,-15.3333,0,0,0.0
85,2021,13,12,1,7.6923,4.16,-45,4,-15.4615,-64.3,-45,-4,-17.0833,4,4,4.0
86,2021,13,11,2,15.3846,4.16,-45,7,-14.3846,-59.8,-45,-5,-18.0,4,7,5.5
87,2021,20,17,3,15.0,6.4,-72,27,-15.5,-99.1,-72,-5,-20.4706,4,27,12.6667
88,2021,21,18,3,14.2857,6.72,-72,27,-14.1905,-95.3,-72,-5,-18.6667,4,27,12.6667
89,2021,23,19,4,17.3913,7.35,-72,27,-13.6957,-100.7,-72,-5,-18.7895,4,27,10.5
90,2021,22,19,3,13.6364,7.03,-72,27,-14.9546,-105.2,-72,-5,-19.1579,4,27,11.6667
91,2021,19,17,2,10.5263,6.08,-72,27,-15.0526,-91.5,-72,-4,-18.6471,4,27,15.5
92,2021,21,19,2,9.5238,6.72,-72,27,-15.0,-100.7,-72,-4,-18.2105,4,27,15.5
93,2021,20,19,1,5.0,6.4,-55,4,-14.75,-94.3,-55,-5,-15.7368,4,4,4.0
94,2021,24,22,2,8.3333,7.67,-58,11,-16.0833,-123.4,-58,-5,-18.2273,4,11,7.5
95,2021,21,20,1,4.7619,6.72,-58,11,-17.2857,-116.1,-58,-5,-18.7,11,11,11.0
96,2021,24,23,1,4.1667,7.67,-58,11,-17.25,-132.4,-58,-5,-18.4783,11,11,11.0
97,2021,22,21,1,4.5455,7.03,-58,11,-17.7727,-125.0,-58,-4,-19.1429,11,11,11.0
98,2021,27,26,1,3.7037,8.63,-31,11,-14.3333,-123.7,-31,-4,-15.3077,11,11,11.0
99,2021,26,25,1,3.8462,8.31,-31,11,-14.3846,-119.6,-31,-4,-15.4,11,11,11.0
100,2021,22,22,0,0.0,7.03,-31,-4,-14.8182,-104.2,-31,-4,-14.8182,0,0,0.0
101,2021,24,24,0,0.0,7.67,-31,-4,-14.75,-113.2,-31,-4,-14.75,0,0,0.0
102,2021,19,19,0,0.0,6.08,-31,-4,-15.6316,-95.0,-31,-4,-15.6316,0,0,0.0
103,2021,19,19,0,0.0,6.08,-31,-4,-15.4737,-94.0,-31,-4,-15.4737,0,0,0.0
104,2021,13,12,1,7.6923,4.16,-31,14,-14.5385,-60.4,-31,-4,-16.9167,14,14,14.0
105,2021,16,15,1,6.25,5.12,-35,14,-15.4375,-79.0,-35,-4,-17.4,14,14,14.0
106,2021,19,18,1,5.2632,6.08,-35,14,-12.8421,-78.0,-35,-4,-14.3333,14,14,14.0
107,2021,23,22,1,4.3478,7.35,-29,14,-11.6087,-85.4,-29,-4,-12.7727,14,14,14.0
108,2021,21,20,1,4.7619,6.72,-29,14,-10.4762,-70.3,-29,-4,-11.7,14,14,14.0
109,2021,19,19,0,0.0,6.08,-36,-4,-13.7895,-83.8,-36,-4,-13.7895,0,0,0.0
110,2021,19,19,0,0.0,6.08,-36,-4,-13.6316,-82.8,-36,-4,-13.6316,0,0,0.0
111,2021,21,21,0,0.0,6.72,-36,-4,-14.8571,-99.8,-36,-4,-14.8571,0,0,0.0
112,2021,21,20,1,4.7619,6.72,-36,66,-11.4286,-76.7,-36,-4,-15.3,66,66,66.0
113,2021,28,25,3,10.7143,8.95,-36,66,-11.1071,-99.4,-36,-4,-16.84,17,66,36.6667
114,2021,30,27,3,10.0,9.59,-80,66,-16.4,-157.3,-80,-4,-22.2963,17,66,36.6667
115,2021,29,26,3,10.3448,9.27,-80,66,-16.5862,-153.8,-80,-4,-22.7308,17,66,36.6667
116,2021,25,23,2,8.0,7.99,-80,66,-17.2,-137.5,-80,-4,-22.3044,17,66,41.5
117,2021,21,20,1,4.7619,6.72,-80,66,-17.5714,-118.0,-80,-4,-21.75,66,66,66.0
118,2021,16,16,0,0.0,5.12,-80,-4,-22.625,-115.8,-80,-4,-22.625,0,0,0.0
119,2021,13,13,0,0.0,4.16,-75,-4,-21.0769,-87.6,-75,-4,-21.0769,0,0,0.0
120,2021,16,16,0,0.0,5.12,-75,-3,-19.8125,-101.4,-75,-3,-19.8125,0,0,0.0
121,2021,17,17,0,0.0,5.44,-65,-3,-16.4706,-89.5,-65,-3,-16.4706,0,0,0.0
122,2021,19,19,0,0.0,6.08,-65,-3,-18.579,-112.9,-65,-3,-18.579,0,0,0.0
123,2021,23,23,0,0.0,7.35,-65,-3,-21.3913,-157.3,-65,-3,-21.3913,0,0,0.0
124,2021,28,28,0,0.0,8.95,-65,-3,-21.0714,-188.7,-65,-3,-21.0714,0,0,0.0
125,2021,30,30,0,0.0,9.59,-53,-3,-20.2667,-194.4,-53,-3,-20.2667,0,0,0.0
126,2021,26,26,0,0.0,8.31,-53,-6,-18.4615,-153.5,-53,-6,-18.4615,0,0,0.0
127,2021,27,27,0,0.0,8.63,-53,-4,-20.8148,-179.7,-53,-4,-20.8148,0,0,0.0
128,2021,30,30,0,0.0,9.59,-48,-4,-19.4333,-186.4,-48,-4,-19.4333,0,0,0.0
129,2021,39,38,1,2.5641,12.47,-48,12,-18.2051,-227.0,-48,-4,-19.0,12,12,12.0
130,2021,32,30,2,6.25,10.23,-48,22,-16.1563,-165.3,-48,-5,-18.3667,12,22,17.0
131,2021,30,27,3,10.0,9.59,-48,22,-14.5667,-139.7,-48,-3,-17.5556,3,22,12.3333
132,2021,36,33,3,8.3333,11.51,-48,22,-15.9722,-183.9,-48,-3,-18.5455,3,22,12.3333
133,2021,36,34,2,5.5556,11.51,-48,22,-17.75,-204.3,-48,-3,-19.5294,3,22,12.5
134,2021,36,33,3,8.3333,11.51,-50,22,-17.5833,-202.4,-50,-3,-20.5152,3,22,14.6667
135,2021,33,30,3,9.0909,10.55,-68,22,-19.5152,-205.9,-68,-5,-23.5667,19,22,21.0
136,2021,26,24,2,7.6923,8.31,-68,22,-24.1154,-200.5,-68,-6,-27.8333,19,22,20.5
137,2021,32,29,3,9.375,10.23,-68,22,-23.6563,-242.1,-68,-6,-28.1724,19,22,20.0
138,2021,31,28,3,9.6774,9.91,-68,22,-20.871,-206.9,-68,-6,-25.25,19,22,20.0
139,2021,27,24,3,11.1111,8.63,-68,22,-20.2593,-174.9,-68,-4,-25.2917,19,22,20.0
140,2021,20,18,2,10.0,6.4,-68,22,-20.2,-129.2,-68,-4,-24.7222,19,22,20.5
141,2021,20,18,2,10.0,6.4,-68,22,-18.6,-119.0,-68,-4,-22.9444,19,22,20.5
142,2021,26,25,1,3.8462,8.31,-40,19,-14.9231,-124.1,-40,-4,-16.28,19,19,19.0
143,2021,28,28,0,0.0,8.95,-40,-4,-14.8214,-132.7,-40,-4,-14.8214,0,0,0.0
144,2021,29,29,0,0.0,9.27,-40,-4,-12.6207,-117.0,-40,-4,-12.6207,0,0,0.0
145,2021,39,38,1,2.5641,12.47,-40,7,-12.1026,-150.9,-40,-3,-12.6053,7,7,7.0
146,2021,43,42,1,2.3256,13.75,-40,7,-12.2326,-168.2,-40,-3,-12.6905,7,7,7.0
147,2021,45,44,1,2.2222,14.39,-26,7,-11.6667,-167.9,-26,-3,-12.0909,7,7,7.0
148,2021,46,45,1,2.1739,14.71,-57,7,-12.4783,-183.5,-57,-3,-12.9111,7,7,7.0
149,2021,37,36,1,2.7027,11.83,-57,7,-13.2432,-156.7,-57,-3,-13.8056,7,7,7.0
150,2021,43,42,1,2.3256,13.75,-57,7,-14.0698,-193.5,-57,-3,-14.5714,7,7,7.0
151,2021,39,39,0,0.0,12.47,-62,-3,-17.3846,-216.8,-62,-3,-17.3846,0,0,0.0
152,2021,36,36,0,0.0,11.51,-62,-3,-18.1111,-208.5,-62,-3,-18.1111,0,0,0.0
153,2021,34,34,0,0.0,10.87,-62,-3,-20.3529,-221.3,-62,-3,-20.3529,0,0,0.0
154,2021,35,35,0,0.0,11.19,-62,-3,-20.6571,-231.2,-62,-3,-20.6571,0,0,0.0
155,2021,35,35,0,0.0,11.19,-62,-3,-21.2286,-237.6,-62,-3,-21.2286,0,0,0.0
156,2021,35,35,0,0.0,11.19,-56,-3,-18.8286,-210.7,-56,-3,-18.8286,0,0,0.0
157,2021,41,41,0,0.0,13.11,-56,-3,-19.8049,-259.6,-56,-3,-19.8049,0,0,0.0
158,2021,35,35,0,0.0,11.19,-70,-3,-21.1714,-236.9,-70,-3,-21.1714,0,0,0.0
159,2021,34,34,0,0.0,10.87,-70,-4,-21.6177,-235.0,-70,-4,-21.6177,0,0,0.0
160,2021,33,32,1,3.0303,10.55,-71,22,-21.2121,-223.8,-71,-4,-22.5625,22,22,22.0
161,2021,33,32,1,3.0303,10.55,-71,22,-20.5455,-216.8,-71,-4,-21.875,22,22,22.0
162,2021,46,43,3,6.5217,14.71,-71,53,-20.7174,-304.7,-71,-5,-24.5814,22,53,34.6667
163,2021,38,35,3,7.8947,12.15,-71,53,-20.079,-244.0,-71,-5,-24.3143,6,53,29.3333
164,2021,35,32,3,8.5714,11.19,-67,53,-18.1714,-203.4,-67,-5,-22.625,6,53,29.3333
165,2021,34,31,3,8.8235,10.87,-67,53,-16.9412,-184.2,-67,-5,-21.4194,6,53,29.3333
166,2021,31,28,3,9.6774,9.91,-67,53,-14.2903,-141.7,-67,-5,-19.0,6,53,29.6667
167,2021,30,28,2,6.6667,9.59,-67,30,-16.9333,-162.4,-67,-5,-19.4286,6,30,18.0
168,2021,42,39,3,7.1429,13.43,-67,30,-15.2381,-204.6,-67,-3,-17.6923,6,30,16.6667
169,2021,39,38,1,2.5641,12.47,-56,30,-14.359,-179.1,-56,-3,-15.5263,30,30,30.0
170,2021,38,37,1,2.6316,12.15,-56,30,-14.5263,-176.5,-56,-4,-15.7297,30,30,30.0
171,2021,36,35,1,2.7778,11.51,-56,30,-14.5556,-167.6,-56,-4,-15.8286,30,30,30.0
172,2021,41,40,1,2.439,13.11,-56,30,-14.9024,-195.4,-56,-4,-16.025,30,30,30.0
173,2021,34,34,0,0.0,10.87,-56,-4,-17.3529,-188.7,-56,-4,-17.3529,0,0,0.0
174,2021,35,34,1,2.8571,11.19,-56,33,-15.4857,-173.3,-56,-4,-16.9118,33,33,33.0
175,2021,38,36,2,5.2632,12.15,-71,33,-17.2105,-209.1,-71,-6,-19.3611,10,33,21.5
176,2021,46,44,2,4.3478,14.71,-71,33,-17.0652,-251.0,-71,-6,-18.8182,10,33,21.5
177,2021,56,54,2,3.5714,17.91,-72,33,-17.7679,-318.2,-72,-4,-19.2222,10,33,21.5
178,2021,56,54,2,3.5714,17.91,-88,33,-20.75,-371.6,-88,-3,-22.3148,10,33,21.5
179,2021,56,54,2,3.5714,17.91,-88,33,-20.6071,-369.0,-88,-3,-22.1667,10,33,21.5
180,2021,56,55,1,1.7857,17.91,-88,33,-22.4464,-401.9,-88,-3,-23.4546,33,33,33.0
181,2021,55,55,0,0.0,17.59,-88,-3,-23.7636,-417.9,-88,-3,-23.7636,0,0,0.0
182,2021,56,55,1,1.7857,17.91,-88,55,-22.6071,-404.8,-88,-3,-24.0182,55,55,55.0
183,2021,46,45,1,2.1739,14.71,-88,55,-23.4783,-345.3,-88,-3,-25.2222,55,55,55.0
184,2021,47,46,1,2.1277,15.03,-132,55,-22.1702,-333.2,-132,-3,-23.8478,55,55,55.0
185,2021,42,40,2,4.7619,13.43,-51,55,-18.9524,-254.5,-51,-4,-22.125,34,55,44.5
186,2021,41,39,2,4.878,13.11,-57,35,-18.8293,-246.9,-57,-4,-21.5641,34,35,34.5
187,2021,46,44,2,4.3478,14.71,-57,35,-18.9348,-278.5,-57,-3,-21.3636,34,35,34.5
188,2021,41,38,3,7.3171,13.11,-43,35,-15.7317,-206.2,-43,-3,-18.9211,5,35,24.6667
189,2021,39,34,5,12.8205,12.47,-43,45,-12.8462,-160.2,-43,-3,-19.2941,5,45,31.0
190,2021,34,29,5,14.7059,10.87,-42,45,-10.2647,-111.6,-42,-3,-17.3793,5,45,31.0
191,2021,30,25,5,16.6667,9.59,-42,45,-7.7333,-74.2,-42,-3,-15.48,5,45,31.0
192,2021,31,27,4,12.9032,9.91,-30,45,-9.3226,-92.4,-30,-3,-15.1482,5,45,30.0
193,2021,26,24,2,7.6923,8.31,-53,45,-12.0,-99.8,-53,-4,-16.25,33,45,39.0
194,2021,25,25,0,0.0,7.99,-53,-5,-20.08,-160.5,-53,-5,-20.08,0,0,0.0
195,2021,26,25,1,3.8462,8.31,-53,23,-18.6154,-154.8,-53,-5,-20.28,23,23,23.0
196,2021,26,24,2,7.6923,8.31,-53,23,-16.5769,-137.8,-53,-5,-19.5833,16,23,19.5
197,2021,23,21,2,8.6957,7.35,-53,23,-17.3478,-127.6,-53,-5,-20.8571,16,23,19.5
198,2021,24,22,2,8.3333,7.67,-53,23,-17.375,-133.3,-53,-5,-20.7273,16,23,19.5
199,2021,25,23,2,8.0,7.99,-39,23,-14.04,-112.2,-39,-5,-16.9565,16,23,19.5
200,2021,24,22,2,8.3333,7.67,-34,23,-15.125,-116.1,-34,-6,-18.2727,16,23,19.5
201,2021,27,25,2,7.4074,8.63,-49,23,-18.1482,-156.7,-49,-6,-21.16,16,23,19.5
202,2021,36,35,1,2.7778,11.51,-49,16,-19.6667,-226.4,-49,-6,-20.6857,16,16,16.0
203,2021,36,35,1,2.7778,11.51,-57,7,-21.1389,-243.3,-57,-6,-21.9429,7,7,7.0
204,2021,34,32,2,5.8824,10.87,-57,64,-18.9412,-205.9,-57,-6,-22.3438,7,64,35.5
205,2021,30,28,2,6.6667,9.59,-57,64,-19.0,-182.3,-57,-4,-22.8929,7,64,35.5
206,2021,23,20,3,13.0435,7.35,-105,64,-19.8696,-146.1,-105,-4,-26.6,4,64,25.0
207,2021,21,18,3,14.2857,6.72,-105,64,-19.0952,-128.2,-105,-4,-26.4444,4,64,25.0
208,2021,18,15,3,16.6667,5.76,-105,64,-17.0556,-98.2,-105,-4,-25.4667,4,64,25.0
209,2021,15,13,2,13.3333,4.8,-105,7,-22.6,-108.4,-105,-4,-26.9231,4,7,5.5
210,2021,18,17,1,5.5556,5.76,-105,4,-23.8889,-137.5,-105,-4,-25.5294,4,4,4.0
211,2021,21,20,1,4.7619,6.72,-105,4,-24.0,-161.2,-105,-4,-25.4,4,4,4.0
212,2021,18,18,0,0.0,5.76,-105,-3,-25.7778,-148.4,-105,-3,-25.7778,0,0,0.0
213,2021,19,19,0,0.0,6.08,-62,-3,-19.9474,-121.2,-62,-3,-19.9474,0,0,0.0
214,2021,16,16,0,0.0,5.12,-42,-3,-15.125,-77.4,-42,-3,-15.125,0,0,0.0
215,2021,18,18,0,0.0,5.76,-29,-3,-14.5556,-83.8,-29,-3,-14.5556,0,0,0.0
216,2021,20,19,1,5.0,6.4,-31,24,-13.45,-86.0,-31,-3,-15.4211,24,24,24.0
217,2021,18,17,1,5.5556,5.76,-31,17,-14.2222,-81.9,-31,-3,-16.0588,17,17,17.0
218,2021,17,15,2,11.7647,5.44,-46,30,-14.6471,-79.6,-46,-7,-19.7333,17,30,23.5
219,2021,17,15,2,11.7647,5.44,-46,30,-17.2353,-93.7,-46,-7,-22.6667,17,30,23.5
220,2021,24,21,3,12.5,7.67,-51,43,-17.2917,-132.7,-51,-5,-24.0476,17,43,30.0
221,2021,27,24,3,11.1111,8.63,-51,43,-17.0,-146.8,-51,-5,-22.875,17,43,30.0
222,2021,27,25,2,7.4074,8.63,-51,43,-18.8148,-162.4,-51,-7,-22.72,17,43,30.0
223,2021,33,31,2,6.0606,10.55,-51,43,-18.8485,-198.9,-51,-6,-22.0,17,43,30.0
224,2021,37,36,1,2.7027,11.83,-51,43,-18.5946,-220.0,-51,-6,-20.3056,43,43,43.0
225,2021,36,35,1,2.7778,11.51,-69,43,-18.8889,-217.4,-69,-6,-20.6571,43,43,43.0
226,2021,32,31,1,3.125,10.23,-69,43,-18.6563,-190.9,-69,-6,-20.6452,43,43,43.0
227,2021,30,30,0,0.0,9.59,-69,-5,-20.2,-193.8,-69,-5,-20.2,0,0,0.0
228,2021,30,30,0,0.0,9.59,-69,-5,-20.9333,-200.8,-69,-5,-20.9333,0,0,0.0
229,2021,22,22,0,0.0,7.03,-69,-5,-23.0909,-162.4,-69,-5,-23.0909,0,0,0.0
230,2021,25,25,0,0.0,7.99,-69,-5,-24.12,-192.8,-69,-5,-24.12,0,0,0.0
231,2021,33,32,1,3.0303,10.55,-66,21,-21.7273,-229.3,-66,-6,-23.0625,21,21,21.0
232,2021,43,41,2,4.6512,13.75,-66,37,-18.814,-258.7,-66,-6,-21.1463,21,37,29.0
233,2021,51,49,2,3.9216,16.31,-66,37,-22.0,-358.8,-66,-7,-24.0816,21,37,29.0
234,2021,60,58,2,3.3333,19.19,-61,37,-22.6167,-433.9,-61,-6,-24.3966,21,37,29.0
235,2021,55,53,2,3.6364,17.59,-73,37,-21.7273,-382.1,-73,-5,-23.6415,21,37,29.0
236,2021,47,46,1,2.1277,15.03,-73,37,-23.4043,-351.7,-73,-5,-24.7174,37,37,37.0
237,2021,45,44,1,2.2222,14.39,-73,37,-22.9556,-330.3,-73,-5,-24.3182,37,37,37.0
238,2021,39,39,0,0.0,12.47,-73,-5,-24.0513,-299.9,-73,-5,-24.0513,0,0,0.0
239,2021,41,41,0,0.0,13.11,-42,-5,-21.6342,-283.6,-42,-5,-21.6342,0,0,0.0
240,2021,34,34,0,0.0,10.87,-57,-5,-21.9118,-238.2,-57,-5,-21.9118,0,0,0.0
241,2021,35,34,1,2.8571,11.19,-57,44,-19.8,-221.6,-57,-5,-21.6765,44,44,44.0
242,2021,35,34,1,2.8571,11.19,-57,44,-18.9429,-212.0,-57,-5,-20.7941,44,44,44.0
243,2021,34,33,1,2.9412,10.87,-57,44,-17.2059,-187.1,-57,-6,-19.0606,44,44,44.0
244,2021,26,25,1,3.8462,8.31,-45,44,-16.9231,-140.7,-45,-6,-19.36,44,44,44.0
245,2021,24,23,1,4.1667,7.67,-45,44,-18.125,-139.1,-45,-6,-20.8261,44,44,44.0
246,2021,26,25,1,3.8462,8.31,-39,44,-16.9615,-141.0,-39,-6,-19.4,44,44,44.0
247,2021,27,26,1,3.7037,8.63,-39,44,-17.2963,-149.3,-39,-6,-19.6539,44,44,44.0
248,2021,27,26,1,3.7037,8.63,-100,7,-24.0,-207.2,-100,-6,-25.1923,7,7,7.0
249,2021,22,21,1,4.5455,7.03,-100,7,-23.0909,-162.4,-100,-6,-24.5238,7,7,7.0
250,2021,18,17,1,5.5556,5.76,-100,7,-24.7222,-142.3,-100,-6,-26.5882,7,7,7.0
251,2021,19,18,1,5.2632,6.08,-75,7,-20.5263,-124.7,-75,-6,-22.0556,7,7,7.0
252,2021,18,17,1,5.5556,5.76,-75,7,-20.6667,-119.0,-75,-6,-22.2941,7,7,7.0
253,2021,14,13,1,7.1429,4.48,-75,7,-23.1429,-103.6,-75,-9,-25.4615,7,7,7.0
254,2021,8,8,0,0.0,2.56,-29,-12,-20.0,-51.2,-29,-12,-20.0,0,0,0.0
255,2021,8,8,0,0.0,2.56,-40,-12,-23.375,-59.8,-40,-12,-23.375,0,0,0.0
256,2021,10,9,1,10.0,3.2,-40,41,-12.7,-40.6,-40,-6,-18.6667,41,41,41.0
257,2021,10,9,1,10.0,3.2,-40,41,-13.6,-43.5,-40,-6,-19.6667,41,41,41.0
258,2021,8,8,0,0.0,2.56,-40,-6,-18.5,-47.3,-40,-6,-18.5,0,0,0.0
259,2021,9,9,0,0.0,2.88,-40,-5,-16.3333,-47.0,-40,-5,-16.3333,0,0,0.0
260,2021,9,9,0,0.0,2.88,-137,-5,-25.6667,-73.9,-137,-5,-25.6667,0,0,0.0
261,2021,10,10,0,0.0,3.2,-24,-5,-11.8,-37.7,-24,-5,-11.8,0,0,0.0
262,2021,10,10,0,0.0,3.2,-26,-5,-12.6,-40.3,-26,-5,-12.6,0,0,0.0
263,2021,11,11,0,0.0,3.52,-25,-5,-12.2727,-43.2,-25,-5,-12.2727,0,0,0.0
264,2021,9,9,0,0.0,2.88,-137,-6,-27.6667,-79.6,-137,-6,-27.6667,0,0,0.0
265,2021,13,13,0,0.0,4.16,-137,-4,-24.2308,-100.7,-137,-4,-24.2308,0,0,0.0
266,2021,13,13,0,0.0,4.16,-137,-4,-25.0,-103.9,-137,-4,-25.0,0,0,0.0
267,2021,12,12,0,0.0,3.84,-137,-4,-24.6667,-94.7,-137,-4,-24.6667,0,0,0.0
268,2021,16,16,0,0.0,5.12,-137,-6,-25.375,-129.8,-137,-6,-25.375,0,0,0.0
269,2021,18,18,0,0.0,5.76,-137,-6,-23.3333,-134.3,-137,-6,-23.3333,0,0,0.0
270,2021,18,18,0,0.0,5.76,-58,-6,-18.1667,-104.6,-58,-6,-18.1667,0,0,0.0
271,2021,17,17,0,0.0,5.44,-58,-6,-19.1765,-104.2,-58,-6,-19.1765,0,0,0.0
272,2021,12,12,0,0.0,3.84,-40,-6,-16.3333,-62.7,-40,-6,-16.3333,0,0,0.0
273,2021,14,13,1,7.1429,4.48,-40,6,-13.3571,-59.8,-40,-6,-14.8462,6,6,6.0
274,2021,14,13,1,7.1429,4.48,-40,6,-13.4286,-60.1,-40,-6,-14.9231,6,6,6.0
275,2021,10,9,1,10.0,3.2,-15,6,-9.3,-29.7,-15,-6,-11.0,6,6,6.0
276,2021,10,9,1,10.0,3.2,-34,6,-14.3,-45.7,-34,-6,-16.5556,6,6,6.0
277,2021,10,9,1,10.0,3.2,-34,6,-16.4,-52.4,-34,-6,-18.8889,6,6,6.0
278,2021,12,11,1,8.3333,3.84,-34,6,-14.9167,-57.2,-34,-6,-16.8182,6,6,6.0
279,2021,10,10,0,0.0,3.2,-34,-6,-16.6,-53.1,-34,-6,-16.6,0,0,0.0
280,2021,10,10,0,0.0,3.2,-34,-7,-17.8,-56.9,-34,-7,-17.8,0,0,0.0
281,2021,8,8,0,0.0,2.56,-31,-7,-18.0,-46.0,-31,-7,-18.0,0,0,0.0
1,2022,20,19,1,5.0,6.4,-47,3,-18.05,-115.4,-47,-4,-19.1579,3,3,3.0
2,2022,20,17,3,15.0,6.4,-47,24,-14.8,-94.7,-47,-3,-20.1765,3,24,15.6667
3,2022,23,20,3,13.0435,7.35,-47,24,-14.3913,-105.8,-47,-3,-18.9,3,24,15.6667
4,2022,28,22,6,21.4286,8.95,-42,82,-8.6786,-77.7,-42,-1,-17.1818,2,82,22.5
5,2022,31,25,6,19.3548,9.91,-42,82,-9.0323,-89.5,-42,-1,-16.6,2,82,22.5
6,2022,30,25,5,16.6667,9.59,-42,82,-7.9667,-76.4,-42,-1,-14.84,2,82,26.4
7,2022,36,34,2,5.5556,11.51,-42,4,-13.3056,-153.2,-42,-1,-14.2647,2,4,3.0
8,2022,40,38,2,5.0,12.79,-39,19,-13.575,-173.6,-39,-1,-14.8947,4,19,11.5
9,2022,46,43,3,6.5217,14.71,-40,19,-14.1739,-208.5,-40,-1,-16.0698,4,19,13.0
10,2022,44,41,3,6.8182,14.07,-42,19,-15.2727,-214.9,-42,-2,-17.3415,4,19,13.0
11,2022,51,48,3,5.8824,16.31,-48,19,-15.9804,-260.6,-48,-2,-17.7917,4,19,13.0
12,2022,47,44,3,6.383,15.03,-48,19,-15.8511,-238.2,-48,-2,-17.8182,4,19,13.0
13,2022,37,34,3,8.1081,11.83,-51,36,-17.7838,-210.4,-51,-2,-21.0,4,36,18.6667
14,2022,33,30,3,9.0909,10.55,-51,36,-15.1212,-159.6,-51,-2,-18.5,4,36,18.6667
15,2022,33,31,2,6.0606,10.55,-51,36,-15.0,-158.3,-51,-2,-17.2581,4,36,20.0
16,2022,42,41,1,2.381,13.43,-51,36,-16.8095,-225.8,-51,-2,-18.0976,36,36,36.0
17,2022,39,38,1,2.5641,12.47,-51,36,-15.9487,-198.9,-51,-3,-17.3158,36,36,36.0
18,2022,43,41,2,4.6512,13.75,-51,36,-14.6977,-202.1,-51,-3,-16.5854,12,36,24.0
19,2022,43,41,2,4.6512,13.75,-55,36,-15.8837,-218.4,-55,-3,-17.8293,12,36,24.0
20,2022,42,41,1,2.381,13.43,-55,12,-17.6191,-236.6,-55,-3,-18.3415,12,12,12.0
21,2022,40,38,2,5.0,12.79,-55,12,-17.2,-220.0,-55,-3,-18.6053,7,12,9.5
22,2022,34,32,2,5.8824,10.87,-55,12,-17.2647,-187.7,-55,-3,-18.9375,7,12,9.5
23,2022,33,31,2,6.0606,10.55,-55,12,-15.9394,-168.2,-55,-5,-17.5806,7,12,9.5
24,2022,30,29,1,3.3333,9.59,-36,7,-15.2,-145.8,-36,-5,-15.9655,7,7,7.0
25,2022,33,32,1,3.0303,10.55,-42,7,-15.303,-161.5,-42,-5,-16.0,7,7,7.0
26,2022,40,38,2,5.0,12.79,-110,47,-17.825,-228.0,-110,-5,-20.1842,7,47,27.0
27,2022,38,37,1,2.6316,12.15,-235,7,-25.1842,-306.0,-235,-2,-26.0541,7,7,7.0
28,2022,32,30,2,6.25,10.23,-235,72,-22.5938,-231.2,-235,-2,-27.9333,43,72,57.5
29,2022,35,31,4,11.4286,11.19,-235,72,-18.2571,-204.3,-235,-2,-27.6452,39,72,54.5
30,2022,35,31,4,11.4286,11.19,-110,72,-14.2571,-159.6,-110,-2,-23.129,39,72,54.5
31,2022,32,28,4,12.5,10.23,-104,64,-12.0625,-123.4,-104,-2,-19.1071,3,64,37.25
32,2022,35,27,8,22.8571,11.19,-104,81,-7.8857,-88.3,-104,-2,-21.3333,3,81,37.5
33,2022,38,29,9,23.6842,12.15,-70,81,-7.4737,-90.8,-70,-2,-20.3793,3,81,34.1111
34,2022,42,34,8,19.0476,13.43,-70,81,-10.9048,-146.5,-70,-8,-21.8235,3,81,35.5
35,2022,44,35,9,20.4546,14.07,-70,81,-10.4773,-147.4,-70,-8,-23.7143,3,81,41.0
36,2022,44,37,7,15.9091,14.07,-70,81,-13.3182,-187.4,-70,-8,-23.7297,3,81,41.7143
37,2022,44,37,7,15.9091,14.07,-70,96,-11.2273,-158.0,-70,-8,-23.1081,3,96,51.5714
38,2022,39,32,7,17.9487,12.47,-70,96,-11.7436,-146.5,-70,-8,-24.3125,3,96,45.7143
39,2022,41,34,7,17.0732,13.11,-70,96,-10.1463,-133.0,-70,-3,-22.4118,3,96,49.4286
40,2022,35,29,6,17.1429,11.19,-49,96,-8.4,-94.0,-49,-3,-20.0345,3,96,47.8333
41,2022,33,28,5,15.1515,10.55,-48,96,-10.2424,-108.1,-48,-5,-18.8929,3,96,38.2
42,2022,33,29,4,12.1212,10.55,-48,46,-13.8182,-145.8,-48,-5,-19.0,3,46,23.75
43,2022,35,32,3,8.5714,11.19,-48,46,-13.2286,-148.1,-48,-5,-17.3438,6,46,30.6667
44,2022,38,37,1,2.6316,12.15,-48,32,-17.1316,-208.2,-48,-5,-18.4595,32,32,32.0
45,2022,35,33,2,5.7143,11.19,-48,32,-16.1714,-181.0,-48,-6,-18.7273,20,32,26.0
46,2022,38,36,2,5.2632,12.15,-48,32,-16.2105,-197.0,-48,-6,-18.5556,20,32,26.0
47,2022,36,35,1,2.7778,11.51,-48,31,-16.8333,-193.8,-48,-3,-18.2,31,31,31.0
48,2022,36,34,2,5.5556,11.51,-48,31,-16.6389,-191.5,-48,-3,-18.6177,3,31,17.0
49,2022,37,35,2,5.4054,11.83,-78,31,-17.8108,-210.7,-78,-3,-19.8,3,31,17.0
50,2022,31,29,2,6.4516,9.91,-78,31,-15.7742,-156.4,-78,-3,-18.0345,3,31,17.0
51,2022,26,24,2,7.6923,8.31,-78,31,-14.6154,-121.5,-78,-3,-17.25,3,31,17.0
52,2022,25,21,4,16.0,7.99,-78,31,-12.96,-103.6,-78,-4,-18.8571,3,31,18.0
53,2022,26,23,3,11.5385,8.31,-78,31,-14.9231,-124.1,-78,-3,-19.8696,13,31,23.0
54,2022,27,25,2,7.4074,8.63,-78,25,-16.7778,-144.9,-78,-3,-19.64,13,25,19.0
55,2022,30,28,2,6.6667,9.59,-60,25,-15.5667,-149.3,-60,-3,-18.0357,13,25,19.0
56,2022,29,26,3,10.3448,9.27,-60,25,-15.1035,-140.1,-60,-3,-18.4615,4,25,14.0
57,2022,29,28,1,3.4483,9.27,-60,4,-19.0,-176.2,-60,-3,-19.8214,4,4,4.0
58,2022,28,27,1,3.5714,8.95,-67,4,-20.1786,-180.7,-67,-3,-21.0741,4,4,4.0
59,2022,26,25,1,3.8462,8.31,-67,4,-19.2692,-160.2,-67,-3,-20.2,4,4,4.0
60,2022,29,26,3,10.3448,9.27,-67,7,-19.9655,-185.1,-67,-3,-22.8462,4,7,5.0
61,2022,28,26,2,7.1429,8.95,-67,7,-21.7143,-194.4,-67,-3,-23.8077,4,7,5.5
62,2022,28,26,2,7.1429,8.95,-137,7,-27.8929,-249.7,-137,-5,-30.4615,4,7,5.5
63,2022,27,26,1,3.7037,8.63,-137,4,-31.2593,-269.9,-137,-5,-32.6154,4,4,4.0
64,2022,33,32,1,3.0303,10.55,-152,4,-35.7273,-377.0,-152,-5,-36.9688,4,4,4.0
65,2022,28,28,0,0.0,8.95,-152,-7,-40.1429,-359.4,-152,-7,-40.1429,0,0,0.0
66,2022,27,26,1,3.7037,8.63,-152,5,-39.0741,-337.4,-152,-6,-40.7692,5,5,5.0
67,2022,29,28,1,3.4483,9.27,-152,5,-35.4483,-328.7,-152,-6,-36.8929,5,5,5.0
68,2022,27,25,2,7.4074,8.63,-152,46,-31.4074,-271.2,-152,-5,-35.96,5,46,25.5
69,2022,30,27,3,10.0,9.59,-152,62,-26.5667,-254.9,-152,-2,-33.7037,5,62,37.6667
70,2022,23,20,3,13.0435,7.35,-74,62,-11.8696,-87.3,-74,-2,-19.3,5,62,37.6667
71,2022,28,24,4,14.2857,8.95,-103,62,-17.4286,-156.0,-103,-2,-25.4167,5,62,30.5
72,2022,23,20,3,13.0435,7.35,-103,62,-17.4348,-128.2,-103,-2,-25.9,9,62,39.0
73,2022,30,27,3,10.0,9.59,-103,62,-19.4,-186.1,-103,-2,-26.3333,9,62,43.0
74,2022,34,32,2,5.8824,10.87,-103,58,-23.4118,-254.5,-103,-2,-26.9688,9,58,33.5
75,2022,33,31,2,6.0606,10.55,-103,58,-24.4546,-258.1,-103,-2,-28.1936,9,58,33.5
76,2022,36,35,1,2.7778,11.51,-110,58,-29.0833,-334.8,-110,-8,-31.5714,58,58,58.0
77,2022,37,36,1,2.7027,11.83,-110,58,-25.2973,-299.3,-110,-4,-27.6111,58,58,58.0
78,2022,39,38,1,2.5641,12.47,-110,6,-27.4103,-341.8,-110,-4,-28.2895,6,6,6.0
79,2022,34,33,1,2.9412,10.87,-110,6,-26.1177,-284.0,-110,-3,-27.0909,6,6,6.0
80,2022,33,32,1,3.0303,10.55,-110,32,-26.1515,-276.0,-110,-3,-27.9688,32,32,32.0
81,2022,27,26,1,3.7037,8.63,-72,32,-21.0741,-181.9,-72,-3,-23.1154,32,32,32.0
82,2022,24,23,1,4.1667,7.67,-72,32,-20.5417,-157.6,-72,-3,-22.8261,32,32,32.0
83,2022,20,19,1,5.0,6.4,-104,32,-23.55,-150.6,-104,-3,-26.4737,32,32,32.0
84,2022,21,20,1,4.7619,6.72,-104,32,-26.1905,-175.9,-104,-6,-29.1,32,32,32.0
85,2022,23,22,1,4.3478,7.35,-104,9,-23.5217,-173.0,-104,-4,-25.0,9,9,9.0
86,2022,20,19,1,5.0,6.4,-104,9,-19.1,-122.2,-104,-4,-20.579,9,9,9.0
87,2022,18,17,1,5.5556,5.76,-104,9,-20.6667,-119.0,-104,-4,-22.4118,9,9,9.0
88,2022,18,17,1,5.5556,5.76,-104,9,-22.9444,-132.1,-104,-4,-24.8235,9,9,9.0
89,2022,14,13,1,7.1429,4.48,-39,38,-11.9286,-53.4,-39,-4,-15.7692,38,38,38.0
90,2022,15,14,1,6.6667,4.8,-59,38,-20.5333,-98.5,-59,-5,-24.7143,38,38,38.0
91,2022,22,21,1,4.5455,7.03,-59,38,-20.3182,-142.9,-59,-5,-23.0952,38,38,38.0
92,2022,23,22,1,4.3478,7.35,-59,38,-20.5217,-150.9,-59,-5,-23.1818,38,38,38.0
93,2022,30,29,1,3.3333,9.59,-59,38,-20.6667,-198.3,-59,-4,-22.6897,38,38,38.0
94,2022,30,29,1,3.3333,9.59,-59,6,-20.9333,-200.8,-59,-4,-21.8621,6,6,6.0
95,2022,33,32,1,3.0303,10.55,-91,6,-22.303,-235.3,-91,-4,-23.1875,6,6,6.0
96,2022,36,35,1,2.7778,11.51,-91,6,-22.0833,-254.2,-91,-4,-22.8857,6,6,6.0
97,2022,34,33,1,2.9412,10.87,-91,6,-21.2353,-230.9,-91,-3,-22.0606,6,6,6.0
98,2022,29,28,1,3.4483,9.27,-91,6,-23.3448,-216.5,-91,-3,-24.3929,6,6,6.0
99,2022,30,29,1,3.3333,9.59,-91,6,-23.1667,-222.2,-91,-3,-24.1724,6,6,6.0
100,2022,23,23,0,0.0,7.35,-91,-3,-25.5217,-187.7,-91,-3,-25.5217,0,0,0.0
101,2022,21,21,0,0.0,6.72,-65,-3,-24.381,-163.7,-65,-3,-24.381,0,0,0.0
102,2022,27,27,0,0.0,8.63,-121,-3,-26.4815,-228.6,-121,-3,-26.4815,0,0,0.0
103,2022,25,25,0,0.0,7.99,-121,-3,-28.12,-224.8,-121,-3,-28.12,0,0,0.0
104,2022,21,21,0,0.0,6.72,-70,-3,-24.0476,-161.5,-70,-3,-24.0476,0,0,0.0
105,2022,21,21,0,0.0,6.72,-70,-3,-25.7619,-173.0,-70,-3,-25.7619,0,0,0.0
106,2022,21,21,0,0.0,6.72,-70,-3,-27.2381,-182.9,-70,-3,-27.2381,0,0,0.0
107,2022,23,22,1,4.3478,7.35,-59,38,-20.7826,-152.8,-59,-7,-23.4546,38,38,38.0
108,2022,24,23,1,4.1667,7.67,-59,38,-19.4167,-149.0,-59,-4,-21.913,38,38,38.0
109,2022,28,26,2,7.1429,8.95,-72,38,-21.7857,-195.1,-72,-4,-26.1154,31,38,34.5
110,2022,34,34,0,0.0,10.87,-113,-4,-27.2353,-296.1,-113,-4,-27.2353,0,0,0.0
111,2022,39,39,0,0.0,12.47,-113,-4,-27.5128,-343.1,-113,-4,-27.5128,0,0,0.0
112,2022,36,35,1,2.7778,11.51,-113,18,-27.5,-316.6,-113,-4,-28.8,18,18,18.0
113,2022,32,31,1,3.125,10.23,-113,18,-29.2813,-299.6,-113,-4,-30.8065,18,18,18.0
114,2022,36,34,2,5.5556,11.51,-67,65,-24.25,-279.2,-67,-4,-28.1177,18,65,41.5
115,2022,34,32,2,5.8824,10.87,-67,65,-24.3529,-264.8,-67,-4,-28.4688,18,65,41.5
116,2022,34,32,2,5.8824,10.87,-67,65,-26.6471,-289.7,-67,-4,-30.9063,18,65,41.5
117,2022,31,30,1,3.2258,9.91,-66,65,-24.7742,-245.6,-66,-4,-27.7667,65,65,65.0
118,2022,32,30,2,6.25,10.23,-66,65,-20.4375,-209.1,-66,-4,-24.6333,20,65,42.5
119,2022,28,25,3,10.7143,8.95,-66,65,-17.1071,-153.2,-66,-4,-24.24,20,65,42.3333
120,2022,30,27,3,10.0,9.59,-66,42,-20.0667,-192.5,-66,-6,-25.2593,18,42,26.6667
121,2022,33,31,2,6.0606,10.55,-66,42,-20.0303,-211.4,-66,-5,-23.2581,18,42,30.0
122,2022,28,26,2,7.1429,8.95,-39,42,-17.4643,-156.4,-39,-6,-21.1154,18,42,30.0
123,2022,22,21,1,4.5455,7.03,-39,18,-20.6818,-145.5,-39,-6,-22.5238,18,18,18.0
124,2022,16,15,1,6.25,5.12,-39,18,-20.125,-103.0,-39,-7,-22.6667,18,18,18.0
125,2022,16,15,1,6.25,5.12,-40,18,-22.125,-113.2,-40,-7,-24.8,18,18,18.0
126,2022,10,10,0,0.0,3.2,-53,-9,-28.2,-90.2,-53,-9,-28.2,0,0,0.0
127,2022,10,10,0,0.0,3.2,-53,-9,-25.6,-81.9,-53,-9,-25.6,0,0,0.0
128,2022,16,16,0,0.0,5.12,-53,-7,-23.9375,-122.5,-53,-7,-23.9375,0,0,0.0
129,2022,24,22,2,8.3333,7.67,-82,33,-23.8333,-182.9,-82,-7,-27.8636,8,33,20.5
130,2022,23,21,2,8.6957,7.35,-82,33,-22.7826,-167.6,-82,-4,-26.9048,8,33,20.5
131,2022,24,21,3,12.5,7.67,-82,33,-18.625,-142.9,-82,-4,-23.4762,5,33,15.3333
132,2022,26,23,3,11.5385,8.31,-82,33,-17.1923,-142.9,-82,-4,-21.4348,5,33,15.3333
133,2022,35,32,3,8.5714,11.19,-82,33,-18.7429,-209.8,-82,-4,-22.4375,5,33,20.6667
134,2022,46,42,4,8.6957,14.71,-82,33,-17.5435,-258.1,-82,-3,-21.2619,5,33,21.5
135,2022,50,46,4,8.0,15.99,-70,24,-16.82,-268.9,-70,-3,-19.8261,5,24,17.75
136,2022,54,51,3,5.5556,17.27,-70,24,-17.0926,-295.1,-70,-3,-19.3922,18,24,22.0
137,2022,61,58,3,4.918,19.51,-58,24,-19.5738,-381.8,-58,-3,-21.7241,18,24,22.0
138,2022,61,59,2,3.2787,19.51,-58,24,-20.7377,-404.5,-58,-3,-22.1525,18,24,21.0
139,2022,55,53,2,3.6364,17.59,-58,18,-21.7273,-382.1,-58,-3,-22.9623,4,18,11.0
140,2022,46,45,1,2.1739,14.71,-58,4,-22.3696,-329.0,-58,-3,-22.9556,4,4,4.0
141,2022,42,41,1,2.381,13.43,-58,4,-23.2619,-312.4,-58,-3,-23.9268,4,4,4.0
142,2022,50,49,1,2.0,15.99,-117,4,-26.7,-426.9,-117,-6,-27.3265,4,4,4.0
143,2022,47,46,1,2.1277,15.03,-117,4,-25.9575,-390.1,-117,-6,-26.6087,4,4,4.0
144,2022,46,44,2,4.3478,14.71,-117,6,-24.0,-353.0,-117,-4,-25.3182,4,6,5.0
145,2022,53,52,1,1.8868,16.95,-117,6,-24.566,-416.3,-117,-4,-25.1539,6,6,6.0
146,2022,58,56,2,3.4483,18.55,-117,6,-22.9655,-425.9,-117,-4,-24.0,6,6,6.0
147,2022,62,59,3,4.8387,19.83,-117,28,-22.1774,-439.7,-117,-4,-23.9831,6,28,13.3333
148,2022,53,50,3,5.6604,16.95,-63,28,-18.6038,-315.3,-63,-4,-20.52,6,28,13.3333
149,2022,50,46,4,8.0,15.99,-48,28,-17.54,-280.4,-48,-4,-20.0652,6,28,11.5
150,2022,42,39,3,7.1429,13.43,-48,28,-17.2619,-231.8,-48,-6,-19.6154,6,28,13.3333
151,2022,35,33,2,5.7143,11.19,-48,6,-18.2857,-204.6,-48,-6,-19.7576,6,6,6.0
152,2022,31,30,1,3.2258,9.91,-70,6,-21.3548,-211.7,-70,-7,-22.2667,6,6,6.0
153,2022,28,26,2,7.1429,8.95,-70,10,-18.7857,-168.2,-70,-5,-20.8462,6,10,8.0
154,2022,29,27,2,6.8966,9.27,-70,10,-15.3103,-142.0,-70,-4,-17.037,6,10,8.0
155,2022,35,34,1,2.8571,11.19,-70,10,-16.2571,-181.9,-70,-4,-17.0294,10,10,10.0
156,2022,36,35,1,2.7778,11.51,-70,10,-17.0,-195.7,-70,-4,-17.7714,10,10,10.0
157,2022,34,33,1,2.9412,10.87,-70,10,-17.1471,-186.4,-70,-4,-17.9697,10,10,10.0
158,2022,32,30,2,6.25,10.23,-70,10,-17.25,-176.5,-70,-3,-18.9,5,10,7.5
159,2022,26,25,1,3.8462,8.31,-56,5,-16.8462,-140.1,-56,-3,-17.72,5,5,5.0
160,2022,27,25,2,7.4074,8.63,-56,5,-16.2593,-140.4,-56,-3,-17.96,5,5,5.0
161,2022,24,22,2,8.3333,7.67,-56,5,-16.9167,-129.8,-56,-3,-18.9091,5,5,5.0
162,2022,21,18,3,14.2857,6.72,-56,8,-16.381,-110.0,-56,-3,-20.0556,4,8,5.6667
163,2022,17,14,3,17.6471,5.44,-46,8,-15.2353,-82.8,-46,-7,-19.7143,4,8,5.6667
164,2022,16,14,2,12.5,5.12,-46,5,-17.5625,-89.9,-46,-8,-20.7143,4,5,4.5
165,2022,17,15,2,11.7647,5.44,-46,5,-17.3529,-94.3,-46,-8,-20.2667,4,5,4.5
166,2022,18,17,1,5.5556,5.76,-46,4,-17.5,-100.7,-46,-5,-18.7647,4,4,4.0
167,2022,18,17,1,5.5556,5.76,-46,4,-16.8333,-96.9,-46,-5,-18.0588,4,4,4.0
168,2022,16,16,0,0.0,5.12,-46,-5,-16.6875,-85.4,-46,-5,-16.6875,0,0,0.0
169,2022,15,15,0,0.0,4.8,-41,-5,-16.3333,-78.3,-41,-5,-16.3333,0,0,0.0
170,2022,16,16,0,0.0,5.12,-43,-4,-16.125,-82.5,-43,-4,-16.125,0,0,0.0
171,2022,14,14,0,0.0,4.48,-43,-4,-17.2143,-77.1,-43,-4,-17.2143,0,0,0.0
172,2022,14,14,0,0.0,4.48,-48,-4,-19.2857,-86.3,-48,-4,-19.2857,0,0,0.0
173,2022,19,19,0,0.0,6.08,-48,-4,-16.4211,-99.8,-48,-4,-16.4211,0,0,0.0
174,2022,19,19,0,0.0,6.08,-48,-4,-16.3684,-99.4,-48,-4,-16.3684,0,0,0.0
175,2022,22,22,0,0.0,7.03,-48,-4,-16.3182,-114.8,-48,-4,-16.3182,0,0,0.0
176,2022,24,24,0,0.0,7.67,-48,-4,-17.7083,-135.9,-48,-4,-17.7083,0,0,0.0
177,2022,21,21,0,0.0,6.72,-53,-4,-19.1905,-128.9,-53,-4,-19.1905,0,0,0.0
178,2022,25,25,0,0.0,7.99,-109,-4,-21.76,-174.0,-109,-4,-21.76,0,0,0.0
179,2022,23,23,0,0.0,7.35,-109,-4,-24.7826,-182.3,-109,-4,-24.7826,0,0,0.0
180,2022,24,24,0,0.0,7.67,-109,-4,-23.25,-178.4,-109,-4,-23.25,0,0,0.0
181,2022,21,21,0,0.0,6.72,-109,-4,-25.2857,-169.8,-109,-4,-25.2857,0,0,0.0
182,2022,18,18,0,0.0,5.76,-109,-4,-21.5556,-124.1,-109,-4,-21.5556,0,0,0.0
183,2022,17,17,0,0.0,5.44,-35,-5,-15.2941,-83.1,-35,-5,-15.2941,0,0,0.0
184,2022,17,17,0,0.0,5.44,-69,-5,-19.3529,-105.2,-69,-5,-19.3529,0,0,0.0
185,2022,17,17,0,0.0,5.44,-35,-3,-16.4118,-89.2,-35,-3,-16.4118,0,0,0.0
186,2022,14,14,0,0.0,4.48,-35,-3,-16.5,-73.9,-35,-3,-16.5,0,0,0.0
187,2022,19,19,0,0.0,6.08,-29,-2,-14.9474,-90.8,-29,-2,-14.9474,0,0,0.0
188,2022,22,22,0,0.0,7.03,-29,-2,-13.8636,-97.5,-29,-2,-13.8636,0,0,0.0
189,2022,21,21,0,0.0,6.72,-55,-2,-14.8571,-99.8,-55,-2,-14.8571,0,0,0.0
190,2022,21,20,1,4.7619,6.72,-55,29,-12.7619,-85.7,-55,-3,-14.85,29,29,29.0
191,2022,19,18,1,5.2632,6.08,-55,29,-14.8947,-90.5,-55,-4,-17.3333,29,29,29.0
192,2022,22,20,2,9.0909,7.03,-48,29,-12.4091,-87.3,-48,-4,-16.4,26,29,27.5
193,2022,18,15,3,16.6667,5.76,-48,29,-10.3889,-59.8,-48,-6,-16.8,10,29,21.6667
194,2022,18,16,2,11.1111,5.76,-48,29,-12.2222,-70.3,-48,-6,-17.1875,26,29,27.5
195,2022,15,13,2,13.3333,4.8,-48,29,-13.6667,-65.6,-48,-6,-20.0,26,29,27.5
196,2022,17,16,1,5.8824,5.44,-148,29,-22.2941,-121.2,-148,-6,-25.5,29,29,29.0
197,2022,16,16,0,0.0,5.12,-148,-6,-23.8125,-121.8,-148,-6,-23.8125,0,0,0.0
198,2022,15,15,0,0.0,4.8,-148,-6,-23.6667,-113.5,-148,-6,-23.6667,0,0,0.0
199,2022,15,15,0,0.0,4.8,-148,-5,-22.5333,-108.1,-148,-5,-22.5333,0,0,0.0
200,2022,14,14,0,0.0,4.48,-148,-5,-23.2857,-104.2,-148,-5,-23.2857,0,0,0.0
201,2022,16,16,0,0.0,5.12,-148,-5,-24.6875,-126.3,-148,-5,-24.6875,0,0,0.0
202,2022,19,18,1,5.2632,6.08,-50,27,-13.8421,-84.1,-50,-4,-16.1111,27,27,27.0
203,2022,21,20,1,4.7619,6.72,-50,27,-13.5714,-91.1,-50,-4,-15.6,27,27,27.0
204,2022,19,18,1,5.2632,6.08,-50,27,-13.3158,-80.9,-50,-4,-15.5556,27,27,27.0
205,2022,16,15,1,6.25,5.12,-50,27,-13.3125,-68.1,-50,-4,-16.0,27,27,27.0
206,2022,21,20,1,4.7619,6.72,-55,27,-15.8571,-106.5,-55,-4,-18.0,27,27,27.0
207,2022,24,23,1,4.1667,7.67,-55,27,-14.7083,-112.9,-55,-4,-16.5217,27,27,27.0
208,2022,23,23,0,0.0,7.35,-55,-4,-17.0,-125.0,-55,-4,-17.0,0,0,0.0
209,2022,26,26,0,0.0,8.31,-55,-4,-17.1154,-142.3,-55,-4,-17.1154,0,0,0.0
210,2022,29,29,0,0.0,9.27,-55,-4,-17.7241,-164.4,-55,-4,-17.7241,0,0,0.0
211,2022,29,29,0,0.0,9.27,-55,-4,-18.8276,-174.6,-55,-4,-18.8276,0,0,0.0
212,2022,32,32,0,0.0,10.23,-50,-4,-16.4688,-168.5,-50,-4,-16.4688,0,0,0.0
213,2022,33,32,1,3.0303,10.55,-50,23,-15.4849,-163.4,-50,-4,-16.6875,23,23,23.0
214,2022,26,26,0,0.0,8.31,-50,-6,-17.0385,-141.7,-50,-6,-17.0385,0,0,0.0
215,2022,26,26,0,0.0,8.31,-50,-5,-19.5,-162.1,-50,-5,-19.5,0,0,0.0
216,2022,30,30,0,0.0,9.59,-50,-5,-17.6,-168.8,-50,-5,-17.6,0,0,0.0
217,2022,28,28,0,0.0,8.95,-35,-5,-18.4643,-165.3,-35,-5,-18.4643,0,0,0.0
218,2022,29,27,2,6.8966,9.27,-35,104,-10.5172,-97.5,-35,-4,-16.1852,28,104,66.0
219,2022,31,29,2,6.4516,9.91,-114,104,-14.9032,-147.7,-114,-4,-20.4828,28,104,66.0
220,2022,35,33,2,5.7143,11.19,-114,104,-19.4286,-217.4,-114,-4,-24.6061,28,104,66.0
221,2022,42,40,2,4.7619,13.43,-96,104,-17.5714,-236.0,-96,-4,-21.75,28,104,66.0
222,2022,46,44,2,4.3478,14.71,-96,104,-18.413,-270.8,-96,-4,-22.25,28,104,66.0
223,2022,57,55,2,3.5088,18.23,-96,104,-19.7018,-359.1,-96,-5,-22.8182,28,104,66.0
224,2022,68,68,0,0.0,21.74,-96,-7,-23.3382,-507.5,-96,-7,-23.3382,0,0,0.0
225,2022,79,79,0,0.0,25.26,-96,-5,-23.3671,-590.3,-96,-5,-23.3671,0,0,0.0
226,2022,87,86,1,1.1494,27.82,-96,10,-23.3908,-650.7,-96,-5,-23.7791,10,10,10.0
227,2022,85,84,1,1.1765,27.18,-70,10,-22.2235,-604.0,-70,-5,-22.6071,10,10,10.0
228,2022,91,89,2,2.1978,29.1,-70,30,-21.9341,-638.3,-70,-4,-22.8764,10,30,20.0
229,2022,85,83,2,2.3529,27.18,-70,30,-22.4353,-609.8,-70,-4,-23.4578,10,30,20.0
230,2022,78,76,2,2.5641,24.94,-70,30,-23.1667,-577.8,-70,-4,-24.3026,10,30,20.0
231,2022,79,78,1,1.2658,25.26,-88,10,-25.5316,-645.0,-88,-4,-25.9872,10,10,10.0
232,2022,64,63,1,1.5625,20.46,-88,10,-22.9219,-469.1,-88,-4,-23.4444,10,10,10.0
233,2022,50,48,2,4.0,15.99,-88,103,-18.28,-292.3,-88,-5,-22.875,81,103,92.0
234,2022,47,43,4,8.5106,15.03,-74,103,-11.9149,-179.1,-74,-5,-19.7674,49,103,72.5
235,2022,41,37,4,9.7561,13.11,-58,103,-8.7561,-114.8,-58,-5,-17.5405,49,103,72.5
236,2022,40,36,4,10.0,12.79,-58,103,-8.325,-106.5,-58,-5,-17.3056,49,103,72.5
237,2022,38,34,4,10.5263,12.15,-58,103,-9.3947,-114.2,-58,-5,-19.0294,49,103,72.5
238,2022,44,39,5,11.3636,14.07,-58,103,-10.8636,-152.8,-58,-6,-20.5897,35,103,65.0
239,2022,49,46,3,6.1224,15.67,-60,52,-17.3878,-272.4,-60,-3,-20.8478,20,52,35.6667
240,2022,38,35,3,7.8947,12.15,-54,52,-14.2105,-172.7,-54,-3,-18.4857,20,52,35.6667
241,2022,36,33,3,8.3333,11.51,-54,52,-13.2778,-152.8,-54,-3,-17.7273,20,52,35.6667
242,2022,32,27,5,15.625,10.23,-54,52,-9.9375,-101.7,-54,-3,-17.2963,16,52,29.8
243,2022,32,28,4,12.5,10.23,-54,52,-13.2188,-135.3,-54,-5,-19.1786,16,52,28.5
244,2022,30,28,2,6.6667,9.59,-54,26,-17.9333,-172.0,-54,-5,-20.7143,16,26,21.0
245,2022,29,26,3,10.3448,9.27,-51,26,-14.1035,-130.8,-51,-5,-18.2692,16,26,22.0
246,2022,28,25,3,10.7143,8.95,-51,24,-15.6071,-139.7,-51,-5,-19.96,16,24,20.6667
247,2022,29,26,3,10.3448,9.27,-51,24,-15.8966,-147.4,-51,-5,-20.1154,16,24,20.6667
248,2022,27,24,3,11.1111,8.63,-44,24,-13.5556,-117.0,-44,-5,-17.8333,16,24,20.6667
249,2022,25,22,3,12.0,7.99,-106,24,-16.44,-131.4,-106,-5,-21.0,5,24,17.0
250,2022,22,19,3,13.6364,7.03,-106,24,-15.0455,-105.8,-106,-5,-20.1053,5,24,17.0
251,2022,21,18,3,14.2857,6.72,-106,24,-15.4286,-103.6,-106,-5,-20.8333,5,24,17.0
252,2022,19,18,1,5.2632,6.08,-106,5,-19.4737,-118.3,-106,-5,-20.8333,5,5,5.0
253,2022,19,18,1,5.2632,6.08,-106,12,-20.8421,-126.6,-106,-4,-22.6667,12,12,12.0
254,2022,21,20,1,4.7619,6.72,-83,12,-20.8095,-139.7,-83,-4,-22.45,12,12,12.0
255,2022,22,21,1,4.5455,7.03,-83,12,-20.0909,-141.3,-83,-4,-21.6191,12,12,12.0
256,2022,28,26,2,7.1429,8.95,-83,31,-21.0,-188.0,-83,-4,-24.2692,12,31,21.5
257,2022,30,28,2,6.6667,9.59,-88,31,-21.4,-205.3,-88,-4,-24.4643,12,31,21.5
258,2022,32,30,2,6.25,10.23,-88,31,-21.0938,-215.8,-88,-4,-23.9333,12,31,21.5
259,2022,27,25,2,7.4074,8.63,-88,31,-16.037,-138.5,-88,-5,-19.72,29,31,30.0
260,2022,31,29,2,6.4516,9.91,-88,31,-17.4516,-173.0,-88,-5,-20.7241,29,31,30.0
261,2022,26,25,1,3.8462,8.31,-47,31,-16.0,-133.0,-47,-5,-17.88,31,31,31.0
262,2022,21,21,0,0.0,6.72,-47,-5,-18.2381,-122.5,-47,-5,-18.2381,0,0,0.0
263,2022,26,26,0,0.0,8.31,-47,-5,-17.8462,-148.4,-47,-5,-17.8462,0,0,0.0
264,2022,26,25,1,3.8462,8.31,-47,22,-16.8846,-140.4,-47,-5,-18.44,22,22,22.0
265,2022,26,25,1,3.8462,8.31,-47,22,-17.0,-141.3,-47,-5,-18.56,22,22,22.0
266,2022,25,24,1,4.0,7.99,-79,22,-19.04,-152.2,-79,-5,-20.75,22,22,22.0
267,2022,21,20,1,4.7619,6.72,-79,22,-19.9048,-133.7,-79,-5,-22.0,22,22,22.0
268,2022,20,19,1,5.0,6.4,-79,22,-21.75,-139.1,-79,-5,-24.0526,22,22,22.0
269,2022,18,17,1,5.5556,5.76,-79,22,-19.0556,-109.7,-79,-5,-21.4706,22,22,22.0
270,2022,12,12,0,0.0,3.84,-79,-5,-23.0833,-88.6,-79,-5,-23.0833,0,0,0.0
271,2022,18,17,1,5.5556,5.76,-79,20,-19.0556,-109.7,-79,-7,-21.3529,20,20,20.0
272,2022,15,14,1,6.6667,4.8,-79,20,-20.3333,-97.5,-79,-7,-23.2143,20,20,20.0
273,2022,16,15,1,6.25,5.12,-59,20,-15.75,-80.6,-59,-7,-18.1333,20,20,20.0
274,2022,18,16,2,11.1111,5.76,-37,20,-11.8889,-68.4,-37,-7,-15.875,20,20,20.0
275,2022,19,17,2,10.5263,6.08,-37,20,-10.0,-60.8,-37,-5,-13.5294,20,20,20.0
276,2022,18,16,2,11.1111,5.76,-37,20,-10.3889,-59.8,-37,-5,-14.1875,20,20,20.0
277,2022,15,13,2,13.3333,4.8,-37,20,-9.7333,-46.7,-37,-5,-14.3077,20,20,20.0
278,2022,14,13,1,7.1429,4.48,-22,20,-10.5714,-47.3,-22,-5,-12.9231,20,20,20.0
279,2022,15,15,0,0.0,4.8,-22,-5,-13.7333,-65.9,-22,-5,-13.7333,0,0,0.0
280,2022,17,17,0,0.0,5.44,-64,-5,-17.4118,-94.7,-64,-5,-17.4118,0,0,0.0
281,2022,21,20,1,4.7619,6.72,-64,94,-18.0476,-121.2,-64,-5,-23.65,94,94,94.0
1,2023,24,23,1,4.1667,7.67,-79,7,-22.8333,-175.2,-79,-3,-24.1304,7,7,7.0
2,2023,22,20,2,9.0909,7.03,-57,28,-18.3182,-128.9,-57,-3,-21.9,7,28,17.5
3,2023,23,21,2,8.6957,7.35,-57,28,-16.8261,-123.7,-57,-3,-20.0952,7,28,17.5
4,2023,20,19,1,5.0,6.4,-54,28,-14.7,-94.0,-54,-3,-16.9474,28,28,28.0
5,2023,17,16,1,5.8824,5.44,-49,28,-12.5294,-68.1,-49,-3,-15.0625,28,28,28.0
6,2023,17,16,1,5.8824,5.44,-30,7,-10.5294,-57.2,-30,-2,-11.625,7,7,7.0
7,2023,18,17,1,5.5556,5.76,-25,7,-10.3889,-59.8,-25,-2,-11.4118,7,7,7.0
8,2023,21,20,1,4.7619,6.72,-39,7,-12.9048,-86.7,-39,-2,-13.9,7,7,7.0
9,2023,23,22,1,4.3478,7.35,-39,7,-13.7826,-101.4,-39,-2,-14.7273,7,7,7.0
10,2023,18,18,0,0.0,5.76,-39,-4,-16.7222,-96.2,-39,-4,-16.7222,0,0,0.0
11,2023,16,16,0,0.0,5.12,-39,-3,-16.3125,-83.5,-39,-3,-16.3125,0,0,0.0
12,2023,19,19,0,0.0,6.08,-50,-3,-17.4211,-105.8,-50,-3,-17.4211,0,0,0.0
13,2023,20,20,0,0.0,6.4,-50,-3,-16.95,-108.4,-50,-3,-16.95,0,0,0.0
14,2023,25,24,1,4.0,7.99,-50,39,-13.96,-111.6,-50,-3,-16.1667,39,39,39.0
15,2023,26,25,1,3.8462,8.31,-50,39,-13.9615,-116.1,-50,-3,-16.08,39,39,39.0
16,2023,28,27,1,3.5714,8.95,-50,39,-14.3929,-128.9,-50,-3,-16.3704,39,39,39.0
17,2023,27,26,1,3.7037,8.63,-108,39,-16.5556,-142.9,-108,-3,-18.6923,39,39,39.0
18,2023,30,29,1,3.3333,9.59,-108,39,-14.2333,-136.5,-108,-3,-16.069,39,39,39.0
19,2023,31,30,1,3.2258,9.91,-108,39,-14.9677,-148.4,-108,-3,-16.7667,39,39,39.0
20,2023,27,26,1,3.7037,8.63,-108,39,-14.5185,-125.3,-108,-3,-16.5769,39,39,39.0
21,2023,27,26,1,3.7037,8.63,-108,39,-14.5926,-126.0,-108,-4,-16.6539,39,39,39.0
22,2023,26,25,1,3.8462,8.31,-108,15,-15.4231,-128.2,-108,-4,-16.64,15,15,15.0
23,2023,21,20,1,4.7619,6.72,-26,15,-11.1429,-74.8,-26,-4,-12.45,15,15,15.0
24,2023,18,17,1,5.5556,5.76,-24,15,-11.0,-63.3,-24,-4,-12.5294,15,15,15.0
25,2023,16,15,1,6.25,5.12,-21,15,-10.9375,-56.0,-21,-4,-12.6667,15,15,15.0
26,2023,14,13,1,7.1429,4.48,-26,15,-12.4286,-55.6,-26,-9,-14.5385,15,15,15.0
27,2023,13,12,1,7.6923,4.16,-33,15,-14.4615,-60.1,-33,-9,-16.9167,15,15,15.0
28,2023,13,13,0,0.0,4.16,-33,-5,-16.3077,-67.8,-33,-5,-16.3077,0,0,0.0
29,2023,18,18,0,0.0,5.76,-33,-5,-16.1667,-93.1,-33,-5,-16.1667,0,0,0.0
30,2023,25,24,1,4.0,7.99,-33,6,-14.28,-114.2,-33,-5,-15.125,6,6,6.0
31,2023,23,22,1,4.3478,7.35,-33,6,-14.2609,-104.9,-33,-5,-15.1818,6,6,6.0
32,2023,20,19,1,5.0,6.4,-38,6,-15.3,-97.8,-38,-8,-16.4211,6,6,6.0
33,2023,22,21,1,4.5455,7.03,-38,6,-15.4091,-108.4,-38,-8,-16.4286,6,6,6.0
34,2023,21,20,1,4.7619,6.72,-38,6,-14.2381,-95.6,-38,-6,-15.25,6,6,6.0
35,2023,22,20,2,9.0909,7.03,-38,26,-12.5455,-88.3,-38,-6,-15.4,6,26,16.0
36,2023,15,14,1,6.6667,4.8,-38,26,-12.4,-59.5,-38,-6,-15.1429,26,26,26.0
37,2023,15,14,1,6.6667,4.8,-44,26,-13.0,-62.4,-44,-5,-15.7857,26,26,26.0
38,2023,18,18,0,0.0,5.76,-44,-5,-16.3333,-94.0,-44,-5,-16.3333,0,0,0.0
39,2023,18,17,1,5.5556,5.76,-44,77,-11.4444,-65.9,-44,-5,-16.6471,77,77,77.0
40,2023,16,14,2,12.5,5.12,-44,77,-9.3125,-47.6,-44,-5,-16.3571,3,77,40.0
41,2023,16,14,2,12.5,5.12,-44,77,-11.0625,-56.6,-44,-5,-18.3571,3,77,40.0
42,2023,15,13,2,13.3333,4.8,-44,77,-9.5333,-45.7,-44,-5,-17.1539,3,77,40.0
43,2023,11,9,2,18.1818,3.52,-26,77,-6.9091,-24.3,-26,-5,-17.3333,3,77,40.0
44,2023,10,9,1,10.0,3.2,-22,3,-12.8,-40.9,-22,-5,-14.5556,3,3,3.0
45,2023,11,9,2,18.1818,3.52,-21,20,-9.6364,-33.9,-21,-5,-14.3333,3,20,11.5
46,2023,12,11,1,8.3333,3.84,-21,20,-11.0,-42.2,-21,-5,-13.8182,20,20,20.0
47,2023,11,10,1,9.0909,3.52,-21,20,-10.4546,-36.8,-21,-5,-13.5,20,20,20.0
48,2023,11,10,1,9.0909,3.52,-54,20,-14.1818,-49.9,-54,-5,-17.6,20,20,20.0
49,2023,12,11,1,8.3333,3.84,-54,25,-12.6667,-48.6,-54,-5,-16.0909,25,25,25.0
50,2023,10,8,2,20.0,3.2,-54,25,-10.5,-33.6,-54,-9,-17.5,10,25,17.5
51,2023,12,10,2,16.6667,3.84,-54,25,-11.5,-44.1,-54,-5,-17.3,10,25,17.5
52,2023,14,12,2,14.2857,4.48,-54,25,-14.3571,-64.3,-54,-3,-19.6667,10,25,17.5
53,2023,18,16,2,11.1111,5.76,-54,25,-14.1667,-81.5,-54,-3,-18.125,10,25,17.5
54,2023,21,20,1,4.7619,6.72,-32,25,-12.9048,-86.7,-32,-3,-14.8,25,25,25.0
55,2023,25,25,0,0.0,7.99,-32,-3,-15.08,-120.6,-32,-3,-15.08,0,0,0.0
56,2023,28,28,0,0.0,8.95,-32,-3,-16.3214,-146.1,-32,-3,-16.3214,0,0,0.0
57,2023,27,27,0,0.0,8.63,-30,-3,-16.5556,-142.9,-30,-3,-16.5556,0,0,0.0
58,2023,24,24,0,0.0,7.67,-30,-3,-16.625,-127.6,-30,-3,-16.625,0,0,0.0
59,2023,21,21,0,0.0,6.72,-30,-3,-15.8095,-106.2,-30,-3,-15.8095,0,0,0.0
60,2023,15,15,0,0.0,4.8,-30,-3,-17.6667,-84.7,-30,-3,-17.6667,0,0,0.0
61,2023,14,14,0,0.0,4.48,-25,-3,-15.4286,-69.1,-25,-3,-15.4286,0,0,0.0
62,2023,9,9,0,0.0,2.88,-25,-3,-15.4444,-44.4,-25,-3,-15.4444,0,0,0.0
63,2023,10,10,0,0.0,3.2,-36,-3,-18.4,-58.8,-36,-3,-18.4,0,0,0.0
64,2023,10,10,0,0.0,3.2,-54,-3,-22.2,-71.0,-54,-3,-22.2,0,0,0.0
65,2023,9,9,0,0.0,2.88,-54,-3,-24.3333,-70.0,-54,-3,-24.3333,0,0,0.0
66,2023,10,10,0,0.0,3.2,-77,-3,-30.3,-96.9,-77,-3,-30.3,0,0,0.0
67,2023,7,7,0,0.0,2.24,-77,-11,-32.7143,-73.2,-77,-11,-32.7143,0,0,0.0
68,2023,8,8,0,0.0,2.56,-77,-11,-30.125,-77.1,-77,-11,-30.125,0,0,0.0
69,2023,8,8,0,0.0,2.56,-77,-11,-25.875,-66.2,-77,-11,-25.875,0,0,0.0
70,2023,13,12,1,7.6923,4.16,-77,5,-26.0,-108.1,-77,-11,-28.5833,5,5,5.0
71,2023,14,13,1,7.1429,4.48,-77,5,-24.3571,-109.0,-77,-11,-26.6154,5,5,5.0
72,2023,14,12,2,14.2857,4.48,-58,47,-16.8571,-75.5,-58,-13,-24.0,5,47,26.0
73,2023,18,16,2,11.1111,5.76,-58,47,-23.1111,-133.0,-58,-13,-29.25,5,47,26.0
74,2023,18,16,2,11.1111,5.76,-58,47,-21.5556,-124.1,-58,-3,-27.5,5,47,26.0
75,2023,15,14,1,6.6667,4.8,-58,5,-25.4667,-122.2,-58,-3,-27.6429,5,5,5.0
76,2023,11,11,0,0.0,3.52,-57,-3,-26.4546,-93.1,-57,-3,-26.4546,0,0,0.0
77,2023,8,8,0,0.0,2.56,-39,-3,-21.0,-53.7,-39,-3,-21.0,0,0,0.0
78,2023,6,6,0,0.0,1.92,-39,-3,-19.8333,-38.1,-39,-3,-19.8333,0,0,0.0
79,2023,4,4,0,0.0,1.28,-17,-3,-12.0,-15.3,-17,-3,-12.0,0,0,0.0
80,2023,3,3,0,0.0,0.96,-17,-3,-11.0,-10.6,-17,-3,-11.0,0,0,0.0
81,2023,5,5,0,0.0,1.6,-18,-13,-15.2,-24.3,-18,-13,-15.2,0,0,0.0
82,2023,6,6,0,0.0,1.92,-24,-11,-15.6667,-30.1,-24,-11,-15.6667,0,0,0.0
83,2023,6,6,0,0.0,1.92,-24,-11,-15.6667,-30.1,-24,-11,-15.6667,0,0,0.0
84,2023,6,6,0,0.0,1.92,-34,-11,-19.5,-37.4,-34,-11,-19.5,0,0,0.0
85,2023,8,8,0,0.0,2.56,-35,-8,-21.5,-55.0,-35,-8,-21.5,0,0,0.0
86,2023,5,5,0,0.0,1.6,-35,-8,-24.8,-39.7,-35,-8,-24.8,0,0,0.0
87,2023,7,6,1,14.2857,2.24,-35,8,-19.5714,-43.8,-35,-8,-24.1667,8,8,8.0
88,2023,7,6,1,14.2857,2.24,-35,8,-18.0,-40.3,-35,-8,-22.3333,8,8,8.0
89,2023,7,6,1,14.2857,2.24,-35,8,-15.1429,-33.9,-35,-7,-19.0,8,8,8.0
90,2023,8,7,1,12.5,2.56,-35,8,-15.375,-39.3,-35,-7,-18.7143,8,8,8.0
91,2023,10,8,2,20.0,3.2,-35,17,-10.7,-34.2,-35,-7,-16.5,8,17,12.5
92,2023,13,11,2,15.3846,4.16,-39,17,-13.8462,-57.6,-39,-7,-18.6364,8,17,12.5
93,2023,12,11,1,8.3333,3.84,-39,17,-14.75,-56.6,-39,-7,-17.6364,17,17,17.0
94,2023,10,9,1,10.0,3.2,-41,17,-16.9,-54.0,-41,-8,-20.6667,17,17,17.0
95,2023,9,9,0,0.0,2.88,-41,-8,-21.4444,-61.7,-41,-8,-21.4444,0,0,0.0
96,2023,8,8,0,0.0,2.56,-58,-12,-28.5,-72.9,-58,-12,-28.5,0,0,0.0
97,2023,7,7,0,0.0,2.24,-58,-12,-31.4286,-70.3,-58,-12,-31.4286,0,0,0.0
98,2023,7,7,0,0.0,2.24,-58,-12,-31.4286,-70.3,-58,-12,-31.4286,0,0,0.0
99,2023,6,6,0,0.0,1.92,-58,-12,-33.3333,-64.0,-58,-12,-33.3333,0,0,0.0
100,2023,6,6,0,0.0,1.92,-58,-13,-35.5,-68.1,-58,-13,-35.5,0,0,0.0
101,2023,5,4,1,20.0,1.6,-58,4,-27.2,-43.5,-58,-13,-35.0,4,4,4.0
102,2023,4,3,1,25.0,1.28,-44,4,-19.5,-24.9,-44,-13,-27.3333,4,4,4.0
103,2023,3,2,1,33.3333,0.96,-25,4,-11.3333,-10.9,-25,-13,-19.0,4,4,4.0
104,2023,2,1,1,50.0,0.64,-13,4,-4.5,-2.9,-13,-13,-13.0,4,4,4.0
105,2023,3,2,1,33.3333,0.96,-13,4,-6.0,-5.8,-13,-9,-11.0,4,4,4.0
106,2023,2,2,0,0.0,0.64,-9,-6,-7.5,-4.8,-9,-6,-7.5,0,0,0.0
107,2023,4,4,0,0.0,1.28,-14,-6,-10.5,-13.4,-14,-6,-10.5,0,0,0.0
108,2023,5,5,0,0.0,1.6,-28,-6,-14.0,-22.4,-28,-6,-14.0,0,0,0.0
109,2023,5,5,0,0.0,1.6,-28,-6,-14.0,-22.4,-28,-6,-14.0,0,0,0.0
110,2023,5,5,0,0.0,1.6,-28,-6,-14.0,-22.4,-28,-6,-14.0,0,0,0.0
111,2023,5,5,0,0.0,1.6,-28,-6,-14.0,-22.4,-28,-6,-14.0,0,0,0.0
112,2023,4,4,0,0.0,1.28,-28,-9,-16.0,-20.5,-28,-9,-16.0,0,0,0.0
113,2023,5,5,0,0.0,1.6,-46,-3,-20.0,-32.0,-46,-3,-20.0,0,0,0.0
114,2023,6,6,0,0.0,1.92,-46,-3,-17.1667,-32.9,-46,-3,-17.1667,0,0,0.0
115,2023,8,8,0,0.0,2.56,-46,-3,-19.75,-50.5,-46,-3,-19.75,0,0,0.0
116,2023,10,10,0,0.0,3.2,-42,-3,-16.5,-52.8,-42,-3,-16.5,0,0,0.0
117,2023,11,11,0,0.0,3.52,-42,-3,-18.1818,-64.0,-42,-3,-18.1818,0,0,0.0
118,2023,12,12,0,0.0,3.84,-42,-3,-19.9167,-76.4,-42,-3,-19.9167,0,0,0.0
119,2023,12,12,0,0.0,3.84,-42,-3,-21.6667,-83.1,-42,-3,-21.6667,0,0,0.0
120,2023,14,14,0,0.0,4.48,-39,-3,-20.5714,-92.1,-39,-3,-20.5714,0,0,0.0
121,2023,13,13,0,0.0,4.16,-39,-9,-20.3846,-84.7,-39,-9,-20.3846,0,0,0.0
122,2023,10,10,0,0.0,3.2,-56,-9,-24.2,-77.4,-56,-9,-24.2,0,0,0.0
123,2023,9,9,0,0.0,2.88,-56,-9,-20.3333,-58.5,-56,-9,-20.3333,0,0,0.0
124,2023,9,9,0,0.0,2.88,-56,-9,-22.6667,-65.2,-56,-9,-22.6667,0,0,0.0
125,2023,8,8,0,0.0,2.56,-56,-4,-19.625,-50.2,-56,-4,-19.625,0,0,0.0
126,2023,6,6,0,0.0,1.92,-40,-9,-18.1667,-34.9,-40,-9,-18.1667,0,0,0.0
127,2023,8,8,0,0.0,2.56,-40,-9,-19.375,-49.6,-40,-9,-19.375,0,0,0.0
128,2023,11,11,0,0.0,3.52,-40,-7,-19.7273,-69.4,-40,-7,-19.7273,0,0,0.0
129,2023,10,10,0,0.0,3.2,-32,-7,-18.0,-57.6,-32,-7,-18.0,0,0,0.0
130,2023,15,14,1,6.6667,4.8,-32,30,-14.0667,-67.5,-32,-7,-17.2143,30,30,30.0
131,2023,19,18,1,5.2632,6.08,-32,30,-15.7368,-95.6,-32,-7,-18.2778,30,30,30.0
132,2023,20,19,1,5.0,6.4,-32,30,-15.6,-99.8,-32,-7,-18.0,30,30,30.0
133,2023,22,20,2,9.0909,7.03,-41,47,-13.7273,-96.6,-41,-7,-18.95,30,47,38.5
134,2023,21,20,1,4.7619,6.72,-41,47,-13.5714,-91.1,-41,-5,-16.6,47,47,47.0
135,2023,26,26,0,0.0,8.31,-41,-4,-17.0385,-141.7,-41,-4,-17.0385,0,0,0.0
136,2023,29,29,0,0.0,9.27,-41,-4,-17.931,-166.3,-41,-4,-17.931,0,0,0.0
137,2023,34,34,0,0.0,10.87,-81,-4,-21.0,-228.3,-81,-4,-21.0,0,0,0.0
138,2023,37,37,0,0.0,11.83,-46,-4,-18.7297,-221.6,-46,-4,-18.7297,0,0,0.0
139,2023,31,31,0,0.0,9.91,-46,-4,-19.4194,-192.5,-46,-4,-19.4194,0,0,0.0
140,2023,31,31,0,0.0,9.91,-46,-4,-20.0645,-198.9,-46,-4,-20.0645,0,0,0.0
141,2023,29,29,0,0.0,9.27,-46,-4,-20.3793,-189.0,-46,-4,-20.3793,0,0,0.0
142,2023,26,26,0,0.0,8.31,-46,-6,-21.1923,-176.2,-46,-6,-21.1923,0,0,0.0
143,2023,29,29,0,0.0,9.27,-43,-6,-19.2414,-178.4,-43,-6,-19.2414,0,0,0.0
144,2023,30,29,1,3.3333,9.59,-82,21,-18.4,-176.5,-82,-6,-19.7586,21,21,21.0
145,2023,33,31,2,6.0606,10.55,-82,22,-18.4546,-194.7,-82,-6,-21.0323,21,22,21.5
146,2023,30,28,2,6.6667,9.59,-82,22,-17.8667,-171.4,-82,-4,-20.6786,21,22,21.5
147,2023,36,35,1,2.7778,11.51,-82,22,-19.1111,-220.0,-82,-4,-20.2857,22,22,22.0
148,2023,39,37,2,5.1282,12.47,-82,22,-17.641,-220.0,-82,-4,-19.7838,22,22,22.0
149,2023,35,33,2,5.7143,11.19,-39,22,-14.8857,-166.6,-39,-4,-17.1212,22,22,22.0
150,2023,28,26,2,7.1429,8.95,-39,22,-14.9286,-133.7,-39,-6,-17.7692,22,22,22.0
151,2023,23,22,1,4.3478,7.35,-33,22,-15.7826,-116.1,-33,-6,-17.5,22,22,22.0
152,2023,18,17,1,5.5556,5.76,-33,22,-15.5,-89.2,-33,-4,-17.7059,22,22,22.0
153,2023,14,13,1,7.1429,4.48,-43,22,-19.2857,-86.3,-43,-4,-22.4615,22,22,22.0
154,2023,14,14,0,0.0,4.48,-43,-4,-21.1429,-94.7,-43,-4,-21.1429,0,0,0.0
155,2023,17,17,0,0.0,5.44,-43,-4,-20.6471,-112.2,-43,-4,-20.6471,0,0,0.0
156,2023,14,14,0,0.0,4.48,-43,-4,-20.7143,-92.7,-43,-4,-20.7143,0,0,0.0
157,2023,13,13,0,0.0,4.16,-43,-4,-18.6154,-77.4,-43,-4,-18.6154,0,0,0.0
158,2023,10,10,0,0.0,3.2,-43,-8,-18.7,-59.8,-43,-8,-18.7,0,0,0.0
159,2023,11,11,0,0.0,3.52,-22,-8,-16.5455,-58.2,-22,-8,-16.5455,0,0,0.0
160,2023,10,10,0,0.0,3.2,-22,-5,-15.0,-48.0,-22,-5,-15.0,0,0,0.0
161,2023,8,8,0,0.0,2.56,-24,-5,-16.125,-41.2,-24,-5,-16.125,0,0,0.0
162,2023,7,7,0,0.0,2.24,-51,-5,-20.2857,-45.4,-51,-5,-20.2857,0,0,0.0
163,2023,9,9,0,0.0,2.88,-51,-5,-20.2222,-58.2,-51,-5,-20.2222,0,0,0.0
164,2023,7,7,0,0.0,2.24,-51,-13,-24.8571,-55.6,-51,-13,-24.8571,0,0,0.0
165,2023,9,9,0,0.0,2.88,-51,-13,-23.8889,-68.7,-51,-13,-23.8889,0,0,0.0
166,2023,8,8,0,0.0,2.56,-51,-13,-24.25,-62.0,-51,-13,-24.25,0,0,0.0
167,2023,10,10,0,0.0,3.2,-51,-13,-24.5,-78.3,-51,-13,-24.5,0,0,0.0
168,2023,8,8,0,0.0,2.56,-31,-9,-19.0,-48.6,-31,-9,-19.0,0,0,0.0
169,2023,6,6,0,0.0,1.92,-31,-5,-16.0,-30.7,-31,-5,-16.0,0,0,0.0
170,2023,7,7,0,0.0,2.24,-31,-5,-17.2857,-38.7,-31,-5,-17.2857,0,0,0.0
171,2023,6,6,0,0.0,1.92,-31,-5,-20.1667,-38.7,-31,-5,-20.1667,0,0,0.0
172,2023,5,5,0,0.0,1.6,-31,-5,-18.0,-28.8,-31,-5,-18.0,0,0,0.0
173,2023,6,6,0,0.0,1.92,-31,-5,-17.6667,-33.9,-31,-5,-17.6667,0,0,0.0
174,2023,6,6,0,0.0,1.92,-31,-6,-20.0,-38.4,-31,-6,-20.0,0,0,0.0
175,2023,6,6,0,0.0,1.92,-30,-6,-16.0,-30.7,-30,-6,-16.0,0,0,0.0
176,2023,6,6,0,0.0,1.92,-30,-7,-16.5,-31.7,-30,-7,-16.5,0,0,0.0
177,2023,7,7,0,0.0,2.24,-30,-7,-15.5714,-34.9,-30,-7,-15.5714,0,0,0.0
178,2023,9,8,1,11.1111,2.88,-22,9,-10.5556,-30.4,-22,-6,-13.0,9,9,9.0
179,2023,11,10,1,9.0909,3.52,-22,9,-11.0909,-39.0,-22,-5,-13.1,9,9,9.0
180,2023,12,10,2,16.6667,3.84,-22,24,-5.8333,-22.4,-22,-5,-10.3,9,24,16.5
181,2023,10,8,2,20.0,3.2,-22,24,-5.5,-17.6,-22,-5,-11.0,9,24,16.5
182,2023,7,6,1,14.2857,2.24,-22,24,-5.7143,-12.8,-22,-5,-10.6667,24,24,24.0
183,2023,7,6,1,14.2857,2.24,-22,24,-4.7143,-10.6,-22,-5,-9.5,24,24,24.0
184,2023,8,7,1,12.5,2.56,-22,24,-5.375,-13.7,-22,-5,-9.5714,24,24,24.0
185,2023,7,6,1,14.2857,2.24,-38,24,-9.1429,-20.5,-38,-5,-14.6667,24,24,24.0
186,2023,5,5,0,0.0,1.6,-38,-5,-16.4,-26.2,-38,-5,-16.4,0,0,0.0
187,2023,10,10,0,0.0,3.2,-72,-5,-26.8,-85.7,-72,-5,-26.8,0,0,0.0
188,2023,10,10,0,0.0,3.2,-72,-15,-30.7,-98.2,-72,-15,-30.7,0,0,0.0
189,2023,13,13,0,0.0,4.16,-98,-10,-33.3077,-138.5,-98,-10,-33.3077,0,0,0.0
190,2023,16,16,0,0.0,5.12,-98,-5,-27.5625,-141.0,-98,-5,-27.5625,0,0,0.0
191,2023,16,16,0,0.0,5.12,-98,-5,-23.0,-117.7,-98,-5,-23.0,0,0,0.0
192,2023,18,18,0,0.0,5.76,-98,-5,-20.7222,-119.3,-98,-5,-20.7222,0,0,0.0
193,2023,18,18,0,0.0,5.76,-98,-5,-19.1667,-110.3,-98,-5,-19.1667,0,0,0.0
194,2023,16,16,0,0.0,5.12,-98,-5,-20.0,-102.3,-98,-5,-20.0,0,0,0.0
195,2023,16,16,0,0.0,5.12,-98,-5,-20.1875,-103.3,-98,-5,-20.1875,0,0,0.0
196,2023,16,16,0,0.0,5.12,-30,-8,-16.8125,-86.0,-30,-8,-16.8125,0,0,0.0
197,2023,13,13,0,0.0,4.16,-30,-9,-17.1539,-71.3,-30,-9,-17.1539,0,0,0.0
198,2023,11,11,0,0.0,3.52,-30,-9,-18.0909,-63.6,-30,-9,-18.0909,0,0,0.0
199,2023,9,9,0,0.0,2.88,-30,-9,-18.3333,-52.8,-30,-9,-18.3333,0,0,0.0
200,2023,10,9,1,10.0,3.2,-30,24,-15.8,-50.5,-30,-11,-20.2222,24,24,24.0
201,2023,10,9,1,10.0,3.2,-30,24,-16.0,-51.2,-30,-12,-20.4444,24,24,24.0
202,2023,11,9,2,18.1818,3.52,-26,24,-9.1818,-32.3,-26,-8,-16.4444,23,24,23.5
203,2023,11,9,2,18.1818,3.52,-26,24,-9.3636,-32.9,-26,-8,-16.6667,23,24,23.5
204,2023,12,10,2,16.6667,3.84,-26,24,-10.6667,-40.9,-26,-8,-17.5,23,24,23.5
205,2023,12,10,2,16.6667,3.84,-26,24,-9.9167,-38.1,-26,-5,-16.6,23,24,23.5
206,2023,11,9,2,18.1818,3.52,-24,24,-9.2727,-32.6,-24,-5,-16.5556,23,24,23.5
207,2023,9,9,0,0.0,2.88,-24,-4,-15.1111,-43.5,-24,-4,-15.1111,0,0,0.0
208,2023,8,8,0,0.0,2.56,-24,-4,-16.375,-41.9,-24,-4,-16.375,0,0,0.0
209,2023,10,10,0,0.0,3.2,-22,-4,-14.7,-47.0,-22,-4,-14.7,0,0,0.0
210,2023,10,10,0,0.0,3.2,-61,-4,-17.4,-55.6,-61,-4,-17.4,0,0,0.0
211,2023,16,16,0,0.0,5.12,-61,-4,-18.6875,-95.6,-61,-4,-18.6875,0,0,0.0
212,2023,15,15,0,0.0,4.8,-61,-9,-19.4667,-93.4,-61,-9,-19.4667,0,0,0.0
213,2023,15,15,0,0.0,4.8,-61,-11,-18.5333,-88.9,-61,-11,-18.5333,0,0,0.0
214,2023,15,15,0,0.0,4.8,-61,-11,-18.7333,-89.9,-61,-11,-18.7333,0,0,0.0
215,2023,15,15,0,0.0,4.8,-61,-6,-18.7333,-89.9,-61,-6,-18.7333,0,0,0.0
216,2023,12,12,0,0.0,3.84,-30,-6,-16.5,-63.3,-30,-6,-16.5,0,0,0.0
217,2023,8,8,0,0.0,2.56,-36,-6,-19.625,-50.2,-36,-6,-19.625,0,0,0.0
218,2023,10,10,0,0.0,3.2,-36,-6,-20.0,-64.0,-36,-6,-20.0,0,0,0.0
219,2023,9,9,0,0.0,2.88,-36,-7,-21.3333,-61.4,-36,-7,-21.3333,0,0,0.0
220,2023,8,8,0,0.0,2.56,-53,-7,-25.0,-64.0,-53,-7,-25.0,0,0,0.0
221,2023,10,10,0,0.0,3.2,-53,-7,-25.5,-81.5,-53,-7,-25.5,0,0,0.0
222,2023,7,7,0,0.0,2.24,-36,-13,-23.8571,-53.4,-36,-13,-23.8571,0,0,0.0
223,2023,7,7,0,0.0,2.24,-33,-4,-18.4286,-41.2,-33,-4,-18.4286,0,0,0.0
224,2023,7,7,0,0.0,2.24,-33,-4,-18.4286,-41.2,-33,-4,-18.4286,0,0,0.0
225,2023,13,13,0,0.0,4.16,-43,-4,-22.9231,-95.3,-43,-4,-22.9231,0,0,0.0
226,2023,11,11,0,0.0,3.52,-43,-4,-22.9091,-80.6,-43,-4,-22.9091,0,0,0.0
227,2023,11,11,0,0.0,3.52,-43,-4,-23.2727,-81.9,-43,-4,-23.2727,0,0,0.0
228,2023,11,10,1,9.0909,3.52,-43,5,-21.7273,-76.4,-43,-10,-24.4,5,5,5.0
229,2023,11,10,1,9.0909,3.52,-35,5,-18.1818,-64.0,-35,-9,-20.5,5,5,5.0
230,2023,8,7,1,12.5,2.56,-35,5,-18.375,-47.0,-35,-9,-21.7143,5,5,5.0
231,2023,10,9,1,10.0,3.2,-30,5,-15.3,-48.9,-30,-7,-17.5556,5,5,5.0
232,2023,9,8,1,11.1111,2.88,-48,5,-17.1111,-49.2,-48,-7,-19.875,5,5,5.0
233,2023,9,8,1,11.1111,2.88,-48,5,-17.2222,-49.6,-48,-7,-20.0,5,5,5.0
234,2023,9,8,1,11.1111,2.88,-48,8,-14.0,-40.3,-48,-7,-16.75,8,8,8.0
235,2023,12,11,1,8.3333,3.84,-32,8,-12.3333,-47.3,-32,-7,-14.1818,8,8,8.0
236,2023,12,11,1,8.3333,3.84,-32,8,-12.1667,-46.7,-32,-7,-14.0,8,8,8.0
237,2023,11,10,1,9.0909,3.52,-32,8,-12.6364,-44.4,-32,-8,-14.7,8,8,8.0
238,2023,16,14,2,12.5,5.12,-78,26,-16.375,-83.8,-78,-5,-21.1429,8,26,17.0
239,2023,14,12,2,14.2857,4.48,-32,26,-12.9286,-57.9,-32,-5,-17.9167,8,26,17.0
240,2023,13,13,0,0.0,4.16,-35,-5,-17.8462,-74.2,-35,-5,-17.8462,0,0,0.0
241,2023,16,16,0,0.0,5.12,-35,-5,-16.9375,-86.7,-35,-5,-16.9375,0,0,0.0
242,2023,16,16,0,0.0,5.12,-68,-5,-19.8125,-101.4,-68,-5,-19.8125,0,0,0.0
243,2023,19,19,0,0.0,6.08,-68,-5,-18.1053,-110.0,-68,-5,-18.1053,0,0,0.0
244,2023,18,17,1,5.5556,5.76,-68,46,-14.9444,-86.0,-68,-6,-18.5294,46,46,46.0
245,2023,19,18,1,5.2632,6.08,-35,46,-13.579,-82.5,-35,-6,-16.8889,46,46,46.0
246,2023,22,21,1,4.5455,7.03,-35,46,-13.2273,-93.1,-35,-5,-16.0476,46,46,46.0
247,2023,24,23,1,4.1667,7.67,-36,46,-11.6667,-89.5,-36,-5,-14.1739,46,46,46.0
248,2023,20,19,1,5.0,6.4,-70,46,-13.95,-89.2,-70,-5,-17.1053,46,46,46.0
249,2023,20,18,2,10.0,6.4,-70,46,-11.45,-73.2,-70,-5,-15.8333,10,46,28.0
250,2023,18,15,3,16.6667,5.76,-27,10,-10.5556,-60.8,-27,-5,-14.0,5,10,6.6667
251,2023,16,13,3,18.75,5.12,-27,10,-9.3125,-47.6,-27,-5,-13.0,5,10,6.6667
252,2023,12,10,2,16.6667,3.84,-96,5,-14.3333,-55.0,-96,-5,-18.2,5,5,5.0
253,2023,18,16,2,11.1111,5.76,-96,5,-18.3889,-105.8,-96,-5,-21.3125,5,5,5.0
254,2023,20,18,2,10.0,6.4,-96,5,-17.35,-111.0,-96,-6,-19.8333,5,5,5.0
255,2023,23,19,4,17.3913,7.35,-96,20,-17.3044,-127.3,-96,-6,-22.8421,5,20,9.0
256,2023,27,23,4,14.8148,8.63,-96,20,-18.3333,-158.3,-96,-6,-23.5217,5,20,11.5
257,2023,27,24,3,11.1111,8.63,-48,20,-14.5185,-125.3,-48,-6,-18.0417,6,20,13.6667
258,2023,31,28,3,9.6774,9.91,-54,20,-15.4839,-153.5,-54,-4,-18.6071,6,20,13.6667
259,2023,33,30,3,9.0909,10.55,-54,22,-16.5455,-174.6,-54,-4,-20.1,15,22,19.0
260,2023,35,32,3,8.5714,11.19,-54,22,-16.9429,-189.6,-54,-4,-20.3125,15,22,19.0
261,2023,30,29,1,3.3333,9.59,-48,15,-17.4667,-167.6,-48,-4,-18.5862,15,15,15.0
262,2023,25,25,0,0.0,7.99,-36,-4,-16.84,-134.6,-36,-4,-16.84,0,0,0.0
263,2023,36,35,1,2.7778,11.51,-51,5,-16.9444,-195.1,-51,-4,-17.5714,5,5,5.0
264,2023,31,30,1,3.2258,9.91,-51,5,-15.5161,-153.8,-51,-4,-16.2,5,5,5.0
265,2023,28,27,1,3.5714,8.95,-51,5,-15.6429,-140.1,-51,-4,-16.4074,5,5,5.0
266,2023,27,26,1,3.7037,8.63,-51,5,-14.037,-121.2,-51,-4,-14.7692,5,5,5.0
267,2023,32,31,1,3.125,10.23,-51,5,-14.2813,-146.1,-51,-5,-14.9032,5,5,5.0
268,2023,35,34,1,2.8571,11.19,-51,5,-14.4857,-162.1,-51,-4,-15.0588,5,5,5.0
269,2023,33,33,0,0.0,10.55,-54,-4,-15.9697,-168.5,-54,-4,-15.9697,0,0,0.0
270,2023,33,33,0,0.0,10.55,-54,-4,-15.303,-161.5,-54,-4,-15.303,0,0,0.0
271,2023,28,28,0,0.0,8.95,-54,-4,-16.3571,-146.5,-54,-4,-16.3571,0,0,0.0
272,2023,28,27,1,3.5714,8.95,-54,10,-17.6786,-158.3,-54,-4,-18.7037,10,10,10.0
273,2023,31,30,1,3.2258,9.91,-54,10,-16.6452,-165.0,-54,-4,-17.5333,10,10,10.0
274,2023,29,29,0,0.0,9.27,-47,-4,-16.2759,-150.9,-47,-4,-16.2759,0,0,0.0
275,2023,28,28,0,0.0,8.95,-47,-5,-16.75,-150.0,-47,-5,-16.75,0,0,0.0
276,2023,27,27,0,0.0,8.63,-37,-5,-15.0,-129.5,-37,-5,-15.0,0,0,0.0
277,2023,19,18,1,5.2632,6.08,-37,9,-14.5263,-88.3,-37,-5,-15.8333,9,9,9.0
278,2023,26,25,1,3.8462,8.31,-58,9,-17.1154,-142.3,-58,-5,-18.16,9,9,9.0
279,2023,25,23,2,8.0,7.99,-58,53,-15.6,-124.7,-58,-5,-19.6522,9,53,31.0
280,2023,30,28,2,6.6667,9.59,-63,53,-16.6333,-159.6,-63,-5,-20.0357,9,53,31.0
281,2023,34,32,2,5.8824,10.87,-63,9,-19.8235,-215.5,-63,-6,-21.5625,7,9,8.0
1,2024,11,9,2,18.1818,3.52,-39,37,-13.3636,-47.0,-39,-9,-20.8889,4,37,20.5
2,2024,10,9,1,10.0,3.2,-39,37,-11.5,-36.8,-39,-9,-16.8889,37,37,37.0
3,2024,11,11,0,0.0,3.52,-42,-9,-19.5455,-68.7,-42,-9,-19.5455,0,0,0.0
4,2024,9,9,0,0.0,2.88,-85,-3,-26.2222,-75.5,-85,-3,-26.2222,0,0,0.0
5,2024,9,9,0,0.0,2.88,-85,-10,-28.6667,-82.5,-85,-10,-28.6667,0,0,0.0
6,2024,12,12,0,0.0,3.84,-85,-10,-25.3333,-97.2,-85,-10,-25.3333,0,0,0.0
7,2024,12,12,0,0.0,3.84,-85,-8,-22.5,-86.3,-85,-8,-22.5,0,0,0.0
8,2024,10,10,0,0.0,3.2,-85,-8,-32.2,-103.0,-85,-8,-32.2,0,0,0.0
9,2024,11,11,0,0.0,3.52,-78,-7,-28.9091,-101.7,-78,-7,-28.9091,0,0,0.0
10,2024,7,7,0,0.0,2.24,-78,-7,-29.8571,-66.8,-78,-7,-29.8571,0,0,0.0
11,2024,8,8,0,0.0,2.56,-78,-7,-26.5,-67.8,-78,-7,-26.5,0,0,0.0
12,2024,9,9,0,0.0,2.88,-78,-7,-21.0,-60.4,-78,-7,-21.0,0,0,0.0
13,2024,12,12,0,0.0,3.84,-78,-7,-20.1667,-77.4,-78,-7,-20.1667,0,0,0.0
14,2024,11,10,1,9.0909,3.52,-78,25,-15.3636,-54.0,-78,-8,-19.4,25,25,25.0
15,2024,11,10,1,9.0909,3.52,-78,25,-15.1818,-53.4,-78,-8,-19.2,25,25,25.0
16,2024,9,8,1,11.1111,2.88,-22,25,-8.3333,-24.0,-22,-8,-12.5,25,25,25.0
17,2024,9,8,1,11.1111,2.88,-22,25,-8.6667,-24.9,-22,-8,-12.875,25,25,25.0
18,2024,12,11,1,8.3333,3.84,-78,25,-17.5833,-67.5,-78,-8,-21.4546,25,25,25.0
19,2024,12,11,1,8.3333,3.84,-78,25,-16.4167,-63.0,-78,-8,-20.1818,25,25,25.0
20,2024,11,10,1,9.0909,3.52,-78,25,-16.6364,-58.5,-78,-8,-20.8,25,25,25.0
21,2024,12,12,0,0.0,3.84,-78,-8,-20.0833,-77.1,-78,-8,-20.0833,0,0,0.0
22,2024,10,10,0,0.0,3.2,-78,-8,-22.4,-71.6,-78,-8,-22.4,0,0,0.0
23,2024,8,8,0,0.0,2.56,-34,-8,-15.875,-40.6,-34,-8,-15.875,0,0,0.0
24,2024,8,8,0,0.0,2.56,-34,-8,-15.875,-40.6,-34,-8,-15.875,0,0,0.0
25,2024,8,8,0,0.0,2.56,-34,-5,-15.375,-39.3,-34,-5,-15.375,0,0,0.0
26,2024,7,7,0,0.0,2.24,-59,-5,-21.4286,-48.0,-59,-5,-21.4286,0,0,0.0
27,2024,9,9,0,0.0,2.88,-59,-3,-17.3333,-49.9,-59,-3,-17.3333,0,0,0.0
28,2024,10,9,1,10.0,3.2,-59,16,-13.1,-41.9,-59,-3,-16.3333,16,16,16.0
29,2024,10,9,1,10.0,3.2,-59,16,-14.1,-45.1,-59,-3,-17.4444,16,16,16.0
30,2024,14,12,2,14.2857,4.48,-92,16,-21.5714,-96.6,-92,-3,-27.5,12,16,14.0
31,2024,13,11,2,15.3846,4.16,-92,16,-23.5385,-97.8,-92,-3,-30.3636,12,16,14.0
32,2024,13,11,2,15.3846,4.16,-92,16,-23.2308,-96.6,-92,-3,-30.0,12,16,14.0
33,2024,11,10,1,9.0909,3.52,-92,12,-26.7273,-94.0,-92,-3,-30.6,12,12,12.0
34,2024,11,10,1,9.0909,3.52,-92,12,-27.3636,-96.2,-92,-10,-31.3,12,12,12.0
35,2024,12,11,1,8.3333,3.84,-92,12,-26.0833,-100.1,-92,-10,-29.5455,12,12,12.0
36,2024,12,11,1,8.3333,3.84,-65,12,-20.3333,-78.0,-65,-10,-23.2727,12,12,12.0
37,2024,11,10,1,9.0909,3.52,-34,12,-17.9091,-63.0,-34,-10,-20.9,12,12,12.0
38,2024,9,9,0,0.0,2.88,-33,-10,-19.6667,-56.6,-33,-10,-19.6667,0,0,0.0
39,2024,6,5,1,16.6667,1.92,-23,24,-8.1667,-15.7,-23,-10,-14.6,24,24,24.0
40,2024,7,5,2,28.5714,2.24,-44,61,-3.1429,-7.0,-44,-10,-21.4,24,61,42.5
41,2024,7,5,2,28.5714,2.24,-65,61,-12.4286,-27.8,-65,-18,-34.4,24,61,42.5
42,2024,10,8,2,20.0,3.2,-65,61,-24.8,-79.3,-65,-9,-41.625,24,61,42.5
43,2024,8,6,2,25.0,2.56,-65,61,-27.125,-69.4,-65,-26,-50.3333,24,61,42.5
44,2024,8,6,2,25.0,2.56,-65,61,-27.125,-69.4,-65,-26,-50.3333,24,61,42.5
45,2024,8,6,2,25.0,2.56,-65,61,-29.25,-74.8,-65,-26,-50.3333,7,61,34.0
46,2024,6,5,1,16.6667,1.92,-65,7,-41.8333,-80.3,-65,-26,-51.6,7,7,7.0
47,2024,3,2,1,33.3333,0.96,-26,7,-12.3333,-11.8,-26,-18,-22.0,7,7,7.0
48,2024,3,3,0,0.0,0.96,-26,-10,-18.0,-17.3,-26,-10,-18.0,0,0,0.0
49,2024,3,3,0,0.0,0.96,-10,-8,-9.3333,-9.0,-10,-8,-9.3333,0,0,0.0
50,2024,4,4,0,0.0,1.28,-10,-8,-9.25,-11.8,-10,-8,-9.25,0,0,0.0
51,2024,7,5,2,28.5714,2.24,-10,7,-4.4286,-9.9,-10,-4,-8.2,3,7,5.0
52,2024,6,4,2,33.3333,1.92,-10,7,-3.8333,-7.4,-10,-4,-8.25,3,7,5.0
53,2024,6,3,3,50.0,1.92,-10,20,1.1667,2.2,-10,-4,-7.6667,3,20,10.0
54,2024,9,6,3,33.3333,2.88,-28,20,-7.7778,-22.4,-28,-4,-16.6667,3,20,10.0
55,2024,9,6,3,33.3333,2.88,-28,20,-7.8889,-22.7,-28,-4,-16.8333,3,20,10.0
56,2024,7,5,2,28.5714,2.24,-28,20,-10.7143,-24.0,-28,-10,-19.6,3,20,11.5
57,2024,7,5,2,28.5714,2.24,-28,20,-10.7143,-24.0,-28,-10,-19.6,3,20,11.5
58,2024,8,7,1,12.5,2.56,-28,20,-13.0,-33.3,-28,-10,-17.7143,20,20,20.0
59,2024,6,5,1,16.6667,1.92,-28,20,-11.1667,-21.4,-28,-10,-17.4,20,20,20.0
60,2024,4,4,0,0.0,1.28,-28,-10,-16.0,-20.5,-28,-10,-16.0,0,0,0.0
61,2024,4,4,0,0.0,1.28,-15,-10,-12.0,-15.3,-15,-10,-12.0,0,0,0.0
62,2024,5,5,0,0.0,1.6,-24,-9,-14.2,-22.7,-24,-9,-14.2,0,0,0.0
63,2024,4,4,0,0.0,1.28,-24,-9,-13.5,-17.3,-24,-9,-13.5,0,0,0.0
64,2024,7,7,0,0.0,2.24,-28,-9,-16.8571,-37.7,-28,-9,-16.8571,0,0,0.0
65,2024,6,6,0,0.0,1.92,-28,-9,-17.0,-32.6,-28,-9,-17.0,0,0,0.0
66,2024,6,6,0,0.0,1.92,-28,-9,-17.0,-32.6,-28,-9,-17.0,0,0,0.0
67,2024,8,8,0,0.0,2.56,-28,-9,-16.25,-41.6,-28,-9,-16.25,0,0,0.0
68,2024,5,5,0,0.0,1.6,-20,-11,-13.8,-22.1,-20,-11,-13.8,0,0,0.0
69,2024,6,6,0,0.0,1.92,-20,-9,-13.0,-24.9,-20,-9,-13.0,0,0,0.0
70,2024,6,6,0,0.0,1.92,-20,-9,-13.8333,-26.5,-20,-9,-13.8333,0,0,0.0
71,2024,5,4,1,20.0,1.6,-17,2,-9.8,-15.7,-17,-9,-12.75,2,2,2.0
72,2024,7,6,1,14.2857,2.24,-19,2,-12.8571,-28.8,-19,-9,-15.3333,2,2,2.0
73,2024,7,6,1,14.2857,2.24,-19,2,-12.8571,-28.8,-19,-9,-15.3333,2,2,2.0
74,2024,7,6,1,14.2857,2.24,-19,2,-12.8571,-28.8,-19,-9,-15.3333,2,2,2.0
75,2024,7,7,0,0.0,2.24,-19,-14,-16.4286,-36.8,-19,-14,-16.4286,0,0,0.0
76,2024,8,8,0,0.0,2.56,-161,-14,-37.5,-95.9,-161,-14,-37.5,0,0,0.0
77,2024,10,10,0,0.0,3.2,-161,-14,-37.4,-119.6,-161,-14,-37.4,0,0,0.0
78,2024,8,8,0,0.0,2.56,-161,-9,-41.25,-105.5,-161,-9,-41.25,0,0,0.0
79,2024,10,10,0,0.0,3.2,-161,-9,-35.7,-114.2,-161,-9,-35.7,0,0,0.0
80,2024,8,8,0,0.0,2.56,-161,-9,-38.375,-98.2,-161,-9,-38.375,0,0,0.0
81,2024,8,8,0,0.0,2.56,-41,-3,-17.25,-44.1,-41,-3,-17.25,0,0,0.0
82,2024,10,9,1,10.0,3.2,-41,17,-16.4,-52.4,-41,-3,-20.1111,17,17,17.0
83,2024,11,10,1,9.0909,3.52,-41,17,-16.1818,-56.9,-41,-3,-19.5,17,17,17.0
84,2024,11,10,1,9.0909,3.52,-73,17,-21.5455,-75.8,-73,-3,-25.4,17,17,17.0
85,2024,9,8,1,11.1111,2.88,-73,17,-24.5556,-70.7,-73,-10,-29.75,17,17,17.0
86,2024,7,6,1,14.2857,2.24,-73,17,-32.7143,-73.2,-73,-16,-41.0,17,17,17.0
87,2024,6,6,0,0.0,1.92,-73,-16,-41.0,-78.7,-73,-16,-41.0,0,0,0.0
88,2024,7,6,1,14.2857,2.24,-58,39,-23.5714,-52.8,-58,-10,-34.0,39,39,39.0
89,2024,9,8,1,11.1111,2.88,-58,39,-22.1111,-63.6,-58,-10,-29.75,39,39,39.0
90,2024,10,9,1,10.0,3.2,-58,39,-20.8,-66.5,-58,-9,-27.4444,39,39,39.0
91,2024,14,13,1,7.1429,4.48,-58,39,-20.5714,-92.1,-58,-9,-25.1539,39,39,39.0
92,2024,13,12,1,7.6923,4.16,-37,39,-14.9231,-62.0,-37,-8,-19.4167,39,39,39.0
93,2024,7,7,0,0.0,2.24,-37,-13,-21.4286,-48.0,-37,-13,-21.4286,0,0,0.0
94,2024,3,3,0,0.0,0.96,-22,-15,-17.6667,-16.9,-22,-15,-17.6667,0,0,0.0
95,2024,5,5,0,0.0,1.6,-43,-11,-21.4,-34.2,-43,-11,-21.4,0,0,0.0
96,2024,9,9,0,0.0,2.88,-65,-8,-23.8889,-68.7,-65,-8,-23.8889,0,0,0.0
97,2024,12,11,1,8.3333,3.84,-71,68,-19.25,-73.9,-71,-8,-27.1818,68,68,68.0
98,2024,14,12,2,14.2857,4.48,-71,68,-16.5714,-74.2,-71,-8,-29.6667,56,68,62.0
99,2024,15,13,2,13.3333,4.8,-71,68,-17.8,-85.4,-71,-8,-30.0769,56,68,62.0
100,2024,14,13,1,7.1429,4.48,-133,56,-32.0714,-143.6,-133,-8,-38.8462,56,56,56.0
101,2024,13,11,2,15.3846,4.16,-133,56,-32.2308,-134.0,-133,-9,-47.0909,43,56,49.5
102,2024,14,11,3,21.4286,4.48,-133,56,-21.0,-94.0,-133,-11,-38.7273,33,56,44.0
103,2024,17,14,3,17.6471,5.44,-133,56,-20.2941,-110.3,-133,-11,-34.0714,33,56,44.0
104,2024,15,13,2,13.3333,4.8,-50,43,-14.8667,-71.3,-50,-11,-23.0,33,43,38.0
105,2024,13,12,1,7.6923,4.16,-54,33,-22.1539,-92.1,-54,-13,-26.75,33,33,33.0
106,2024,11,10,1,9.0909,3.52,-127,33,-29.8182,-104.9,-127,-10,-36.1,33,33,33.0
107,2024,10,8,2,20.0,3.2,-127,63,-20.5,-65.6,-127,-10,-37.625,33,63,48.0
108,2024,10,9,1,10.0,3.2,-127,63,-25.7,-82.2,-127,-10,-35.5556,63,63,63.0
109,2024,9,8,1,11.1111,2.88,-54,45,-16.4444,-47.3,-54,-10,-24.125,45,45,45.0
110,2024,11,9,2,18.1818,3.52,-54,45,-12.3636,-43.5,-54,-10,-24.5556,40,45,42.5
111,2024,10,8,2,20.0,3.2,-31,45,-6.0,-19.2,-31,-10,-18.125,40,45,42.5
112,2024,9,6,3,33.3333,2.88,-31,51,1.4444,4.2,-31,-10,-20.5,40,51,45.3333
113,2024,8,4,4,50.0,2.56,-31,51,9.75,24.9,-31,-10,-21.25,27,51,40.75
114,2024,8,4,4,50.0,2.56,-28,51,9.5,24.3,-28,-10,-16.75,20,51,35.75
115,2024,9,4,5,55.5556,2.88,-28,51,10.5556,30.4,-28,-13,-19.5,20,51,34.6
116,2024,12,7,5,41.6667,3.84,-28,40,0.1667,0.6,-28,-11,-17.7143,4,40,25.2
117,2024,10,5,5,50.0,3.2,-21,40,4.6,14.7,-21,-11,-16.0,4,40,25.2
118,2024,11,5,6,54.5455,3.52,-21,66,7.7273,27.2,-21,-10,-15.4,4,66,27.0
119,2024,12,6,6,50.0,3.84,-27,66,4.25,16.3,-27,-10,-17.3333,4,66,25.8333
120,2024,10,5,5,50.0,3.2,-27,66,5.2,16.6,-27,-10,-16.6,4,66,27.0
121,2024,13,9,4,30.7692,4.16,-65,66,-2.3077,-9.6,-65,-5,-20.8889,10,66,39.5
122,2024,11,6,5,45.4545,3.52,-65,66,3.4545,12.2,-65,-5,-23.6667,10,66,36.0
123,2024,11,7,4,36.3636,3.52,-27,62,1.1818,4.2,-27,-5,-14.4286,10,62,28.5
124,2024,9,6,3,33.3333,2.88,-27,62,1.4444,4.2,-27,-5,-15.1667,20,62,34.6667
125,2024,8,6,2,25.0,2.56,-26,62,0.5,1.3,-26,-5,-13.3333,22,62,42.0
126,2024,9,8,1,11.1111,2.88,-26,62,-5.1111,-14.7,-26,-5,-13.5,62,62,62.0
127,2024,7,7,0,0.0,2.24,-17,-9,-12.2857,-27.5,-17,-9,-12.2857,0,0,0.0
128,2024,9,9,0,0.0,2.88,-21,-9,-14.2222,-40.9,-21,-9,-14.2222,0,0,0.0
129,2024,10,10,0,0.0,3.2,-21,-9,-13.9,-44.4,-21,-9,-13.9,0,0,0.0
130,2024,11,10,1,9.0909,3.52,-28,28,-13.2727,-46.7,-28,-11,-17.4,28,28,28.0
131,2024,13,12,1,7.6923,4.16,-29,28,-14.6154,-60.8,-29,-11,-18.1667,28,28,28.0
132,2024,16,15,1,6.25,5.12,-29,28,-14.9375,-76.4,-29,-11,-17.8,28,28,28.0
133,2024,15,14,1,6.6667,4.8,-29,28,-15.2,-72.9,-29,-11,-18.2857,28,28,28.0
134,2024,13,12,1,7.6923,4.16,-37,28,-17.6923,-73.5,-37,-14,-21.5,28,28,28.0
135,2024,13,12,1,7.6923,4.16,-37,28,-16.9231,-70.3,-37,-10,-20.6667,28,28,28.0
136,2024,11,11,0,0.0,3.52,-37,-10,-18.6364,-65.6,-37,-10,-18.6364,0,0,0.0
137,2024,14,14,0,0.0,4.48,-37,-4,-16.9286,-75.8,-37,-4,-16.9286,0,0,0.0
138,2024,15,15,0,0.0,4.8,-37,-4,-16.2,-77.7,-37,-4,-16.2,0,0,0.0
139,2024,20,20,0,0.0,6.4,-37,-4,-15.9,-101.7,-37,-4,-15.9,0,0,0.0
140,2024,22,21,1,4.5455,7.03,-22,60,-12.7727,-89.9,-22,-7,-16.2381,60,60,60.0
141,2024,23,22,1,4.3478,7.35,-22,60,-12.6522,-93.1,-22,-7,-15.9546,60,60,60.0
142,2024,24,22,2,8.3333,7.67,-22,60,-11.8333,-90.8,-22,-7,-15.9546,7,60,33.5
143,2024,20,18,2,10.0,6.4,-22,60,-10.7,-68.4,-22,-11,-15.6111,7,60,33.5
144,2024,23,21,2,8.6957,7.35,-43,60,-12.1739,-89.5,-43,-11,-16.5238,7,60,33.5
145,2024,30,27,3,10.0,9.59,-43,60,-12.2333,-117.4,-43,-9,-16.8148,7,60,29.0
146,2024,28,27,1,3.5714,8.95,-30,7,-15.3214,-137.2,-30,-9,-16.1482,7,7,7.0
147,2024,29,29,0,0.0,9.27,-30,-9,-15.8966,-147.4,-30,-9,-15.8966,0,0,0.0
148,2024,30,30,0,0.0,9.59,-30,-9,-16.6333,-159.6,-30,-9,-16.6333,0,0,0.0
149,2024,29,29,0,0.0,9.27,-30,-8,-17.0,-157.6,-30,-8,-17.0,0,0,0.0
150,2024,31,31,0,0.0,9.91,-30,-8,-17.0323,-168.8,-30,-8,-17.0323,0,0,0.0
151,2024,22,22,0,0.0,7.03,-30,-9,-17.1364,-120.6,-30,-9,-17.1364,0,0,0.0
152,2024,19,19,0,0.0,6.08,-28,-9,-16.5263,-100.4,-28,-9,-16.5263,0,0,0.0
153,2024,13,13,0,0.0,4.16,-28,-10,-17.2308,-71.6,-28,-10,-17.2308,0,0,0.0
154,2024,13,13,0,0.0,4.16,-29,-10,-17.6154,-73.2,-29,-10,-17.6154,0,0,0.0
155,2024,11,11,0,0.0,3.52,-29,-10,-17.0909,-60.1,-29,-10,-17.0909,0,0,0.0
156,2024,9,9,0,0.0,2.88,-29,-10,-18.2222,-52.4,-29,-10,-18.2222,0,0,0.0
157,2024,11,11,0,0.0,3.52,-29,-10,-16.6364,-58.5,-29,-10,-16.6364,0,0,0.0
158,2024,15,15,0,0.0,4.8,-54,-10,-20.6,-98.8,-54,-10,-20.6,0,0,0.0
159,2024,17,17,0,0.0,5.44,-54,-10,-20.1765,-109.7,-54,-10,-20.1765,0,0,0.0
160,2024,20,20,0,0.0,6.4,-54,-10,-19.3,-123.4,-54,-10,-19.3,0,0,0.0
161,2024,16,16,0,0.0,5.12,-54,-10,-18.75,-95.9,-54,-10,-18.75,0,0,0.0
162,2024,18,17,1,5.5556,5.76,-39,23,-15.2778,-87.9,-39,-10,-17.5294,23,23,23.0
163,2024,18,17,1,5.5556,5.76,-49,23,-16.7778,-96.6,-49,-10,-19.1177,23,23,23.0
164,2024,18,17,1,5.5556,5.76,-49,23,-15.8889,-91.5,-49,-9,-18.1765,23,23,23.0
165,2024,15,14,1,6.6667,4.8,-49,23,-16.8,-80.6,-49,-9,-19.6429,23,23,23.0
166,2024,17,16,1,5.8824,5.44,-49,23,-15.1765,-82.5,-49,-9,-17.5625,23,23,23.0
167,2024,18,17,1,5.5556,5.76,-49,23,-15.4444,-88.9,-49,-9,-17.7059,23,23,23.0
168,2024,16,16,0,0.0,5.12,-49,-9,-18.3125,-93.7,-49,-9,-18.3125,0,0,0.0
169,2024,12,12,0,0.0,3.84,-20,-9,-15.75,-60.4,-20,-9,-15.75,0,0,0.0
170,2024,12,12,0,0.0,3.84,-24,-10,-17.1667,-65.9,-24,-10,-17.1667,0,0,0.0
171,2024,11,11,0,0.0,3.52,-24,-11,-18.0909,-63.6,-24,-11,-18.0909,0,0,0.0
172,2024,9,9,0,0.0,2.88,-37,-16,-21.2222,-61.1,-37,-16,-21.2222,0,0,0.0
173,2024,8,8,0,0.0,2.56,-24,-11,-18.25,-46.7,-24,-11,-18.25,0,0,0.0
174,2024,8,8,0,0.0,2.56,-27,-11,-19.5,-49.9,-27,-11,-19.5,0,0,0.0
175,2024,9,9,0,0.0,2.88,-27,-5,-18.2222,-52.4,-27,-5,-18.2222,0,0,0.0
176,2024,11,11,0,0.0,3.52,-31,-5,-19.1818,-67.5,-31,-5,-19.1818,0,0,0.0
177,2024,9,9,0,0.0,2.88,-31,-5,-19.8889,-57.2,-31,-5,-19.8889,0,0,0.0
178,2024,7,7,0,0.0,2.24,-31,-5,-19.8571,-44.4,-31,-5,-19.8571,0,0,0.0
179,2024,7,7,0,0.0,2.24,-32,-5,-20.5714,-46.0,-32,-5,-20.5714,0,0,0.0
180,2024,7,7,0,0.0,2.24,-32,-5,-22.8571,-51.2,-32,-5,-22.8571,0,0,0.0
181,2024,6,6,0,0.0,1.92,-32,-13,-25.8333,-49.6,-32,-13,-25.8333,0,0,0.0
182,2024,2,2,0,0.0,0.64,-32,-27,-29.5,-18.9,-32,-27,-29.5,0,0,0.0
183,2024,2,2,0,0.0,0.64,-32,-27,-29.5,-18.9,-32,-27,-29.5,0,0,0.0
184,2024,2,2,0,0.0,0.64,-32,-27,-29.5,-18.9,-32,-27,-29.5,0,0,0.0
185,2024,3,3,0,0.0,0.96,-27,-5,-16.0,-15.3,-27,-5,-16.0,0,0,0.0
186,2024,4,4,0,0.0,1.28,-27,-5,-17.0,-21.7,-27,-5,-17.0,0,0,0.0
187,2024,3,3,0,0.0,0.96,-20,-5,-13.6667,-13.1,-20,-5,-13.6667,0,0,0.0
188,2024,5,5,0,0.0,1.6,-47,-5,-22.0,-35.2,-47,-5,-22.0,0,0,0.0
189,2024,6,6,0,0.0,1.92,-47,-5,-20.1667,-38.7,-47,-5,-20.1667,0,0,0.0
190,2024,6,6,0,0.0,1.92,-47,-5,-21.3333,-40.9,-47,-5,-21.3333,0,0,0.0
191,2024,6,6,0,0.0,1.92,-47,-11,-24.5,-47.0,-47,-11,-24.5,0,0,0.0
192,2024,4,4,0,0.0,1.28,-47,-21,-28.5,-36.5,-47,-21,-28.5,0,0,0.0
193,2024,5,5,0,0.0,1.6,-47,-11,-25.0,-40.0,-47,-11,-25.0,0,0,0.0
194,2024,4,4,0,0.0,1.28,-23,-11,-19.5,-24.9,-23,-11,-19.5,0,0,0.0
195,2024,4,4,0,0.0,1.28,-23,-11,-19.5,-24.9,-23,-11,-19.5,0,0,0.0
196,2024,5,5,0,0.0,1.6,-23,-11,-20.4,-32.6,-23,-11,-20.4,0,0,0.0
197,2024,4,4,0,0.0,1.28,-23,-21,-22.25,-28.5,-23,-21,-22.25,0,0,0.0
198,2024,3,3,0,0.0,0.96,-23,-21,-22.0,-21.1,-23,-21,-22.0,0,0,0.0
199,2024,7,7,0,0.0,2.24,-40,-11,-24.0,-53.7,-40,-11,-24.0,0,0,0.0
200,2024,9,9,0,0.0,2.88,-40,-11,-23.0,-66.2,-40,-11,-23.0,0,0,0.0
201,2024,9,9,0,0.0,2.88,-40,-11,-24.7778,-71.3,-40,-11,-24.7778,0,0,0.0
202,2024,13,13,0,0.0,4.16,-50,-11,-28.6923,-119.3,-50,-11,-28.6923,0,0,0.0
203,2024,13,13,0,0.0,4.16,-42,-11,-27.8462,-115.8,-42,-11,-27.8462,0,0,0.0
204,2024,11,11,0,0.0,3.52,-42,-11,-29.0,-102.0,-42,-11,-29.0,0,0,0.0
205,2024,9,9,0,0.0,2.88,-42,-11,-32.7778,-94.3,-42,-11,-32.7778,0,0,0.0
206,2024,8,8,0,0.0,2.56,-42,-11,-28.875,-73.9,-42,-11,-28.875,0,0,0.0
207,2024,10,10,0,0.0,3.2,-42,-11,-27.0,-86.3,-42,-11,-27.0,0,0,0.0
208,2024,8,8,0,0.0,2.56,-42,-12,-23.875,-61.1,-42,-12,-23.875,0,0,0.0
209,2024,7,7,0,0.0,2.24,-42,-12,-21.8571,-48.9,-42,-12,-21.8571,0,0,0.0
210,2024,5,5,0,0.0,1.6,-27,-12,-17.6,-28.1,-27,-12,-17.6,0,0,0.0
211,2024,9,8,1,11.1111,2.88,-42,38,-15.4444,-44.4,-42,-12,-22.125,38,38,38.0
212,2024,8,7,1,12.5,2.56,-42,38,-15.875,-40.6,-42,-16,-23.5714,38,38,38.0
213,2024,9,8,1,11.1111,2.88,-42,38,-15.6667,-45.1,-42,-14,-22.375,38,38,38.0
214,2024,6,6,0,0.0,1.92,-42,-14,-24.5,-47.0,-42,-14,-24.5,0,0,0.0
215,2024,5,5,0,0.0,1.6,-42,-14,-23.6,-37.7,-42,-14,-23.6,0,0,0.0
216,2024,3,3,0,0.0,0.96,-19,-14,-15.6667,-15.0,-19,-14,-15.6667,0,0,0.0
217,2024,4,4,0,0.0,1.28,-19,-10,-14.25,-18.2,-19,-10,-14.25,0,0,0.0
218,2024,3,3,0,0.0,0.96,-19,-10,-14.3333,-13.7,-19,-10,-14.3333,0,0,0.0
219,2024,4,4,0,0.0,1.28,-22,-10,-16.25,-20.8,-22,-10,-16.25,0,0,0.0
220,2024,3,3,0,0.0,0.96,-22,-10,-15.3333,-14.7,-22,-10,-15.3333,0,0,0.0
221,2024,3,3,0,0.0,0.96,-46,-10,-22.0,-21.1,-46,-10,-22.0,0,0,0.0
222,2024,3,3,0,0.0,0.96,-46,-10,-22.0,-21.1,-46,-10,-22.0,0,0,0.0
223,2024,4,4,0,0.0,1.28,-46,-9,-18.75,-24.0,-46,-9,-18.75,0,0,0.0
224,2024,6,6,0,0.0,1.92,-52,-9,-29.5,-56.6,-52,-9,-29.5,0,0,0.0
225,2024,6,6,0,0.0,1.92,-52,-9,-29.5,-56.6,-52,-9,-29.5,0,0,0.0
226,2024,7,7,0,0.0,2.24,-52,-9,-28.8571,-64.6,-52,-9,-28.8571,0,0,0.0
227,2024,6,6,0,0.0,1.92,-52,-9,-35.6667,-68.4,-52,-9,-35.6667,0,0,0.0
228,2024,5,5,0,0.0,1.6,-52,-9,-27.2,-43.5,-52,-9,-27.2,0,0,0.0
229,2024,4,4,0,0.0,1.28,-52,-18,-31.75,-40.6,-52,-18,-31.75,0,0,0.0
230,2024,3,3,0,0.0,0.96,-32,-18,-25.0,-24.0,-32,-18,-25.0,0,0,0.0
231,2024,3,3,0,0.0,0.96,-32,-18,-25.0,-24.0,-32,-18,-25.0,0,0,0.0
232,2024,3,3,0,0.0,0.96,-32,-13,-21.0,-20.1,-32,-13,-21.0,0,0,0.0
233,2024,2,2,0,0.0,0.64,-18,-13,-15.5,-9.9,-18,-13,-15.5,0,0,0.0
234,2024,2,2,0,0.0,0.64,-13,-5,-9.0,-5.8,-13,-5,-9.0,0,0,0.0
235,2024,2,2,0,0.0,0.64,-31,-5,-18.0,-11.5,-31,-5,-18.0,0,0,0.0
236,2024,2,2,0,0.0,0.64,-31,-5,-18.0,-11.5,-31,-5,-18.0,0,0,0.0
237,2024,4,4,0,0.0,1.28,-225,-5,-71.25,-91.1,-225,-5,-71.25,0,0,0.0
238,2024,6,6,0,0.0,1.92,-225,-5,-56.1667,-107.8,-225,-5,-56.1667,0,0,0.0
239,2024,8,8,0,0.0,2.56,-225,-5,-46.375,-118.6,-225,-5,-46.375,0,0,0.0
240,2024,8,8,0,0.0,2.56,-225,-5,-45.0,-115.1,-225,-5,-45.0,0,0,0.0
241,2024,8,8,0,0.0,2.56,-225,-5,-45.0,-115.1,-225,-5,-45.0,0,0,0.0
242,2024,5,5,0,0.0,1.6,-46,-5,-17.0,-27.2,-46,-5,-17.0,0,0,0.0
243,2024,3,3,0,0.0,0.96,-11,-5,-8.6667,-8.3,-11,-5,-8.6667,0,0,0.0
244,2024,4,4,0,0.0,1.28,-22,-5,-14.5,-18.5,-22,-5,-14.5,0,0,0.0
245,2024,3,3,0,0.0,0.96,-22,-10,-17.6667,-16.9,-22,-10,-17.6667,0,0,0.0
246,2024,2,2,0,0.0,0.64,-22,-15,-18.5,-11.8,-22,-15,-18.5,0,0,0.0
247,2024,5,5,0,0.0,1.6,-47,-4,-19.2,-30.7,-47,-4,-19.2,0,0,0.0
248,2024,7,7,0,0.0,2.24,-47,-4,-16.8571,-37.7,-47,-4,-16.8571,0,0,0.0
249,2024,10,10,0,0.0,3.2,-47,-4,-18.2,-58.2,-47,-4,-18.2,0,0,0.0
250,2024,9,9,0,0.0,2.88,-47,-4,-17.7778,-51.2,-47,-4,-17.7778,0,0,0.0
251,2024,9,9,0,0.0,2.88,-47,-6,-19.4444,-56.0,-47,-6,-19.4444,0,0,0.0
252,2024,9,9,0,0.0,2.88,-47,-6,-19.8889,-57.2,-47,-6,-19.8889,0,0,0.0
253,2024,7,7,0,0.0,2.24,-28,-8,-18.0,-40.3,-28,-8,-18.0,0,0,0.0
254,2024,6,6,0,0.0,1.92,-25,-8,-17.8333,-34.2,-25,-8,-17.8333,0,0,0.0
255,2024,5,5,0,0.0,1.6,-25,-8,-18.2,-29.1,-25,-8,-18.2,0,0,0.0
256,2024,9,9,0,0.0,2.88,-65,-8,-25.7778,-74.2,-65,-8,-25.7778,0,0,0.0
257,2024,10,10,0,0.0,3.2,-65,-8,-28.6,-91.5,-65,-8,-28.6,0,0,0.0
258,2024,9,9,0,0.0,2.88,-65,-7,-26.5556,-76.4,-65,-7,-26.5556,0,0,0.0
259,2024,10,10,0,0.0,3.2,-65,-7,-26.2,-83.8,-65,-7,-26.2,0,0,0.0
260,2024,12,12,0,0.0,3.84,-65,-7,-26.5833,-102.0,-65,-7,-26.5833,0,0,0.0
261,2024,14,14,0,0.0,4.48,-65,-7,-25.8571,-115.8,-65,-7,-25.8571,0,0,0.0
262,2024,15,14,1,6.6667,4.8,-56,20,-20.6667,-99.1,-56,-7,-23.5714,20,20,20.0
263,2024,17,16,1,5.8824,5.44,-39,20,-17.4118,-94.7,-39,-6,-19.75,20,20,20.0
264,2024,16,15,1,6.25,5.12,-39,20,-17.25,-88.3,-39,-6,-19.7333,20,20,20.0
265,2024,21,21,0,0.0,6.72,-63,-6,-23.5238,-158.0,-63,-6,-23.5238,0,0,0.0
266,2024,20,20,0,0.0,6.4,-63,-6,-23.6,-150.9,-63,-6,-23.6,0,0,0.0
267,2024,20,20,0,0.0,6.4,-63,-6,-23.8,-152.2,-63,-6,-23.8,0,0,0.0
268,2024,21,21,0,0.0,6.72,-63,-6,-24.5714,-165.0,-63,-6,-24.5714,0,0,0.0
269,2024,21,21,0,0.0,6.72,-63,-11,-25.0476,-168.2,-63,-11,-25.0476,0,0,0.0
270,2024,19,19,0,0.0,6.08,-40,-11,-23.0526,-140.1,-40,-11,-23.0526,0,0,0.0
271,2024,17,17,0,0.0,5.44,-40,-5,-22.0,-119.6,-40,-5,-22.0,0,0,0.0
272,2024,12,12,0,0.0,3.84,-40,-5,-22.5833,-86.7,-40,-5,-22.5833,0,0,0.0
273,2024,12,12,0,0.0,3.84,-40,-5,-19.6667,-75.5,-40,-5,-19.6667,0,0,0.0
274,2024,13,13,0,0.0,4.16,-54,-5,-22.6154,-94.0,-54,-5,-22.6154,0,0,0.0
275,2024,11,11,0,0.0,3.52,-54,-5,-18.2727,-64.3,-54,-5,-18.2727,0,0,0.0
276,2024,10,10,0,0.0,3.2,-54,-5,-17.6,-56.3,-54,-5,-17.6,0,0,0.0
277,2024,12,11,1,8.3333,3.84,-54,16,-15.8333,-60.8,-54,-5,-18.7273,16,16,16.0
278,2024,14,13,1,7.1429,4.48,-75,16,-20.9286,-93.7,-75,-7,-23.7692,16,16,16.0
279,2024,13,12,1,7.6923,4.16,-75,16,-16.6923,-69.4,-75,-7,-19.4167,16,16,16.0
280,2024,12,12,0,0.0,3.84,-75,-7,-25.6667,-98.5,-75,-7,-25.6667,0,0,0.0
281,2024,13,13,0,0.0,4.16,-47,-9,-22.7692,-94.7,-47,-9,-22.7692,0,0,0.0
1,2025,39,37,2,5.1282,12.47,-172,42,-37.8974,-472.6,-172,-6,-41.8378,28,42,35.0
2,2025,36,35,1,2.7778,11.51,-172,28,-42.25,-486.4,-172,-6,-44.2571,28,28,28.0
3,2025,39,38,1,2.5641,12.47,-172,28,-42.1282,-525.4,-172,-7,-43.9737,28,28,28.0
4,2025,34,34,0,0.0,10.87,-168,-7,-39.3824,-428.2,-168,-7,-39.3824,0,0,0.0
5,2025,33,33,0,0.0,10.55,-163,-7,-36.303,-383.1,-163,-7,-36.303,0,0,0.0
6,2025,30,30,0,0.0,9.59,-163,-7,-31.0667,-298.0,-163,-7,-31.0667,0,0,0.0
7,2025,29,29,0,0.0,9.27,-69,-7,-26.5517,-246.2,-69,-7,-26.5517,0,0,0.0
8,2025,28,28,0,0.0,8.95,-69,-7,-27.3571,-244.9,-69,-7,-27.3571,0,0,0.0
9,2025,24,24,0,0.0,7.67,-69,-11,-29.7917,-228.6,-69,-11,-29.7917,0,0,0.0
10,2025,19,19,0,0.0,6.08,-69,-12,-29.6316,-180.0,-69,-12,-29.6316,0,0,0.0
11,2025,15,15,0,0.0,4.8,-58,-12,-27.2,-130.5,-58,-12,-27.2,0,0,0.0
12,2025,12,12,0,0.0,3.84,-58,-12,-30.4167,-116.7,-58,-12,-30.4167,0,0,0.0
13,2025,12,12,0,0.0,3.84,-58,-12,-31.8333,-122.2,-58,-12,-31.8333,0,0,0.0
14,2025,10,9,1,10.0,3.2,-71,21,-27.0,-86.3,-71,-7,-32.3333,21,21,21.0
15,2025,11,10,1,9.0909,3.52,-71,21,-28.0,-98.5,-71,-7,-32.9,21,21,21.0
16,2025,12,11,1,8.3333,3.84,-71,21,-26.25,-100.7,-71,-7,-30.5455,21,21,21.0
17,2025,9,8,1,11.1111,2.88,-71,21,-23.3333,-67.2,-71,-7,-28.875,21,21,21.0
18,2025,10,9,1,10.0,3.2,-71,21,-23.1,-73.9,-71,-7,-28.0,21,21,21.0
19,2025,10,9,1,10.0,3.2,-71,20,-24.4,-78.0,-71,-7,-29.3333,20,20,20.0
20,2025,10,9,1,10.0,3.2,-71,20,-24.4,-78.0,-71,-7,-29.3333,20,20,20.0
21,2025,11,10,1,9.0909,3.52,-71,20,-24.9091,-87.6,-71,-7,-29.4,20,20,20.0
22,2025,7,6,1,14.2857,2.24,-41,20,-16.7143,-37.4,-41,-8,-22.8333,20,20,20.0
23,2025,9,8,1,11.1111,2.88,-41,20,-18.2222,-52.4,-41,-8,-23.0,20,20,20.0
24,2025,9,8,1,11.1111,2.88,-67,20,-21.8889,-63.0,-67,-8,-27.125,20,20,20.0
25,2025,8,8,0,0.0,2.56,-67,-8,-26.125,-66.8,-67,-8,-26.125,0,0,0.0
26,2025,8,8,0,0.0,2.56,-67,-8,-24.0,-61.4,-67,-8,-24.0,0,0,0.0
27,2025,7,7,0,0.0,2.24,-67,-8,-24.0,-53.7,-67,-8,-24.0,0,0,0.0
28,2025,5,5,0,0.0,1.6,-67,-11,-27.8,-44.4,-67,-11,-27.8,0,0,0.0
29,2025,5,5,0,0.0,1.6,-67,-11,-29.8,-47.6,-67,-11,-29.8,0,0,0.0
30,2025,4,4,0,0.0,1.28,-40,-11,-22.0,-28.1,-40,-11,-22.0,0,0,0.0
31,2025,4,4,0,0.0,1.28,-40,-15,-26.5,-33.9,-40,-15,-26.5,0,0,0.0
32,2025,5,5,0,0.0,1.6,-52,-15,-31.6,-50.5,-52,-15,-31.6,0,0,0.0
33,2025,7,7,0,0.0,2.24,-52,-9,-26.1429,-58.5,-52,-9,-26.1429,0,0,0.0
34,2025,9,9,0,0.0,2.88,-40,-9,-19.6667,-56.6,-40,-9,-19.6667,0,0,0.0
35,2025,9,9,0,0.0,2.88,-40,-9,-19.6667,-56.6,-40,-9,-19.6667,0,0,0.0
36,2025,8,8,0,0.0,2.56,-40,-9,-18.25,-46.7,-40,-9,-18.25,0,0,0.0
37,2025,8,8,0,0.0,2.56,-36,-9,-17.75,-45.4,-36,-9,-17.75,0,0,0.0
38,2025,8,8,0,0.0,2.56,-36,-9,-20.0,-51.2,-36,-9,-20.0,0,0,0.0
39,2025,8,8,0,0.0,2.56,-80,-9,-27.375,-70.0,-80,-9,-27.375,0,0,0.0
40,2025,5,5,0,0.0,1.6,-80,-12,-35.6,-56.9,-80,-12,-35.6,0,0,0.0
41,2025,5,5,0,0.0,1.6,-80,-13,-35.8,-57.2,-80,-13,-35.8,0,0,0.0
42,2025,4,4,0,0.0,1.28,-97,-13,-54.25,-69.4,-97,-13,-54.25,0,0,0.0
43,2025,5,5,0,0.0,1.6,-97,-13,-47.0,-75.1,-97,-13,-47.0,0,0,0.0
44,2025,4,4,0,0.0,1.28,-97,-13,-39.75,-50.8,-97,-13,-39.75,0,0,0.0
45,2025,4,4,0,0.0,1.28,-97,-13,-39.75,-50.8,-97,-13,-39.75,0,0,0.0
46,2025,3,3,0,0.0,0.96,-31,-15,-21.3333,-20.5,-31,-15,-21.3333,0,0,0.0
47,2025,3,3,0,0.0,0.96,-31,-15,-22.3333,-21.4,-31,-15,-22.3333,0,0,0.0
48,2025,5,4,1,20.0,1.6,-31,29,-12.0,-19.2,-31,-15,-22.25,29,29,29.0
49,2025,5,4,1,20.0,1.6,-31,29,-12.0,-19.2,-31,-15,-22.25,29,29,29.0
50,2025,4,2,2,50.0,1.28,-46,41,2.25,2.9,-46,-15,-30.5,29,41,35.0
51,2025,4,2,2,50.0,1.28,-46,41,2.25,2.9,-46,-15,-30.5,29,41,35.0
52,2025,5,3,2,40.0,1.6,-46,41,-3.6,-5.8,-46,-19,-29.3333,29,41,35.0
53,2025,4,3,1,25.0,1.28,-46,41,-11.75,-15.0,-46,-19,-29.3333,41,41,41.0
54,2025,3,3,0,0.0,0.96,-46,-19,-31.3333,-30.1,-46,-19,-31.3333,0,0,0.0
55,2025,4,4,0,0.0,1.28,-70,-19,-41.0,-52.4,-70,-19,-41.0,0,0,0.0
56,2025,4,4,0,0.0,1.28,-70,-19,-35.5,-45.4,-70,-19,-35.5,0,0,0.0
57,2025,4,4,0,0.0,1.28,-70,-19,-35.5,-45.4,-70,-19,-35.5,0,0,0.0
58,2025,5,5,0,0.0,1.6,-70,-24,-38.4,-61.4,-70,-24,-38.4,0,0,0.0
59,2025,5,5,0,0.0,1.6,-70,-24,-38.4,-61.4,-70,-24,-38.4,0,0,0.0
60,2025,3,3,0,0.0,0.96,-70,-27,-46.3333,-44.4,-70,-27,-46.3333,0,0,0.0
61,2025,3,3,0,0.0,0.96,-42,-22,-30.3333,-29.1,-42,-22,-30.3333,0,0,0.0
62,2025,3,3,0,0.0,0.96,-42,-22,-30.3333,-29.1,-42,-22,-30.3333,0,0,0.0
63,2025,3,3,0,0.0,0.96,-42,-22,-30.3333,-29.1,-42,-22,-30.3333,0,0,0.0
64,2025,1,1,0,0.0,0.32,-22,-22,-22.0,-7.0,-22,-22,-22.0,0,0,0.0
65,2025,2,1,1,50.0,0.64,-22,51,14.5,9.3,-22,-22,-22.0,51,51,51.0
66,2025,2,1,1,50.0,0.64,-32,51,9.5,6.1,-32,-32,-32.0,51,51,51.0
67,2025,2,1,1,50.0,0.64,-32,51,9.5,6.1,-32,-32,-32.0,51,51,51.0
68,2025,2,2,0,0.0,0.64,-33,-32,-32.5,-20.8,-33,-32,-32.5,0,0,0.0
69,2025,3,3,0,0.0,0.96,-33,-31,-32.0,-30.7,-33,-31,-32.0,0,0,0.0
70,2025,3,3,0,0.0,0.96,-33,-31,-32.0,-30.7,-33,-31,-32.0,0,0,0.0
71,2025,4,4,0,0.0,1.28,-33,-19,-28.75,-36.8,-33,-19,-28.75,0,0,0.0
72,2025,5,5,0,0.0,1.6,-109,-19,-44.4,-71.0,-109,-19,-44.4,0,0,0.0
73,2025,4,4,0,0.0,1.28,-109,-19,-47.5,-60.8,-109,-19,-47.5,0,0,0.0
74,2025,5,5,0,0.0,1.6,-109,-19,-49.0,-78.3,-109,-19,-49.0,0,0,0.0
75,2025,5,5,0,0.0,1.6,-109,-19,-49.0,-78.3,-109,-19,-49.0,0,0,0.0
76,2025,4,4,0,0.0,1.28,-109,-31,-63.25,-80.9,-109,-31,-63.25,0,0,0.0
77,2025,3,3,0,0.0,0.96,-109,-55,-74.0,-71.0,-109,-55,-74.0,0,0,0.0
78,2025,4,4,0,0.0,1.28,-58,-27,-42.0,-53.7,-58,-27,-42.0,0,0,0.0
79,2025,4,4,0,0.0,1.28,-58,-27,-35.75,-45.7,-58,-27,-35.75,0,0,0.0
80,2025,6,6,0,0.0,1.92,-58,-19,-30.6667,-58.8,-58,-19,-30.6667,0,0,0.0
81,2025,6,6,0,0.0,1.92,-58,-19,-30.6667,-58.8,-58,-19,-30.6667,0,0,0.0
82,2025,5,5,0,0.0,1.6,-30,-19,-25.2,-40.3,-30,-19,-25.2,0,0,0.0
83,2025,4,4,0,0.0,1.28,-39,-19,-27.5,-35.2,-39,-19,-27.5,0,0,0.0
84,2025,3,3,0,0.0,0.96,-39,-19,-26.6667,-25.6,-39,-19,-26.6667,0,0,0.0
85,2025,4,4,0,0.0,1.28,-39,-19,-26.5,-33.9,-39,-19,-26.5,0,0,0.0
86,2025,2,2,0,0.0,0.64,-26,-22,-24.0,-15.3,-26,-22,-24.0,0,0,0.0
87,2025,5,5,0,0.0,1.6,-40,-5,-26.4,-42.2,-40,-5,-26.4,0,0,0.0
88,2025,5,5,0,0.0,1.6,-40,-5,-26.4,-42.2,-40,-5,-26.4,0,0,0.0
89,2025,5,5,0,0.0,1.6,-40,-5,-26.4,-42.2,-40,-5,-26.4,0,0,0.0
90,2025,5,5,0,0.0,1.6,-40,-5,-26.4,-42.2,-40,-5,-26.4,0,0,0.0
91,2025,6,6,0,0.0,1.92,-40,-5,-27.1667,-52.1,-40,-5,-27.1667,0,0,0.0
92,2025,3,3,0,0.0,0.96,-40,-19,-32.3333,-31.0,-40,-19,-32.3333,0,0,0.0
93,2025,2,2,0,0.0,0.64,-53,-38,-45.5,-29.1,-53,-38,-45.5,0,0,0.0
94,2025,3,3,0,0.0,0.96,-53,-16,-35.6667,-34.2,-53,-16,-35.6667,0,0,0.0
95,2025,2,2,0,0.0,0.64,-45,-38,-41.5,-26.5,-45,-38,-41.5,0,0,0.0
96,2025,2,2,0,0.0,0.64,-45,-38,-41.5,-26.5,-45,-38,-41.5,0,0,0.0
97,2025,2,2,0,0.0,0.64,-92,-45,-68.5,-43.8,-92,-45,-68.5,0,0,0.0
98,2025,2,2,0,0.0,0.64,-45,-34,-39.5,-25.3,-45,-34,-39.5,0,0,0.0
99,2025,4,4,0,0.0,1.28,-45,-28,-35.75,-45.7,-45,-28,-35.75,0,0,0.0
100,2025,6,6,0,0.0,1.92,-80,-22,-40.8333,-78.3,-80,-22,-40.8333,0,0,0.0
101,2025,7,7,0,0.0,2.24,-80,-19,-36.7143,-82.2,-80,-19,-36.7143,0,0,0.0
102,2025,7,7,0,0.0,2.24,-139,-19,-45.1429,-101.0,-139,-19,-45.1429,0,0,0.0
103,2025,6,6,0,0.0,1.92,-139,-19,-46.3333,-88.9,-139,-19,-46.3333,0,0,0.0
104,2025,7,7,0,0.0,2.24,-139,-19,-69.2857,-155.1,-139,-19,-69.2857,0,0,0.0
105,2025,8,8,0,0.0,2.56,-139,-19,-67.125,-171.7,-139,-19,-67.125,0,0,0.0
106,2025,5,5,0,0.0,1.6,-139,-26,-71.4,-114.2,-139,-26,-71.4,0,0,0.0
107,2025,4,4,0,0.0,1.28,-139,-26,-81.5,-104.2,-139,-26,-81.5,0,0,0.0
108,2025,3,3,0,0.0,0.96,-128,-16,-59.0,-56.6,-128,-16,-59.0,0,0,0.0
109,2025,3,3,0,0.0,0.96,-51,-16,-33.3333,-32.0,-51,-16,-33.3333,0,0,0.0
110,2025,4,4,0,0.0,1.28,-51,-16,-29.5,-37.7,-51,-16,-29.5,0,0,0.0
111,2025,8,7,1,12.5,2.56,-51,29,-25.375,-64.9,-51,-16,-33.1429,29,29,29.0
112,2025,9,8,1,11.1111,2.88,-51,29,-24.5556,-70.7,-51,-16,-31.25,29,29,29.0
113,2025,6,5,1,16.6667,1.92,-37,29,-19.3333,-37.1,-37,-18,-29.0,29,29,29.0
114,2025,9,8,1,11.1111,2.88,-37,29,-21.5556,-62.0,-37,-16,-27.875,29,29,29.0
115,2025,11,10,1,9.0909,3.52,-51,29,-25.8182,-90.8,-51,-16,-31.3,29,29,29.0
116,2025,11,9,2,18.1818,3.52,-51,48,-21.6364,-76.1,-51,-16,-35.0,29,48,38.5
117,2025,9,8,1,11.1111,2.88,-51,48,-22.4444,-64.6,-51,-16,-31.25,48,48,48.0
118,2025,10,9,1,10.0,3.2,-51,48,-23.7,-75.8,-51,-16,-31.6667,48,48,48.0
119,2025,13,12,1,7.6923,4.16,-46,48,-26.6154,-110.6,-46,-16,-32.8333,48,48,48.0
120,2025,11,10,1,9.0909,3.52,-46,48,-26.2727,-92.4,-46,-17,-33.7,48,48,48.0
121,2025,12,11,1,8.3333,3.84,-46,48,-26.3333,-101.0,-46,-17,-33.0909,48,48,48.0
122,2025,12,12,0,0.0,3.84,-46,-15,-31.5833,-121.2,-46,-15,-31.5833,0,0,0.0
123,2025,10,10,0,0.0,3.2,-46,-15,-33.3,-106.5,-46,-15,-33.3,0,0,0.0
124,2025,11,11,0,0.0,3.52,-46,-15,-32.3636,-113.8,-46,-15,-32.3636,0,0,0.0
125,2025,7,7,0,0.0,2.24,-38,-15,-29.1429,-65.2,-38,-15,-29.1429,0,0,0.0
126,2025,9,9,0,0.0,2.88,-57,-14,-30.1111,-86.7,-57,-14,-30.1111,0,0,0.0
127,2025,13,13,0,0.0,4.16,-57,-14,-33.4615,-139.1,-57,-14,-33.4615,0,0,0.0
128,2025,15,15,0,0.0,4.8,-57,-13,-30.1333,-144.5,-57,-13,-30.1333,0,0,0.0
129,2025,16,16,0,0.0,5.12,-57,-9,-28.625,-146.5,-57,-9,-28.625,0,0,0.0
130,2025,16,16,0,0.0,5.12,-57,-9,-29.4375,-150.6,-57,-9,-29.4375,0,0,0.0
131,2025,14,14,0,0.0,4.48,-57,-9,-30.7857,-137.8,-57,-9,-30.7857,0,0,0.0
132,2025,13,13,0,0.0,4.16,-55,-9,-28.3077,-117.7,-55,-9,-28.3077,0,0,0.0
133,2025,10,10,0,0.0,3.2,-46,-9,-25.7,-82.2,-46,-9,-25.7,0,0,0.0
134,2025,6,6,0,0.0,1.92,-44,-9,-22.5,-43.2,-44,-9,-22.5,0,0,0.0
135,2025,5,5,0,0.0,1.6,-61,-10,-33.8,-54.0,-61,-10,-33.8,0,0,0.0
136,2025,8,6,2,25.0,2.56,-61,47,-17.625,-45.1,-61,-9,-37.1667,35,47,41.0
137,2025,9,7,2,22.2222,2.88,-61,47,-21.7778,-62.7,-61,-9,-39.7143,35,47,41.0
138,2025,9,7,2,22.2222,2.88,-61,47,-19.2222,-55.3,-61,-9,-36.4286,35,47,41.0
139,2025,8,6,2,25.0,2.56,-39,47,-9.25,-23.7,-39,-9,-26.0,35,47,41.0
140,2025,9,7,2,22.2222,2.88,-39,47,-10.3333,-29.7,-39,-9,-25.0,35,47,41.0
141,2025,10,9,1,10.0,3.2,-42,47,-18.3,-58.5,-42,-9,-25.5556,47,47,47.0
142,2025,10,9,1,10.0,3.2,-47,47,-20.1,-64.3,-47,-13,-27.5556,47,47,47.0
143,2025,9,9,0,0.0,2.88,-47,-13,-27.1111,-78.0,-47,-13,-27.1111,0,0,0.0
144,2025,8,8,0,0.0,2.56,-114,-13,-38.375,-98.2,-114,-13,-38.375,0,0,0.0
145,2025,10,10,0,0.0,3.2,-114,-13,-35.2,-112.6,-114,-13,-35.2,0,0,0.0
146,2025,9,9,0,0.0,2.88,-114,-13,-38.2222,-110.0,-114,-13,-38.2222,0,0,0.0
147,2025,5,5,0,0.0,1.6,-114,-18,-41.6,-66.5,-114,-18,-41.6,0,0,0.0
148,2025,3,3,0,0.0,0.96,-114,-27,-57.0,-54.7,-114,-27,-57.0,0,0,0.0
149,2025,5,5,0,0.0,1.6,-114,-22,-50.4,-80.6,-114,-22,-50.4,0,0,0.0
150,2025,6,6,0,0.0,1.92,-83,-14,-39.1667,-75.1,-83,-14,-39.1667,0,0,0.0
151,2025,5,5,0,0.0,1.6,-83,-14,-41.6,-66.5,-83,-14,-41.6,0,0,0.0
152,2025,8,8,0,0.0,2.56,-83,-14,-39.5,-101.0,-83,-14,-39.5,0,0,0.0
153,2025,8,8,0,0.0,2.56,-83,-22,-40.75,-104.2,-83,-22,-40.75,0,0,0.0
154,2025,9,9,0,0.0,2.88,-83,-21,-38.5556,-111.0,-83,-21,-38.5556,0,0,0.0
155,2025,8,8,0,0.0,2.56,-59,-21,-34.0,-87.0,-59,-21,-34.0,0,0,0.0
156,2025,5,5,0,0.0,1.6,-37,-21,-29.2,-46.7,-37,-21,-29.2,0,0,0.0
157,2025,7,7,0,0.0,2.24,-44,-17,-29.0,-64.9,-44,-17,-29.0,0,0,0.0
158,2025,11,11,0,0.0,3.52,-51,-14,-28.7273,-101.0,-51,-14,-28.7273,0,0,0.0
159,2025,11,10,1,9.0909,3.52,-51,29,-21.1818,-74.5,-51,-10,-26.2,29,29,29.0
160,2025,10,9,1,10.0,3.2,-51,29,-20.7,-66.2,-51,-10,-26.2222,29,29,29.0
161,2025,7,6,1,14.2857,2.24,-51,29,-13.1429,-29.4,-51,-10,-20.1667,29,29,29.0
162,2025,11,9,2,18.1818,3.52,-158,29,-27.4546,-96.6,-158,-10,-39.6667,26,29,27.5
163,2025,10,8,2,20.0,3.2,-158,29,-35.3,-112.9,-158,-15,-51.0,26,29,27.5
164,2025,8,8,0,0.0,2.56,-158,-15,-48.375,-123.7,-158,-15,-48.375,0,0,0.0
165,2025,6,6,0,0.0,1.92,-43,-28,-35.6667,-68.4,-43,-28,-35.6667,0,0,0.0
166,2025,7,7,0,0.0,2.24,-43,-13,-32.4286,-72.6,-43,-13,-32.4286,0,0,0.0
167,2025,6,6,0,0.0,1.92,-43,-13,-31.5,-60.4,-43,-13,-31.5,0,0,0.0
168,2025,5,4,1,20.0,1.6,-40,44,-14.8,-23.7,-40,-20,-29.5,44,44,44.0
169,2025,5,4,1,20.0,1.6,-121,44,-30.0,-48.0,-121,-19,-48.5,44,44,44.0
170,2025,6,5,1,16.6667,1.92,-121,44,-29.5,-56.6,-121,-19,-44.2,44,44,44.0
171,2025,6,5,1,16.6667,1.92,-121,44,-29.5,-56.6,-121,-19,-44.2,44,44,44.0
172,2025,6,5,1,16.6667,1.92,-121,44,-32.0,-61.4,-121,-19,-47.2,44,44,44.0
173,2025,7,5,2,28.5714,2.24,-121,56,-20.4286,-45.7,-121,-19,-48.6,44,56,50.0
174,2025,8,6,2,25.0,2.56,-121,56,-21.0,-53.7,-121,-19,-44.6667,44,56,50.0
175,2025,7,6,1,14.2857,2.24,-121,56,-28.2857,-63.3,-121,-19,-42.3333,56,56,56.0
176,2025,7,6,1,14.2857,2.24,-121,56,-29.8571,-66.8,-121,-19,-44.1667,56,56,56.0
177,2025,7,5,2,28.5714,2.24,-42,56,-5.0,-11.2,-42,-10,-27.0,44,56,50.0
178,2025,6,4,2,33.3333,1.92,-42,56,-2.0,-3.8,-42,-21,-28.0,44,56,50.0
179,2025,5,3,2,40.0,1.6,-25,56,9.6,15.3,-25,-3,-17.3333,44,56,50.0
180,2025,6,5,1,16.6667,1.92,-50,44,-13.6667,-26.2,-50,-3,-25.2,44,44,44.0
181,2025,5,4,1,20.0,1.6,-50,44,-11.4,-18.2,-50,-3,-25.25,44,44,44.0
182,2025,7,6,1,14.2857,2.24,-50,44,-19.0,-42.5,-50,-3,-29.5,44,44,44.0
183,2025,8,6,2,25.0,2.56,-50,44,-14.0,-35.8,-50,-3,-29.5,21,44,32.5
184,2025,8,7,1,12.5,2.56,-50,21,-19.625,-50.2,-50,-3,-25.4286,21,21,21.0
185,2025,4,3,1,25.0,1.28,-35,21,-13.0,-16.6,-35,-14,-24.3333,21,21,21.0
186,2025,7,6,1,14.2857,2.24,-188,21,-44.7143,-100.1,-188,-14,-55.6667,21,21,21.0
187,2025,9,8,1,11.1111,2.88,-188,21,-44.1111,-126.9,-188,-14,-52.25,21,21,21.0
188,2025,9,8,1,11.1111,2.88,-188,21,-44.1111,-126.9,-188,-14,-52.25,21,21,21.0
189,2025,9,9,0,0.0,2.88,-188,-14,-49.4444,-142.3,-188,-14,-49.4444,0,0,0.0
190,2025,8,8,0,0.0,2.56,-188,-27,-55.875,-142.9,-188,-27,-55.875,0,0,0.0
191,2025,7,7,0,0.0,2.24,-188,-23,-56.7143,-126.9,-188,-23,-56.7143,0,0,0.0
192,2025,6,6,0,0.0,1.92,-51,-23,-34.8333,-66.8,-51,-23,-34.8333,0,0,0.0
193,2025,4,4,0,0.0,1.28,-51,-23,-31.25,-40.0,-51,-23,-31.25,0,0,0.0
194,2025,8,8,0,0.0,2.56,-102,-23,-38.25,-97.8,-102,-23,-38.25,0,0,0.0
195,2025,7,7,0,0.0,2.24,-102,-23,-39.8571,-89.2,-102,-23,-39.8571,0,0,0.0
196,2025,7,7,0,0.0,2.24,-102,-5,-33.2857,-74.5,-102,-5,-33.2857,0,0,0.0
197,2025,9,9,0,0.0,2.88,-102,-5,-35.2222,-101.4,-102,-5,-35.2222,0,0,0.0
198,2025,11,11,0,0.0,3.52,-102,-5,-35.0909,-123.4,-102,-5,-35.0909,0,0,0.0
199,2025,11,11,0,0.0,3.52,-102,-5,-34.0909,-119.9,-102,-5,-34.0909,0,0,0.0
200,2025,9,9,0,0.0,2.88,-102,-5,-36.2222,-104.2,-102,-5,-36.2222,0,0,0.0
201,2025,7,7,0,0.0,2.24,-73,-20,-37.0,-82.8,-73,-20,-37.0,0,0,0.0
202,2025,8,8,0,0.0,2.56,-73,-20,-37.125,-95.0,-73,-20,-37.125,0,0,0.0
203,2025,8,8,0,0.0,2.56,-73,-20,-36.0,-92.1,-73,-20,-36.0,0,0,0.0
204,2025,7,7,0,0.0,2.24,-73,-20,-37.1429,-83.1,-73,-20,-37.1429,0,0,0.0
205,2025,6,6,0,0.0,1.92,-73,-20,-39.5,-75.8,-73,-20,-39.5,0,0,0.0
206,2025,7,7,0,0.0,2.24,-73,-13,-36.0,-80.6,-73,-13,-36.0,0,0,0.0
207,2025,9,9,0,0.0,2.88,-59,-12,-27.0,-77.7,-59,-12,-27.0,0,0,0.0
208,2025,8,8,0,0.0,2.56,-59,-12,-27.25,-69.7,-59,-12,-27.25,0,0,0.0
209,2025,9,9,0,0.0,2.88,-36,-12,-20.5556,-59.2,-36,-12,-20.5556,0,0,0.0
210,2025,9,9,0,0.0,2.88,-36,-12,-18.6667,-53.7,-36,-12,-18.6667,0,0,0.0
211,2025,9,9,0,0.0,2.88,-36,-12,-18.6667,-53.7,-36,-12,-18.6667,0,0,0.0
212,2025,9,9,0,0.0,2.88,-36,-12,-19.2222,-55.3,-36,-12,-19.2222,0,0,0.0
213,2025,8,8,0,0.0,2.56,-36,-12,-18.875,-48.3,-36,-12,-18.875,0,0,0.0
214,2025,6,6,0,0.0,1.92,-27,-13,-18.0,-34.5,-27,-13,-18.0,0,0,0.0
215,2025,4,4,0,0.0,1.28,-27,-13,-20.25,-25.9,-27,-13,-20.25,0,0,0.0
216,2025,2,2,0,0.0,0.64,-23,-18,-20.5,-13.1,-23,-18,-20.5,0,0,0.0
217,2025,1,1,0,0.0,0.32,-23,-23,-23.0,-7.4,-23,-23,-23.0,0,0,0.0
218,2025,2,2,0,0.0,0.64,-46,-23,-34.5,-22.1,-46,-23,-34.5,0,0,0.0
219,2025,1,1,0,0.0,0.32,-23,-23,-23.0,-7.4,-23,-23,-23.0,0,0,0.0
220,2025,0,0,0,0.0,0.0,0,0,0.0,0.0,0,0,0.0,0,0,0.0
221,2025,0,0,0,0.0,0.0,0,0,0.0,0.0,0,0,0.0,0,0,0.0
222,2025,0,0,0,0.0,0.0,0,0,0.0,0.0,0,0,0.0,0,0,0.0
223,2025,0,0,0,0.0,0.0,0,0,0.0,0.0,0,0,0.0,0,0,0.0
224,2025,0,0,0,0.0,0.0,0,0,0.0,0.0,0,0,0.0,0,0,0.0
225,2025,0,0,0,0.0,0.0,0,0,0.0,0.0,0,0,0.0,0,0,0.0
226,2025,0,0,0,0.0,0.0,0,0,0.0,0.0,0,0,0.0,0,0,0.0
227,2025,1,1,0,0.0,0.32,-119,-119,-119.0,-38.1,-119,-119,-119.0,0,0,0.0
228,2025,1,1,0,0.0,0.32,-119,-119,-119.0,-38.1,-119,-119,-119.0,0,0,0.0
229,2025,1,1,0,0.0,0.32,-119,-119,-119.0,-38.1,-119,-119,-119.0,0,0,0.0
230,2025,1,1,0,0.0,0.32,-119,-119,-119.0,-38.1,-119,-119,-119.0,0,0,0.0
231,2025,1,1,0,0.0,0.32,-19,-19,-19.0,-6.1,-19,-19,-19.0,0,0,0.0
232,2025,1,1,0,0.0,0.32,-19,-19,-19.0,-6.1,-19,-19,-19.0,0,0,0.0
233,2025,1,1,0,0.0,0.32,-19,-19,-19.0,-6.1,-19,-19,-19.0,0,0,0.0
234,2025,2,2,0,0.0,0.64,-32,-19,-25.5,-16.3,-32,-19,-25.5,0,0,0.0
235,2025,2,2,0,0.0,0.64,-32,-19,-25.5,-16.3,-32,-19,-25.5,0,0,0.0
236,2025,1,1,0,0.0,0.32,-32,-32,-32.0,-10.2,-32,-32,-32.0,0,0,0.0
237,2025,1,1,0,0.0,0.32,-32,-32,-32.0,-10.2,-32,-32,-32.0,0,0,0.0
238,2025,1,1,0,0.0,0.32,-32,-32,-32.0,-10.2,-32,-32,-32.0,0,0,0.0
239,2025,3,3,0,0.0,0.96,-72,-31,-47.3333,-45.4,-72,-31,-47.3333,0,0,0.0
240,2025,6,6,0,0.0,1.92,-72,-29,-43.8333,-84.1,-72,-29,-43.8333,0,0,0.0
241,2025,8,8,0,0.0,2.56,-72,-29,-41.0,-104.9,-72,-29,-41.0,0,0,0.0
242,2025,8,8,0,0.0,2.56,-72,-29,-41.0,-104.9,-72,-29,-41.0,0,0,0.0
243,2025,8,8,0,0.0,2.56,-60,-27,-35.375,-90.5,-60,-27,-35.375,0,0,0.0
244,2025,6,6,0,0.0,1.92,-60,-25,-34.8333,-66.8,-60,-25,-34.8333,0,0,0.0
245,2025,8,8,0,0.0,2.56,-64,-25,-39.25,-100.4,-64,-25,-39.25,0,0,0.0
246,2025,6,6,0,0.0,1.92,-64,-25,-37.0,-71.0,-64,-25,-37.0,0,0,0.0
247,2025,7,7,0,0.0,2.24,-64,-25,-38.8571,-87.0,-64,-25,-38.8571,0,0,0.0
248,2025,6,6,0,0.0,1.92,-64,-25,-43.5,-83.5,-64,-25,-43.5,0,0,0.0
249,2025,5,5,0,0.0,1.6,-64,-25,-46.8,-74.8,-64,-25,-46.8,0,0,0.0
250,2025,4,4,0,0.0,1.28,-64,-34,-50.5,-64.6,-64,-34,-50.5,0,0,0.0
251,2025,5,5,0,0.0,1.6,-64,-25,-45.4,-72.6,-64,-25,-45.4,0,0,0.0
252,2025,4,4,0,0.0,1.28,-54,-25,-40.75,-52.1,-54,-25,-40.75,0,0,0.0
253,2025,3,3,0,0.0,0.96,-54,-25,-37.6667,-36.1,-54,-25,-37.6667,0,0,0.0
254,2025,1,1,0,0.0,0.32,-25,-25,-25.0,-8.0,-25,-25,-25.0,0,0,0.0
255,2025,1,1,0,0.0,0.32,-25,-25,-25.0,-8.0,-25,-25,-25.0,0,0,0.0
256,2025,0,0,0,0.0,0.0,0,0,0.0,0.0,0,0,0.0,0,0,0.0
257,2025,0,0,0,0.0,0.0,0,0,0.0,0.0,0,0,0.0,0,0,0.0
258,2025,0,0,0,0.0,0.0,0,0,0.0,0.0,0,0,0.0,0,0,0.0
259,2025,2,1,1,50.0,0.64,-36,53,8.5,5.4,-36,-36,-36.0,53,53,53.0
260,2025,3,2,1,33.3333,0.96,-37,53,-6.6667,-6.4,-37,-36,-36.5,53,53,53.0
261,2025,4,2,2,50.0,1.28,-37,82,15.5,19.8,-37,-36,-36.5,53,82,67.5
262,2025,9,7,2,22.2222,2.88,-61,82,-16.2222,-46.7,-61,-25,-38.2857,40,82,61.0
263,2025,12,10,2,16.6667,3.84,-61,82,-20.9167,-80.3,-61,-25,-37.3,40,82,61.0
264,2025,11,10,1,9.0909,3.52,-61,40,-30.1818,-106.2,-61,-24,-37.2,40,40,40.0
265,2025,11,10,1,9.0909,3.52,-61,40,-30.1818,-106.2,-61,-24,-37.2,40,40,40.0
266,2025,11,10,1,9.0909,3.52,-61,40,-30.1818,-106.2,-61,-24,-37.2,40,40,40.0
267,2025,12,11,1,8.3333,3.84,-61,36,-30.5833,-117.4,-61,-24,-36.6364,36,36,36.0
268,2025,11,10,1,9.0909,3.52,-61,36,-30.9091,-108.7,-61,-24,-37.6,36,36,36.0
269,2025,7,5,2,28.5714,2.24,-46,41,-12.8571,-28.8,-46,-24,-33.4,36,41,38.5
270,2025,7,3,4,57.1429,2.24,-46,51,7.1429,16.0,-46,-31,-38.0,36,51,41.0
271,2025,8,4,4,50.0,2.56,-46,51,2.0,5.1,-46,-31,-37.0,36,51,41.0
272,2025,9,6,3,33.3333,2.88,-46,51,-5.6667,-16.3,-46,-5,-29.8333,36,51,42.6667
273,2025,9,7,2,22.2222,2.88,-89,51,-20.1111,-57.9,-89,-5,-38.2857,36,51,43.5
274,2025,8,6,2,25.0,2.56,-89,51,-19.625,-50.2,-89,-5,-40.6667,36,51,43.5
275,2025,7,5,2,28.5714,2.24,-89,51,-15.8571,-35.5,-89,-5,-39.6,36,51,43.5
276,2025,7,6,1,14.2857,2.24,-89,36,-23.5714,-52.8,-89,-3,-33.5,36,36,36.0
277,2025,5,5,0,0.0,1.6,-89,-3,-33.4,-53.4,-89,-3,-33.4,0,0,0.0
278,2025,5,5,0,0.0,1.6,-89,-3,-34.6,-55.3,-89,-3,-34.6,0,0,0.0
279,2025,3,3,0,0.0,0.96,-59,-3,-37.3333,-35.8,-59,-3,-37.3333,0,0,0.0
280,2025,3,3,0,0.0,0.96,-59,-3,-37.3333,-35.8,-59,-3,-37.3333,0,0,0.0
281,2025,4,4,0,0.0,1.28,-59,-3,-35.25,-45.1,-59,-3,-35.25,0,0,0.0
