year,ka_from,ka_to,bin_width,count_neg,count_pos,cum_neg,cum_pos,pct_neg,pct_pos,cum_pct_neg,cum_pct_pos
2019,0,5,5,66,10,66,10,7.83,16.13,7.83,16.13
2019,5,10,5,222,17,288,27,26.33,27.42,34.16,43.55
2019,10,15,5,185,11,473,38,21.95,17.74,56.11,61.29
2019,15,20,5,141,4,614,42,16.73,6.45,72.84,67.74
2019,20,25,5,75,6,689,48,8.9,9.68,81.73,77.42
2019,25,30,5,50,5,739,53,5.93,8.06,87.66,85.48
2019,30,35,5,30,4,769,57,3.56,6.45,91.22,91.94
2019,35,40,5,18,3,787,60,2.14,4.84,93.36,96.77
2019,40,45,5,12,0,799,60,1.42,0.0,94.78,96.77
2019,45,50,5,13,0,812,60,1.54,0.0,96.32,96.77
2019,50,55,5,5,0,817,60,0.59,0.0,96.92,96.77
2019,55,60,5,4,0,821,60,0.47,0.0,97.39,96.77
2019,60,65,5,6,1,827,61,0.71,1.61,98.1,98.39
2019,65,70,5,4,0,831,61,0.47,0.0,98.58,98.39
2019,70,75,5,2,0,833,61,0.24,0.0,98.81,98.39
2019,75,80,5,2,0,835,61,0.24,0.0,99.05,98.39
2019,80,85,5,1,0,836,61,0.12,0.0,99.17,98.39
2019,85,90,5,1,0,837,61,0.12,0.0,99.29,98.39
2019,90,95,5,0,0,837,61,0.0,0.0,99.29,98.39
2019,95,100,5,2,0,839,61,0.24,0.0,99.53,98.39
2019,100,105,5,2,0,841,61,0.24,0.0,99.76,98.39
2019,105,110,5,0,0,841,61,0.0,0.0,99.76,98.39
2019,110,115,5,0,1,841,62,0.0,1.61,99.76,100.0
2019,115,120,5,1,0,842,62,0.12,0.0,99.88,100.0
2019,120,125,5,0,0,842,62,0.0,0.0,99.88,100.0
2019,125,130,5,0,0,842,62,0.0,0.0,99.88,100.0
2019,130,135,5,1,0,843,62,0.12,0.0,100.0,100.0
2019,135,140,5,0,0,843,62,0.0,0.0,100.0,100.0
2019,140,145,5,0,0,843,62,0.0,0.0,100.0,100.0
2019,145,150,5,0,0,843,62,0.0,0.0,100.0,100.0
2019,150,155,5,0,0,843,62,0.0,0.0,100.0,100.0
2019,155,160,5,0,0,843,62,0.0,0.0,100.0,100.0
2019,160,165,5,0,0,843,62,0.0,0.0,100.0,100.0
2019,165,170,5,0,0,843,62,0.0,0.0,100.0,100.0
2019,170,175,5,0,0,843,62,0.0,0.0,100.0,100.0
2019,175,180,5,0,0,843,62,0.0,0.0,100.0,100.0
2019,180,185,5,0,0,843,62,0.0,0.0,100.0,100.0
2019,185,190,5,0,0,843,62,0.0,0.0,100.0,100.0
2019,190,195,5,0,0,843,62,0.0,0.0,100.0,100.0
2019,195,200,5,0,0,843,62,0.0,0.0,100.0,100.0
2019,200,205,5,0,0,843,62,0.0,0.0,100.0,100.0
2019,205,210,5,0,0,843,62,0.0,0.0,100.0,100.0
2019,210,215,5,0,0,843,62,0.0,0.0,100.0,100.0
2019,215,220,5,0,0,843,62,0.0,0.0,100.0,100.0
2019,220,225,5,0,0,843,62,0.0,0.0,100.0,100.0
2019,225,230,5,0,0,843,62,0.0,0.0,100.0,100.0
2019,230,235,5,0,0,843,62,0.0,0.0,100.0,100.0
2019,235,240,5,0,0,843,62,0.0,0.0,100.0,100.0
2019,240,245,5,0,0,843,62,0.0,0.0,100.0,100.0
2019,245,250,5,0,0,843,62,0.0,0.0,100.0,100.0
2019,250,255,5,0,0,843,62,0.0,0.0,100.0,100.0
2019,255,260,5,0,0,843,62,0.0,0.0,100.0,100.0
2019,260,265,5,0,0,843,62,0.0,0.0,100.0,100.0
2019,265,270,5,0,0,843,62,0.0,0.0,100.0,100.0
2019,270,275,5,0,0,843,62,0.0,0.0,100.0,100.0
2019,275,280,5,0,0,843,62,0.0,0.0,100.0,100.0
2019,280,285,5,0,0,843,62,0.0,0.0,100.0,100.0
2019,285,290,5,0,0,843,62,0.0,0.0,100.0,100.0
2019,290,295,5,0,0,843,62,0.0,0.0,100.0,100.0
2019,295,300,5,0,0,843,62,0.0,0.0,100.0,100.0
2019,300,305,5,0,0,843,62,0.0,0.0,100.0,100.0
2019,305,310,5,0,0,843,62,0.0,0.0,100.0,100.0
2019,310,315,5,0,0,843,62,0.0,0.0,100.0,100.0
2019,315,320,5,0,0,843,62,0.0,0.0,100.0,100.0
2019,320,325,5,0,0,843,62,0.0,0.0,100.0,100.0
2019,325,330,5,0,0,843,62,0.0,0.0,100.0,100.0
2019,330,335,5,0,0,843,62,0.0,0.0,100.0,100.0
2019,335,340,5,0,0,843,62,0.0,0.0,100.0,100.0
2019,340,345,5,0,0,843,62,0.0,0.0,100.0,100.0
2019,345,350,5,0,0,843,62,0.0,0.0,100.0,100.0
2019,350,355,5,0,0,843,62,0.0,0.0,100.0,100.0
2019,355,360,5,0,0,843,62,0.0,0.0,100.0,100.0
2019,360,365,5,0,0,843,62,0.0,0.0,100.0,100.0
2019,365,370,5,0,0,843,62,0.0,0.0,100.0,100.0
2019,370,375,5,0,0,843,62,0.0,0.0,100.0,100.0
2019,375,380,5,0,0,843,62,0.0,0.0,100.0,100.0
2019,380,385,5,0,0,843,62,0.0,0.0,100.0,100.0
2019,385,390,5,0,0,843,62,0.0,0.0,100.0,100.0
2019,390,395,5,0,0,843,62,0.0,0.0,100.0,100.0
2019,395,400,5,0,0,843,62,0.0,0.0,100.0,100.0
2019,400,405,5,0,0,843,62,0.0,0.0,100.0,100.0
2019,405,410,5,0,0,843,62,0.0,0.0,100.0,100.0
2019,410,415,5,0,0,843,62,0.0,0.0,100.0,100.0
2019,415,420,5,0,0,843,62,0.0,0.0,100.0,100.0
2019,420,425,5,0,0,843,62,0.0,0.0,100.0,100.0
2019,425,430,5,0,0,843,62,0.0,0.0,100.0,100.0
2019,430,435,5,0,0,843,62,0.0,0.0,100.0,100.0
2019,435,440,5,0,0,843,62,0.0,0.0,100.0,100.0
2019,440,445,5,0,0,843,62,0.0,0.0,100.0,100.0
2019,445,450,5,0,0,843,62,0.0,0.0,100.0,100.0
2019,450,455,5,0,0,843,62,0.0,0.0,100.0,100.0
2019,455,460,5,0,0,843,62,0.0,0.0,100.0,100.0
2019,460,465,5,0,0,843,62,0.0,0.0,100.0,100.0
2019,465,470,5,0,0,843,62,0.0,0.0,100.0,100.0
2019,470,475,5,0,0,843,62,0.0,0.0,100.0,100.0
2019,475,480,5,0,0,843,62,0.0,0.0,100.0,100.0
2019,480,485,5,0,0,843,62,0.0,0.0,100.0,100.0
2019,485,490,5,0,0,843,62,0.0,0.0,100.0,100.0
2019,490,495,5,0,0,843,62,0.0,0.0,100.0,100.0
2019,495,500,5,0,0,843,62,0.0,0.0,100.0,100.0
2019,500,505,5,0,0,843,62,0.0,0.0,100.0,100.0
2019,505,510,5,0,0,843,62,0.0,0.0,100.0,100.0
2019,510,515,5,0,0,843,62,0.0,0.0,100.0,100.0
2019,515,520,5,0,0,843,62,0.0,0.0,100.0,100.0
2019,520,525,5,0,0,843,62,0.0,0.0,100.0,100.0
2019,525,530,5,0,0,843,62,0.0,0.0,100.0,100.0
2019,530,535,5,0,0,843,62,0.0,0.0,100.0,100.0
2019,535,540,5,0,0,843,62,0.0,0.0,100.0,100.0
2019,540,545,5,0,0,843,62,0.0,0.0,100.0,100.0
2019,545,550,5,0,0,843,62,0.0,0.0,100.0,100.0
2019,550,555,5,0,0,843,62,0.0,0.0,100.0,100.0
2019,555,560,5,0,0,843,62,0.0,0.0,100.0,100.0
2019,560,565,5,0,0,843,62,0.0,0.0,100.0,100.0
2019,565,570,5,0,0,843,62,0.0,0.0,100.0,100.0
2019,570,575,5,0,0,843,62,0.0,0.0,100.0,100.0
2019,575,580,5,0,0,843,62,0.0,0.0,100.0,100.0
2019,580,585,5,0,0,843,62,0.0,0.0,100.0,100.0
2019,585,590,5,0,0,843,62,0.0,0.0,100.0,100.0
2019,590,595,5,0,0,843,62,0.0,0.0,100.0,100.0
2019,595,600,5,0,0,843,62,0.0,0.0,100.0,100.0
2019,600,605,5,0,0,843,62,0.0,0.0,100.0,100.0
2019,605,610,5,0,0,843,62,0.0,0.0,100.0,100.0
2019,610,615,5,0,0,843,62,0.0,0.0,100.0,100.0
2019,615,620,5,0,0,843,62,0.0,0.0,100.0,100.0
2019,620,625,5,0,0,843,62,0.0,0.0,100.0,100.0
2019,625,630,5,0,0,843,62,0.0,0.0,100.0,100.0
2019,630,635,5,0,0,843,62,0.0,0.0,100.0,100.0
2019,635,640,5,0,0,843,62,0.0,0.0,100.0,100.0
2019,640,645,5,0,0,843,62,0.0,0.0,100.0,100.0
2019,645,650,5,0,0,843,62,0.0,0.0,100.0,100.0
2019,650,655,5,0,0,843,62,0.0,0.0,100.0,100.0
2019,655,660,5,0,0,843,62,0.0,0.0,100.0,100.0
2019,660,665,5,0,0,843,62,0.0,0.0,100.0,100.0
2019,665,670,5,0,0,843,62,0.0,0.0,100.0,100.0
2019,670,675,5,0,0,843,62,0.0,0.0,100.0,100.0
2019,675,680,5,0,0,843,62,0.0,0.0,100.0,100.0
2019,680,685,5,0,0,843,62,0.0,0.0,100.0,100.0
2019,685,690,5,0,0,843,62,0.0,0.0,100.0,100.0
2019,690,695,5,0,0,843,62,0.0,0.0,100.0,100.0
2019,695,700,5,0,0,843,62,0.0,0.0,100.0,100.0
2019,700,705,5,0,0,843,62,0.0,0.0,100.0,100.0
2019,705,710,5,0,0,843,62,0.0,0.0,100.0,100.0
2019,710,715,5,0,0,843,62,0.0,0.0,100.0,100.0
2019,715,720,5,0,0,843,62,0.0,0.0,100.0,100.0
2019,720,725,5,0,0,843,62,0.0,0.0,100.0,100.0
2019,725,730,5,0,0,843,62,0.0,0.0,100.0,100.0
2019,730,735,5,0,0,843,62,0.0,0.0,100.0,100.0
2019,735,740,5,0,0,843,62,0.0,0.0,100.0,100.0
2019,740,745,5,0,0,843,62,0.0,0.0,100.0,100.0
2019,745,750,5,0,0,843,62,0.0,0.0,100.0,100.0
2019,750,755,5,0,0,843,62,0.0,0.0,100.0,100.0
2019,755,760,5,0,0,843,62,0.0,0.0,100.0,100.0
2019,760,765,5,0,0,843,62,0.0,0.0,100.0,100.0
2019,765,770,5,0,0,843,62,0.0,0.0,100.0,100.0
2019,770,775,5,0,0,843,62,0.0,0.0,100.0,100.0
2019,775,780,5,0,0,843,62,0.0,0.0,100.0,100.0
2019,780,785,5,0,0,843,62,0.0,0.0,100.0,100.0
2019,785,790,5,0,0,843,62,0.0,0.0,100.0,100.0
2019,790,795,5,0,0,843,62,0.0,0.0,100.0,100.0
2019,795,800,5,0,0,843,62,0.0,0.0,100.0,100.0
2019,800,805,5,0,0,843,62,0.0,0.0,100.0,100.0
2019,805,810,5,0,0,843,62,0.0,0.0,100.0,100.0
2019,810,815,5,0,0,843,62,0.0,0.0,100.0,100.0
2019,815,820,5,0,0,843,62,0.0,0.0,100.0,100.0
2019,820,825,5,0,0,843,62,0.0,0.0,100.0,100.0
2019,825,830,5,0,0,843,62,0.0,0.0,100.0,100.0
2019,830,835,5,0,0,843,62,0.0,0.0,100.0,100.0
2019,835,840,5,0,0,843,62,0.0,0.0,100.0,100.0
2019,840,845,5,0,0,843,62,0.0,0.0,100.0,100.0
2019,845,850,5,0,0,843,62,0.0,0.0,100.0,100.0
2019,850,855,5,0,0,843,62,0.0,0.0,100.0,100.0
2019,855,860,5,0,0,843,62,0.0,0.0,100.0,100.0
2019,860,865,5,0,0,843,62,0.0,0.0,100.0,100.0
2019,865,870,5,0,0,843,62,0.0,0.0,100.0,100.0
2019,870,875,5,0,0,843,62,0.0,0.0,100.0,100.0
2019,875,880,5,0,0,843,62,0.0,0.0,100.0,100.0
2019,880,885,5,0,0,843,62,0.0,0.0,100.0,100.0
2019,885,890,5,0,0,843,62,0.0,0.0,100.0,100.0
2019,890,895,5,0,0,843,62,0.0,0.0,100.0,100.0
2019,895,900,5,0,0,843,62,0.0,0.0,100.0,100.0
2019,900,905,5,0,0,843,62,0.0,0.0,100.0,100.0
2019,905,910,5,0,0,843,62,0.0,0.0,100.0,100.0
2019,910,915,5,0,0,843,62,0.0,0.0,100.0,100.0
2019,915,920,5,0,0,843,62,0.0,0.0,100.0,100.0
2019,920,925,5,0,0,843,62,0.0,0.0,100.0,100.0
2019,925,930,5,0,0,843,62,0.0,0.0,100.0,100.0
2019,930,935,5,0,0,843,62,0.0,0.0,100.0,100.0
2019,935,940,5,0,0,843,62,0.0,0.0,100.0,100.0
2019,940,945,5,0,0,843,62,0.0,0.0,100.0,100.0
2019,945,950,5,0,0,843,62,0.0,0.0,100.0,100.0
2019,950,955,5,0,0,843,62,0.0,0.0,100.0,100.0
2019,955,960,5,0,0,843,62,0.0,0.0,100.0,100.0
2019,960,965,5,0,0,843,62,0.0,0.0,100.0,100.0
2019,965,970,5,0,0,843,62,0.0,0.0,100.0,100.0
2019,970,975,5,0,0,843,62,0.0,0.0,100.0,100.0
2019,975,980,5,0,0,843,62,0.0,0.0,100.0,100.0
2019,980,985,5,0,0,843,62,0.0,0.0,100.0,100.0
2019,985,990,5,0,0,843,62,0.0,0.0,100.0,100.0
2019,990,995,5,0,0,843,62,0.0,0.0,100.0,100.0
2020,0,5,5,47,8,47,8,8.97,20.51,8.97,20.51
2020,5,10,5,124,7,171,15,23.66,17.95,32.63,38.46
2020,10,15,5,119,4,290,19,22.71,10.26,55.34,48.72
2020,15,20,5,85,3,375,22,16.22,7.69,71.56,56.41
2020,20,25,5,54,3,429,25,10.31,7.69,81.87,64.1
2020,25,30,5,31,2,460,27,5.92,5.13,87.79,69.23
2020,30,35,5,18,4,478,31,3.44,10.26,91.22,79.49
2020,35,40,5,10,2,488,33,1.91,5.13,93.13,84.62
2020,40,45,5,14,3,502,36,2.67,7.69,95.8,92.31
2020,45,50,5,5,0,507,36,0.95,0.0,96.76,92.31
2020,50,55,5,5,1,512,37,0.95,2.56,97.71,94.87
2020,55,60,5,1,1,513,38,0.19,2.56,97.9,97.44
2020,60,65,5,3,0,516,38,0.57,0.0,98.47,97.44
2020,65,70,5,1,0,517,38,0.19,0.0,98.66,97.44
2020,70,75,5,0,0,517,38,0.0,0.0,98.66,97.44
2020,75,80,5,1,0,518,38,0.19,0.0,98.85,97.44
2020,80,85,5,1,0,519,38,0.19,0.0,99.05,97.44
2020,85,90,5,1,0,520,38,0.19,0.0,99.24,97.44
2020,90,95,5,2,0,522,38,0.38,0.0,99.62,97.44
2020,95,100,5,0,1,522,39,0.0,2.56,99.62,100.0
2020,100,105,5,0,0,522,39,0.0,0.0,99.62,100.0
2020,105,110,5,1,0,523,39,0.19,0.0,99.81,100.0
2020,110,115,5,0,0,523,39,0.0,0.0,99.81,100.0
2020,115,120,5,1,0,524,39,0.19,0.0,100.0,100.0
2020,120,125,5,0,0,524,39,0.0,0.0,100.0,100.0
2020,125,130,5,0,0,524,39,0.0,0.0,100.0,100.0
2020,130,135,5,0,0,524,39,0.0,0.0,100.0,100.0
2020,135,140,5,0,0,524,39,0.0,0.0,100.0,100.0
2020,140,145,5,0,0,524,39,0.0,0.0,100.0,100.0
2020,145,150,5,0,0,524,39,0.0,0.0,100.0,100.0
2020,150,155,5,0,0,524,39,0.0,0.0,100.0,100.0
2020,155,160,5,0,0,524,39,0.0,0.0,100.0,100.0
2020,160,165,5,0,0,524,39,0.0,0.0,100.0,100.0
2020,165,170,5,0,0,524,39,0.0,0.0,100.0,100.0
2020,170,175,5,0,0,524,39,0.0,0.0,100.0,100.0
2020,175,180,5,0,0,524,39,0.0,0.0,100.0,100.0
2020,180,185,5,0,0,524,39,0.0,0.0,100.0,100.0
2020,185,190,5,0,0,524,39,0.0,0.0,100.0,100.0
2020,190,195,5,0,0,524,39,0.0,0.0,100.0,100.0
2020,195,200,5,0,0,524,39,0.0,0.0,100.0,100.0
2020,200,205,5,0,0,524,39,0.0,0.0,100.0,100.0
2020,205,210,5,0,0,524,39,0.0,0.0,100.0,100.0
2020,210,215,5,0,0,524,39,0.0,0.0,100.0,100.0
2020,215,220,5,0,0,524,39,0.0,0.0,100.0,100.0
2020,220,225,5,0,0,524,39,0.0,0.0,100.0,100.0
2020,225,230,5,0,0,524,39,0.0,0.0,100.0,100.0
2020,230,235,5,0,0,524,39,0.0,0.0,100.0,100.0
2020,235,240,5,0,0,524,39,0.0,0.0,100.0,100.0
2020,240,245,5,0,0,524,39,0.0,0.0,100.0,100.0
2020,245,250,5,0,0,524,39,0.0,0.0,100.0,100.0
2020,250,255,5,0,0,524,39,0.0,0.0,100.0,100.0
2020,255,260,5,0,0,524,39,0.0,0.0,100.0,100.0
2020,260,265,5,0,0,524,39,0.0,0.0,100.0,100.0
2020,265,270,5,0,0,524,39,0.0,0.0,100.0,100.0
2020,270,275,5,0,0,524,39,0.0,0.0,100.0,100.0
2020,275,280,5,0,0,524,39,0.0,0.0,100.0,100.0
2020,280,285,5,0,0,524,39,0.0,0.0,100.0,100.0
2020,285,290,5,0,0,524,39,0.0,0.0,100.0,100.0
2020,290,295,5,0,0,524,39,0.0,0.0,100.0,100.0
2020,295,300,5,0,0,524,39,0.0,0.0,100.0,100.0
2020,300,305,5,0,0,524,39,0.0,0.0,100.0,100.0
2020,305,310,5,0,0,524,39,0.0,0.0,100.0,100.0
2020,310,315,5,0,0,524,39,0.0,0.0,100.0,100.0
2020,315,320,5,0,0,524,39,0.0,0.0,100.0,100.0
2020,320,325,5,0,0,524,39,0.0,0.0,100.0,100.0
2020,325,330,5,0,0,524,39,0.0,0.0,100.0,100.0
2020,330,335,5,0,0,524,39,0.0,0.0,100.0,100.0
2020,335,340,5,0,0,524,39,0.0,0.0,100.0,100.0
2020,340,345,5,0,0,524,39,0.0,0.0,100.0,100.0
2020,345,350,5,0,0,524,39,0.0,0.0,100.0,100.0
2020,350,355,5,0,0,524,39,0.0,0.0,100.0,100.0
2020,355,360,5,0,0,524,39,0.0,0.0,100.0,100.0
2020,360,365,5,0,0,524,39,0.0,0.0,100.0,100.0
2020,365,370,5,0,0,524,39,0.0,0.0,100.0,100.0
2020,370,375,5,0,0,524,39,0.0,0.0,100.0,100.0
2020,375,380,5,0,0,524,39,0.0,0.0,100.0,100.0
2020,380,385,5,0,0,524,39,0.0,0.0,100.0,100.0
2020,385,390,5,0,0,524,39,0.0,0.0,100.0,100.0
2020,390,395,5,0,0,524,39,0.0,0.0,100.0,100.0
2020,395,400,5,0,0,524,39,0.0,0.0,100.0,100.0
2020,400,405,5,0,0,524,39,0.0,0.0,100.0,100.0
2020,405,410,5,0,0,524,39,0.0,0.0,100.0,100.0
2020,410,415,5,0,0,524,39,0.0,0.0,100.0,100.0
2020,415,420,5,0,0,524,39,0.0,0.0,100.0,100.0
2020,420,425,5,0,0,524,39,0.0,0.0,100.0,100.0
2020,425,430,5,0,0,524,39,0.0,0.0,100.0,100.0
2020,430,435,5,0,0,524,39,0.0,0.0,100.0,100.0
2020,435,440,5,0,0,524,39,0.0,0.0,100.0,100.0
2020,440,445,5,0,0,524,39,0.0,0.0,100.0,100.0
2020,445,450,5,0,0,524,39,0.0,0.0,100.0,100.0
2020,450,455,5,0,0,524,39,0.0,0.0,100.0,100.0
2020,455,460,5,0,0,524,39,0.0,0.0,100.0,100.0
2020,460,465,5,0,0,524,39,0.0,0.0,100.0,100.0
2020,465,470,5,0,0,524,39,0.0,0.0,100.0,100.0
2020,470,475,5,0,0,524,39,0.0,0.0,100.0,100.0
2020,475,480,5,0,0,524,39,0.0,0.0,100.0,100.0
2020,480,485,5,0,0,524,39,0.0,0.0,100.0,100.0
2020,485,490,5,0,0,524,39,0.0,0.0,100.0,100.0
2020,490,495,5,0,0,524,39,0.0,0.0,100.0,100.0
2020,495,500,5,0,0,524,39,0.0,0.0,100.0,100.0
2020,500,505,5,0,0,524,39,0.0,0.0,100.0,100.0
2020,505,510,5,0,0,524,39,0.0,0.0,100.0,100.0
2020,510,515,5,0,0,524,39,0.0,0.0,100.0,100.0
2020,515,520,5,0,0,524,39,0.0,0.0,100.0,100.0
2020,520,525,5,0,0,524,39,0.0,0.0,100.0,100.0
2020,525,530,5,0,0,524,39,0.0,0.0,100.0,100.0
2020,530,535,5,0,0,524,39,0.0,0.0,100.0,100.0
2020,535,540,5,0,0,524,39,0.0,0.0,100.0,100.0
2020,540,545,5,0,0,524,39,0.0,0.0,100.0,100.0
2020,545,550,5,0,0,524,39,0.0,0.0,100.0,100.0
2020,550,555,5,0,0,524,39,0.0,0.0,100.0,100.0
2020,555,560,5,0,0,524,39,0.0,0.0,100.0,100.0
2020,560,565,5,0,0,524,39,0.0,0.0,100.0,100.0
2020,565,570,5,0,0,524,39,0.0,0.0,100.0,100.0
2020,570,575,5,0,0,524,39,0.0,0.0,100.0,100.0
2020,575,580,5,0,0,524,39,0.0,0.0,100.0,100.0
2020,580,585,5,0,0,524,39,0.0,0.0,100.0,100.0
2020,585,590,5,0,0,524,39,0.0,0.0,100.0,100.0
2020,590,595,5,0,0,524,39,0.0,0.0,100.0,100.0
2020,595,600,5,0,0,524,39,0.0,0.0,100.0,100.0
2020,600,605,5,0,0,524,39,0.0,0.0,100.0,100.0
2020,605,610,5,0,0,524,39,0.0,0.0,100.0,100.0
2020,610,615,5,0,0,524,39,0.0,0.0,100.0,100.0
2020,615,620,5,0,0,524,39,0.0,0.0,100.0,100.0
2020,620,625,5,0,0,524,39,0.0,0.0,100.0,100.0
2020,625,630,5,0,0,524,39,0.0,0.0,100.0,100.0
2020,630,635,5,0,0,524,39,0.0,0.0,100.0,100.0
2020,635,640,5,0,0,524,39,0.0,0.0,100.0,100.0
2020,640,645,5,0,0,524,39,0.0,0.0,100.0,100.0
2020,645,650,5,0,0,524,39,0.0,0.0,100.0,100.0
2020,650,655,5,0,0,524,39,0.0,0.0,100.0,100.0
2020,655,660,5,0,0,524,39,0.0,0.0,100.0,100.0
2020,660,665,5,0,0,524,39,0.0,0.0,100.0,100.0
2020,665,670,5,0,0,524,39,0.0,0.0,100.0,100.0
2020,670,675,5,0,0,524,39,0.0,0.0,100.0,100.0
2020,675,680,5,0,0,524,39,0.0,0.0,100.0,100.0
2020,680,685,5,0,0,524,39,0.0,0.0,100.0,100.0
2020,685,690,5,0,0,524,39,0.0,0.0,100.0,100.0
2020,690,695,5,0,0,524,39,0.0,0.0,100.0,100.0
2020,695,700,5,0,0,524,39,0.0,0.0,100.0,100.0
2020,700,705,5,0,0,524,39,0.0,0.0,100.0,100.0
2020,705,710,5,0,0,524,39,0.0,0.0,100.0,100.0
2020,710,715,5,0,0,524,39,0.0,0.0,100.0,100.0
2020,715,720,5,0,0,524,39,0.0,0.0,100.0,100.0
2020,720,725,5,0,0,524,39,0.0,0.0,100.0,100.0
2020,725,730,5,0,0,524,39,0.0,0.0,100.0,100.0
2020,730,735,5,0,0,524,39,0.0,0.0,100.0,100.0
2020,735,740,5,0,0,524,39,0.0,0.0,100.0,100.0
2020,740,745,5,0,0,524,39,0.0,0.0,100.0,100.0
2020,745,750,5,0,0,524,39,0.0,0.0,100.0,100.0
2020,750,755,5,0,0,524,39,0.0,0.0,100.0,100.0
2020,755,760,5,0,0,524,39,0.0,0.0,100.0,100.0
2020,760,765,5,0,0,524,39,0.0,0.0,100.0,100.0
2020,765,770,5,0,0,524,39,0.0,0.0,100.0,100.0
2020,770,775,5,0,0,524,39,0.0,0.0,100.0,100.0
2020,775,780,5,0,0,524,39,0.0,0.0,100.0,100.0
2020,780,785,5,0,0,524,39,0.0,0.0,100.0,100.0
2020,785,790,5,0,0,524,39,0.0,0.0,100.0,100.0
2020,790,795,5,0,0,524,39,0.0,0.0,100.0,100.0
2020,795,800,5,0,0,524,39,0.0,0.0,100.0,100.0
2020,800,805,5,0,0,524,39,0.0,0.0,100.0,100.0
2020,805,810,5,0,0,524,39,0.0,0.0,100.0,100.0
2020,810,815,5,0,0,524,39,0.0,0.0,100.0,100.0
2020,815,820,5,0,0,524,39,0.0,0.0,100.0,100.0
2020,820,825,5,0,0,524,39,0.0,0.0,100.0,100.0
2020,825,830,5,0,0,524,39,0.0,0.0,100.0,100.0
2020,830,835,5,0,0,524,39,0.0,0.0,100.0,100.0
2020,835,840,5,0,0,524,39,0.0,0.0,100.0,100.0
2020,840,845,5,0,0,524,39,0.0,0.0,100.0,100.0
2020,845,850,5,0,0,524,39,0.0,0.0,100.0,100.0
2020,850,855,5,0,0,524,39,0.0,0.0,100.0,100.0
2020,855,860,5,0,0,524,39,0.0,0.0,100.0,100.0
2020,860,865,5,0,0,524,39,0.0,0.0,100.0,100.0
2020,865,870,5,0,0,524,39,0.0,0.0,100.0,100.0
2020,870,875,5,0,0,524,39,0.0,0.0,100.0,100.0
2020,875,880,5,0,0,524,39,0.0,0.0,100.0,100.0
2020,880,885,5,0,0,524,39,0.0,0.0,100.0,100.0
2020,885,890,5,0,0,524,39,0.0,0.0,100.0,100.0
2020,890,895,5,0,0,524,39,0.0,0.0,100.0,100.0
2020,895,900,5,0,0,524,39,0.0,0.0,100.0,100.0
2020,900,905,5,0,0,524,39,0.0,0.0,100.0,100.0
2020,905,910,5,0,0,524,39,0.0,0.0,100.0,100.0
2020,910,915,5,0,0,524,39,0.0,0.0,100.0,100.0
2020,915,920,5,0,0,524,39,0.0,0.0,100.0,100.0
2020,920,925,5,0,0,524,39,0.0,0.0,100.0,100.0
2020,925,930,5,0,0,524,39,0.0,0.0,100.0,100.0
2020,930,935,5,0,0,524,39,0.0,0.0,100.0,100.0
2020,935,940,5,0,0,524,39,0.0,0.0,100.0,100.0
2020,940,945,5,0,0,524,39,0.0,0.0,100.0,100.0
2020,945,950,5,0,0,524,39,0.0,0.0,100.0,100.0
2020,950,955,5,0,0,524,39,0.0,0.0,100.0,100.0
2020,955,960,5,0,0,524,39,0.0,0.0,100.0,100.0
2020,960,965,5,0,0,524,39,0.0,0.0,100.0,100.0
2020,965,970,5,0,0,524,39,0.0,0.0,100.0,100.0
2020,970,975,5,0,0,524,39,0.0,0.0,100.0,100.0
2020,975,980,5,0,0,524,39,0.0,0.0,100.0,100.0
2020,980,985,5,0,0,524,39,0.0,0.0,100.0,100.0
2020,985,990,5,0,0,524,39,0.0,0.0,100.0,100.0
2020,990,995,5,0,0,524,39,0.0,0.0,100.0,100.0
2021,0,5,5,62,5,62,5,4.51,7.14,4.51,7.14
2021,5,10,5,236,9,298,14,17.16,12.86,21.67,20.0
2021,10,15,5,285,9,583,23,20.73,12.86,42.4,32.86
2021,15,20,5,233,9,816,32,16.95,12.86,59.35,45.71
2021,20,25,5,192,8,1008,40,13.96,11.43,73.31,57.14
2021,25,30,5,132,3,1140,43,9.6,4.29,82.91,61.43
2021,30,35,5,70,8,1210,51,5.09,11.43,88.0,72.86
2021,35,40,5,48,4,1258,55,3.49,5.71,91.49,78.57
2021,40,45,5,32,4,1290,59,2.33,5.71,93.82,84.29
2021,45,50,5,18,1,1308,60,1.31,1.43,95.13,85.71
2021,50,55,5,16,3,1324,63,1.16,4.29,96.29,90.0
2021,55,60,5,13,2,1337,65,0.95,2.86,97.24,92.86
2021,60,65,5,7,2,1344,67,0.51,2.86,97.75,95.71
2021,65,70,5,6,1,1350,68,0.44,1.43,98.18,97.14
2021,70,75,5,10,1,1360,69,0.73,1.43,98.91,98.57
2021,75,80,5,3,0,1363,69,0.22,0.0,99.13,98.57
2021,80,85,5,1,0,1364,69,0.07,0.0,99.2,98.57
2021,85,90,5,3,0,1367,69,0.22,0.0,99.42,98.57
2021,90,95,5,1,1,1368,70,0.07,1.43,99.49,100.0
2021,95,100,5,0,0,1368,70,0.0,0.0,99.49,100.0
2021,100,105,5,2,0,1370,70,0.15,0.0,99.64,100.0
2021,105,110,5,1,0,1371,70,0.07,0.0,99.71,100.0
2021,110,115,5,0,0,1371,70,0.0,0.0,99.71,100.0
2021,115,120,5,0,0,1371,70,0.0,0.0,99.71,100.0
2021,120,125,5,0,0,1371,70,0.0,0.0,99.71,100.0
2021,125,130,5,0,0,1371,70,0.0,0.0,99.71,100.0
2021,130,135,5,1,0,1372,70,0.07,0.0,99.78,100.0
2021,135,140,5,2,0,1374,70,0.15,0.0,99.93,100.0
2021,140,145,5,0,0,1374,70,0.0,0.0,99.93,100.0
2021,145,150,5,0,0,1374,70,0.0,0.0,99.93,100.0
2021,150,155,5,0,0,1374,70,0.0,0.0,99.93,100.0
2021,155,160,5,1,0,1375,70,0.07,0.0,100.0,100.0
2021,160,165,5,0,0,1375,70,0.0,0.0,100.0,100.0
2021,165,170,5,0,0,1375,70,0.0,0.0,100.0,100.0
2021,170,175,5,0,0,1375,70,0.0,0.0,100.0,100.0
2021,175,180,5,0,0,1375,70,0.0,0.0,100.0,100.0
2021,180,185,5,0,0,1375,70,0.0,0.0,100.0,100.0
2021,185,190,5,0,0,1375,70,0.0,0.0,100.0,100.0
2021,190,195,5,0,0,1375,70,0.0,0.0,100.0,100.0
2021,195,200,5,0,0,1375,70,0.0,0.0,100.0,100.0
2021,200,205,5,0,0,1375,70,0.0,0.0,100.0,100.0
2021,205,210,5,0,0,1375,70,0.0,0.0,100.0,100.0
2021,210,215,5,0,0,1375,70,0.0,0.0,100.0,100.0
2021,215,220,5,0,0,1375,70,0.0,0.0,100.0,100.0
2021,220,225,5,0,0,1375,70,0.0,0.0,100.0,100.0
2021,225,230,5,0,0,1375,70,0.0,0.0,100.0,100.0
2021,230,235,5,0,0,1375,70,0.0,0.0,100.0,100.0
2021,235,240,5,0,0,1375,70,0.0,0.0,100.0,100.0
2021,240,245,5,0,0,1375,70,0.0,0.0,100.0,100.0
2021,245,250,5,0,0,1375,70,0.0,0.0,100.0,100.0
2021,250,255,5,0,0,1375,70,0.0,0.0,100.0,100.0
2021,255,260,5,0,0,1375,70,0.0,0.0,100.0,100.0
2021,260,265,5,0,0,1375,70,0.0,0.0,100.0,100.0
2021,265,270,5,0,0,1375,70,0.0,0.0,100.0,100.0
2021,270,275,5,0,0,1375,70,0.0,0.0,100.0,100.0
2021,275,280,5,0,0,1375,70,0.0,0.0,100.0,100.0
2021,280,285,5,0,0,1375,70,0.0,0.0,100.0,100.0
2021,285,290,5,0,0,1375,70,0.0,0.0,100.0,100.0
2021,290,295,5,0,0,1375,70,0.0,0.0,100.0,100.0
2021,295,300,5,0,0,1375,70,0.0,0.0,100.0,100.0
2021,300,305,5,0,0,1375,70,0.0,0.0,100.0,100.0
2021,305,310,5,0,0,1375,70,0.0,0.0,100.0,100.0
2021,310,315,5,0,0,1375,70,0.0,0.0,100.0,100.0
2021,315,320,5,0,0,1375,70,0.0,0.0,100.0,100.0
2021,320,325,5,0,0,1375,70,0.0,0.0,100.0,100.0
2021,325,330,5,0,0,1375,70,0.0,0.0,100.0,100.0
2021,330,335,5,0,0,1375,70,0.0,0.0,100.0,100.0
2021,335,340,5,0,0,1375,70,0.0,0.0,100.0,100.0
2021,340,345,5,0,0,1375,70,0.0,0.0,100.0,100.0
2021,345,350,5,0,0,1375,70,0.0,0.0,100.0,100.0
2021,350,355,5,0,0,1375,70,0.0,0.0,100.0,100.0
2021,355,360,5,0,0,1375,70,0.0,0.0,100.0,100.0
2021,360,365,5,0,0,1375,70,0.0,0.0,100.0,100.0
2021,365,370,5,0,0,1375,70,0.0,0.0,100.0,100.0
2021,370,375,5,0,0,1375,70,0.0,0.0,100.0,100.0
2021,375,380,5,0,0,1375,70,0.0,0.0,100.0,100.0
2021,380,385,5,0,0,1375,70,0.0,0.0,100.0,100.0
2021,385,390,5,0,0,1375,70,0.0,0.0,100.0,100.0
2021,390,395,5,0,0,1375,70,0.0,0.0,100.0,100.0
2021,395,400,5,0,0,1375,70,0.0,0.0,100.0,100.0
2021,400,405,5,0,0,1375,70,0.0,0.0,100.0,100.0
2021,405,410,5,0,0,1375,70,0.0,0.0,100.0,100.0
2021,410,415,5,0,0,1375,70,0.0,0.0,100.0,100.0
2021,415,420,5,0,0,1375,70,0.0,0.0,100.0,100.0
2021,420,425,5,0,0,1375,70,0.0,0.0,100.0,100.0
2021,425,430,5,0,0,1375,70,0.0,0.0,100.0,100.0
2021,430,435,5,0,0,1375,70,0.0,0.0,100.0,100.0
2021,435,440,5,0,0,1375,70,0.0,0.0,100.0,100.0
2021,440,445,5,0,0,1375,70,0.0,0.0,100.0,100.0
2021,445,450,5,0,0,1375,70,0.0,0.0,100.0,100.0
2021,450,455,5,0,0,1375,70,0.0,0.0,100.0,100.0
2021,455,460,5,0,0,1375,70,0.0,0.0,100.0,100.0
2021,460,465,5,0,0,1375,70,0.0,0.0,100.0,100.0
2021,465,470,5,0,0,1375,70,0.0,0.0,100.0,100.0
2021,470,475,5,0,0,1375,70,0.0,0.0,100.0,100.0
2021,475,480,5,0,0,1375,70,0.0,0.0,100.0,100.0
2021,480,485,5,0,0,1375,70,0.0,0.0,100.0,100.0
2021,485,490,5,0,0,1375,70,0.0,0.0,100.0,100.0
2021,490,495,5,0,0,1375,70,0.0,0.0,100.0,100.0
2021,495,500,5,0,0,1375,70,0.0,0.0,100.0,100.0
2021,500,505,5,0,0,1375,70,0.0,0.0,100.0,100.0
2021,505,510,5,0,0,1375,70,0.0,0.0,100.0,100.0
2021,510,515,5,0,0,1375,70,0.0,0.0,100.0,100.0
2021,515,520,5,0,0,1375,70,0.0,0.0,100.0,100.0
2021,520,525,5,0,0,1375,70,0.0,0.0,100.0,100.0
2021,525,530,5,0,0,1375,70,0.0,0.0,100.0,100.0
2021,530,535,5,0,0,1375,70,0.0,0.0,100.0,100.0
2021,535,540,5,0,0,1375,70,0.0,0.0,100.0,100.0
2021,540,545,5,0,0,1375,70,0.0,0.0,100.0,100.0
2021,545,550,5,0,0,1375,70,0.0,0.0,100.0,100.0
2021,550,555,5,0,0,1375,70,0.0,0.0,100.0,100.0
2021,555,560,5,0,0,1375,70,0.0,0.0,100.0,100.0
2021,560,565,5,0,0,1375,70,0.0,0.0,100.0,100.0
2021,565,570,5,0,0,1375,70,0.0,0.0,100.0,100.0
2021,570,575,5,0,0,1375,70,0.0,0.0,100.0,100.0
2021,575,580,5,0,0,1375,70,0.0,0.0,100.0,100.0
2021,580,585,5,0,0,1375,70,0.0,0.0,100.0,100.0
2021,585,590,5,0,0,1375,70,0.0,0.0,100.0,100.0
2021,590,595,5,0,0,1375,70,0.0,0.0,100.0,100.0
2021,595,600,5,0,0,1375,70,0.0,0.0,100.0,100.0
2021,600,605,5,0,0,1375,70,0.0,0.0,100.0,100.0
2021,605,610,5,0,0,1375,70,0.0,0.0,100.0,100.0
2021,610,615,5,0,0,1375,70,0.0,0.0,100.0,100.0
2021,615,620,5,0,0,1375,70,0.0,0.0,100.0,100.0
2021,620,625,5,0,0,1375,70,0.0,0.0,100.0,100.0
2021,625,630,5,0,0,1375,70,0.0,0.0,100.0,100.0
2021,630,635,5,0,0,1375,70,0.0,0.0,100.0,100.0
2021,635,640,5,0,0,1375,70,0.0,0.0,100.0,100.0
2021,640,645,5,0,0,1375,70,0.0,0.0,100.0,100.0
2021,645,650,5,0,0,1375,70,0.0,0.0,100.0,100.0
2021,650,655,5,0,0,1375,70,0.0,0.0,100.0,100.0
2021,655,660,5,0,0,1375,70,0.0,0.0,100.0,100.0
2021,660,665,5,0,0,1375,70,0.0,0.0,100.0,100.0
2021,665,670,5,0,0,1375,70,0.0,0.0,100.0,100.0
2021,670,675,5,0,0,1375,70,0.0,0.0,100.0,100.0
2021,675,680,5,0,0,1375,70,0.0,0.0,100.0,100.0
2021,680,685,5,0,0,1375,70,0.0,0.0,100.0,100.0
2021,685,690,5,0,0,1375,70,0.0,0.0,100.0,100.0
2021,690,695,5,0,0,1375,70,0.0,0.0,100.0,100.0
2021,695,700,5,0,0,1375,70,0.0,0.0,100.0,100.0
2021,700,705,5,0,0,1375,70,0.0,0.0,100.0,100.0
2021,705,710,5,0,0,1375,70,0.0,0.0,100.0,100.0
2021,710,715,5,0,0,1375,70,0.0,0.0,100.0,100.0
2021,715,720,5,0,0,1375,70,0.0,0.0,100.0,100.0
2021,720,725,5,0,0,1375,70,0.0,0.0,100.0,100.0
2021,725,730,5,0,0,1375,70,0.0,0.0,100.0,100.0
2021,730,735,5,0,0,1375,70,0.0,0.0,100.0,100.0
2021,735,740,5,0,0,1375,70,0.0,0.0,100.0,100.0
2021,740,745,5,0,0,1375,70,0.0,0.0,100.0,100.0
2021,745,750,5,0,0,1375,70,0.0,0.0,100.0,100.0
2021,750,755,5,0,0,1375,70,0.0,0.0,100.0,100.0
2021,755,760,5,0,0,1375,70,0.0,0.0,100.0,100.0
2021,760,765,5,0,0,1375,70,0.0,0.0,100.0,100.0
2021,765,770,5,0,0,1375,70,0.0,0.0,100.0,100.0
2021,770,775,5,0,0,1375,70,0.0,0.0,100.0,100.0
2021,775,780,5,0,0,1375,70,0.0,0.0,100.0,100.0
2021,780,785,5,0,0,1375,70,0.0,0.0,100.0,100.0
2021,785,790,5,0,0,1375,70,0.0,0.0,100.0,100.0
2021,790,795,5,0,0,1375,70,0.0,0.0,100.0,100.0
2021,795,800,5,0,0,1375,70,0.0,0.0,100.0,100.0
2021,800,805,5,0,0,1375,70,0.0,0.0,100.0,100.0
2021,805,810,5,0,0,1375,70,0.0,0.0,100.0,100.0
2021,810,815,5,0,0,1375,70,0.0,0.0,100.0,100.0
2021,815,820,5,0,0,1375,70,0.0,0.0,100.0,100.0
2021,820,825,5,0,0,1375,70,0.0,0.0,100.0,100.0
2021,825,830,5,0,0,1375,70,0.0,0.0,100.0,100.0
2021,830,835,5,0,0,1375,70,0.0,0.0,100.0,100.0
2021,835,840,5,0,0,1375,70,0.0,0.0,100.0,100.0
2021,840,845,5,0,0,1375,70,0.0,0.0,100.0,100.0
2021,845,850,5,0,0,1375,70,0.0,0.0,100.0,100.0
2021,850,855,5,0,0,1375,70,0.0,0.0,100.0,100.0
2021,855,860,5,0,0,1375,70,0.0,0.0,100.0,100.0
2021,860,865,5,0,0,1375,70,0.0,0.0,100.0,100.0
2021,865,870,5,0,0,1375,70,0.0,0.0,100.0,100.0
2021,870,875,5,0,0,1375,70,0.0,0.0,100.0,100.0
2021,875,880,5,0,0,1375,70,0.0,0.0,100.0,100.0
2021,880,885,5,0,0,1375,70,0.0,0.0,100.0,100.0
2021,885,890,5,0,0,1375,70,0.0,0.0,100.0,100.0
2021,890,895,5,0,0,1375,70,0.0,0.0,100.0,100.0
2021,895,900,5,0,0,1375,70,0.0,0.0,100.0,100.0
2021,900,905,5,0,0,1375,70,0.0,0.0,100.0,100.0
2021,905,910,5,0,0,1375,70,0.0,0.0,100.0,100.0
2021,910,915,5,0,0,1375,70,0.0,0.0,100.0,100.0
2021,915,920,5,0,0,1375,70,0.0,0.0,100.0,100.0
2021,920,925,5,0,0,1375,70,0.0,0.0,100.0,100.0
2021,925,930,5,0,0,1375,70,0.0,0.0,100.0,100.0
2021,930,935,5,0,0,1375,70,0.0,0.0,100.0,100.0
2021,935,940,5,0,0,1375,70,0.0,0.0,100.0,100.0
2021,940,945,5,0,0,1375,70,0.0,0.0,100.0,100.0
2021,945,950,5,0,0,1375,70,0.0,0.0,100.0,100.0
2021,950,955,5,0,0,1375,70,0.0,0.0,100.0,100.0
2021,955,960,5,0,0,1375,70,0.0,0.0,100.0,100.0
2021,960,965,5,0,0,1375,70,0.0,0.0,100.0,100.0
2021,965,970,5,0,0,1375,70,0.0,0.0,100.0,100.0
2021,970,975,5,0,0,1375,70,0.0,0.0,100.0,100.0
2021,975,980,5,0,0,1375,70,0.0,0.0,100.0,100.0
2021,980,985,5,0,0,1375,70,0.0,0.0,100.0,100.0
2021,985,990,5,0,0,1375,70,0.0,0.0,100.0,100.0
2021,990,995,5,0,0,1375,70,0.0,0.0,100.0,100.0
2022,0,1,1,0,0,0,0,0.0,0.0,0.0,0.0
2022,1,2,1,1,0,1,0,0.06,0.0,0.06,0.0
2022,2,3,1,4,1,5,1,0.25,0.98,0.31,0.98
2022,3,4,1,21,4,26,5,1.3,3.92,1.61,4.9
2022,4,5,1,33,6,59,11,2.04,5.88,3.65,10.78
2022,5,6,1,48,5,107,16,2.97,4.9,6.62,15.69
2022,6,7,1,47,6,154,22,2.91,5.88,9.53,21.57
2022,7,8,1,51,2,205,24,3.16,1.96,12.69,23.53
2022,8,9,1,45,2,250,26,2.78,1.96,15.47,25.49
2022,9,10,1,68,2,318,28,4.21,1.96,19.68,27.45
2022,10,11,1,62,3,380,31,3.84,2.94,23.51,30.39
2022,11,12,1,66,0,446,31,4.08,0.0,27.6,30.39
2022,12,13,1,68,2,514,33,4.21,1.96,31.81,32.35
2022,13,14,1,63,1,577,34,3.9,0.98,35.71,33.33
2022,14,15,1,55,0,632,34,3.4,0.0,39.11,33.33
2022,15,16,1,50,0,682,34,3.09,0.0,42.2,33.33
2022,16,17,1,47,2,729,36,2.91,1.96,45.11,35.29
2022,17,18,1,60,1,789,37,3.71,0.98,48.82,36.27
2022,18,19,1,48,3,837,40,2.97,2.94,51.79,39.22
2022,19,20,1,47,1,884,41,2.91,0.98,54.7,40.2
2022,20,21,1,52,7,936,48,3.22,6.86,57.92,47.06
2022,21,22,1,52,0,988,48,3.22,0.0,61.14,47.06
2022,22,23,1,48,2,1036,50,2.97,1.96,64.11,49.02
2022,23,24,1,38,1,1074,51,2.35,0.98,66.46,50.0
2022,24,25,1,46,4,1120,55,2.85,3.92,69.31,53.92
2022,25,26,1,37,1,1157,56,2.29,0.98,71.6,54.9
2022,26,27,1,32,2,1189,58,1.98,1.96,73.58,56.86
2022,27,28,1,37,2,1226,60,2.29,1.96,75.87,58.82
2022,28,29,1,45,2,1271,62,2.78,1.96,78.65,60.78
2022,29,30,1,20,2,1291,64,1.24,1.96,79.89,62.75
2022,30,31,1,22,1,1313,65,1.36,0.98,81.25,63.73
2022,31,32,1,14,3,1327,68,0.87,2.94,82.12,66.67
2022,32,33,1,19,2,1346,70,1.18,1.96,83.29,68.63
2022,33,34,1,17,2,1363,72,1.05,1.96,84.34,70.59
2022,34,35,1,18,0,1381,72,1.11,0.0,85.46,70.59
2022,35,36,1,15,2,1396,74,0.93,1.96,86.39,72.55
2022,36,37,1,11,1,1407,75,0.68,0.98,87.07,73.53
2022,37,38,1,10,0,1417,75,0.62,0.0,87.69,73.53
2022,38,39,1,7,2,1424,77,0.43,1.96,88.12,75.49
2022,39,40,1,14,1,1438,78,0.87,0.98,88.99,76.47
2022,40,41,1,14,1,1452,79,0.87,0.98,89.85,77.45
2022,41,42,1,7,0,1459,79,0.43,0.0,90.28,77.45
2022,42,43,1,6,1,1465,80,0.37,0.98,90.66,78.43
2022,43,44,1,7,1,1472,81,0.43,0.98,91.09,79.41
2022,44,45,1,2,1,1474,82,0.12,0.98,91.21,80.39
2022,45,46,1,6,0,1480,82,0.37,0.0,91.58,80.39
2022,46,47,1,7,2,1487,84,0.43,1.96,92.02,82.35
2022,47,48,1,7,1,1494,85,0.43,0.98,92.45,83.33
2022,48,49,1,11,0,1505,85,0.68,0.0,93.13,83.33
2022,49,50,1,5,1,1510,86,0.31,0.98,93.44,84.31
2022,50,51,1,4,0,1514,86,0.25,0.0,93.69,84.31
2022,51,52,1,4,0,1518,86,0.25,0.0,93.94,84.31
2022,52,53,1,6,1,1524,87,0.37,0.98,94.31,85.29
2022,53,54,1,5,0,1529,87,0.31,0.0,94.62,85.29
2022,54,55,1,4,0,1533,87,0.25,0.0,94.86,85.29
2022,55,56,1,7,0,1540,87,0.43,0.0,95.3,85.29
2022,56,57,1,3,0,1543,87,0.19,0.0,95.48,85.29
2022,57,58,1,6,1,1549,88,0.37,0.98,95.85,86.27
2022,58,59,1,3,1,1552,89,0.19,0.98,96.04,87.25
2022,59,60,1,3,1,1555,90,0.19,0.98,96.23,88.24
2022,60,61,1,9,0,1564,90,0.56,0.0,96.78,88.24
2022,61,62,1,1,0,1565,90,0.06,0.0,96.84,88.24
2022,62,63,1,0,1,1565,91,0.0,0.98,96.84,89.22
2022,63,64,1,1,0,1566,91,0.06,0.0,96.91,89.22
2022,64,65,1,2,1,1568,92,0.12,0.98,97.03,90.2
2022,65,66,1,2,1,1570,93,0.12,0.98,97.15,91.18
2022,66,67,1,1,0,1571,93,0.06,0.0,97.22,91.18
2022,67,68,1,2,1,1573,94,0.12,0.98,97.34,92.16
2022,68,69,1,0,0,1573,94,0.0,0.0,97.34,92.16
2022,69,70,1,2,0,1575,94,0.12,0.0,97.46,92.16
2022,70,71,1,8,0,1583,94,0.5,0.0,97.96,92.16
2022,71,72,1,2,0,1585,94,0.12,0.0,98.08,92.16
2022,72,73,1,2,1,1587,95,0.12,0.98,98.21,93.14
2022,73,74,1,1,0,1588,95,0.06,0.0,98.27,93.14
2022,74,75,1,3,0,1591,95,0.19,0.0,98.45,93.14
2022,75,76,1,0,0,1591,95,0.0,0.0,98.45,93.14
2022,76,77,1,0,0,1591,95,0.0,0.0,98.45,93.14
2022,77,78,1,0,0,1591,95,0.0,0.0,98.45,93.14
2022,78,79,1,1,0,1592,95,0.06,0.0,98.51,93.14
2022,79,80,1,1,0,1593,95,0.06,0.0,98.58,93.14
2022,80,81,1,0,0,1593,95,0.0,0.0,98.58,93.14
2022,81,82,1,0,2,1593,97,0.0,1.96,98.58,95.1
2022,82,83,1,1,1,1594,98,0.06,0.98,98.64,96.08
2022,83,84,1,1,0,1595,98,0.06,0.0,98.7,96.08
2022,84,85,1,0,0,1595,98,0.0,0.0,98.7,96.08
2022,85,86,1,0,0,1595,98,0.0,0.0,98.7,96.08
2022,86,87,1,0,0,1595,98,0.0,0.0,98.7,96.08
2022,87,88,1,0,0,1595,98,0.0,0.0,98.7,96.08
2022,88,89,1,2,0,1597,98,0.12,0.0,98.82,96.08
2022,89,90,1,0,0,1597,98,0.0,0.0,98.82,96.08
2022,90,91,1,0,0,1597,98,0.0,0.0,98.82,96.08
2022,91,92,1,1,0,1598,98,0.06,0.0,98.89,96.08
2022,92,93,1,0,0,1598,98,0.0,0.0,98.89,96.08
2022,93,94,1,0,0,1598,98,0.0,0.0,98.89,96.08
2022,94,95,1,0,1,1598,99,0.0,0.98,98.89,97.06
2022,95,96,1,1,0,1599,99,0.06,0.0,98.95,97.06
2022,96,97,1,1,1,1600,100,0.06,0.98,99.01,98.04
2022,97,98,1,0,0,1600,100,0.0,0.0,99.01,98.04
2022,98,99,1,0,0,1600,100,0.0,0.0,99.01,98.04
2022,99,100,1,0,0,1600,100,0.0,0.0,99.01,98.04
2022,100,101,1,0,0,1600,100,0.0,0.0,99.01,98.04
2022,101,102,1,0,0,1600,100,0.0,0.0,99.01,98.04
2022,102,103,1,0,0,1600,100,0.0,0.0,99.01,98.04
2022,103,104,1,1,1,1601,101,0.06,0.98,99.07,99.02
2022,104,105,1,2,1,1603,102,0.12,0.98,99.2,100.0
2022,105,106,1,0,0,1603,102,0.0,0.0,99.2,100.0
2022,106,107,1,1,0,1604,102,0.06,0.0,99.26,100.0
2022,107,108,1,0,0,1604,102,0.0,0.0,99.26,100.0
2022,108,109,1,0,0,1604,102,0.0,0.0,99.26,100.0
2022,109,110,1,1,0,1605,102,0.06,0.0,99.32,100.0
2022,110,111,1,2,0,1607,102,0.12,0.0,99.44,100.0
2022,111,112,1,0,0,1607,102,0.0,0.0,99.44,100.0
2022,112,113,1,0,0,1607,102,0.0,0.0,99.44,100.0
2022,113,114,1,2,0,1609,102,0.12,0.0,99.57,100.0
2022,114,115,1,1,0,1610,102,0.06,0.0,99.63,100.0
2022,115,116,1,0,0,1610,102,0.0,0.0,99.63,100.0
2022,116,117,1,0,0,1610,102,0.0,0.0,99.63,100.0
2022,117,118,1,1,0,1611,102,0.06,0.0,99.69,100.0
2022,118,119,1,0,0,1611,102,0.0,0.0,99.69,100.0
2022,119,120,1,0,0,1611,102,0.0,0.0,99.69,100.0
2022,120,121,1,0,0,1611,102,0.0,0.0,99.69,100.0
2022,121,122,1,1,0,1612,102,0.06,0.0,99.75,100.0
2022,122,123,1,0,0,1612,102,0.0,0.0,99.75,100.0
2022,123,124,1,0,0,1612,102,0.0,0.0,99.75,100.0
2022,124,125,1,0,0,1612,102,0.0,0.0,99.75,100.0
2022,125,126,1,0,0,1612,102,0.0,0.0,99.75,100.0
2022,126,127,1,0,0,1612,102,0.0,0.0,99.75,100.0
2022,127,128,1,0,0,1612,102,0.0,0.0,99.75,100.0
2022,128,129,1,0,0,1612,102,0.0,0.0,99.75,100.0
2022,129,130,1,0,0,1612,102,0.0,0.0,99.75,100.0
2022,130,131,1,0,0,1612,102,0.0,0.0,99.75,100.0
2022,131,132,1,0,0,1612,102,0.0,0.0,99.75,100.0
2022,132,133,1,0,0,1612,102,0.0,0.0,99.75,100.0
2022,133,134,1,0,0,1612,102,0.0,0.0,99.75,100.0
2022,134,135,1,0,0,1612,102,0.0,0.0,99.75,100.0
2022,135,136,1,0,0,1612,102,0.0,0.0,99.75,100.0
2022,136,137,1,0,0,1612,102,0.0,0.0,99.75,100.0
2022,137,138,1,1,0,1613,102,0.06,0.0,99.81,100.0
2022,138,139,1,0,0,1613,102,0.0,0.0,99.81,100.0
2022,139,140,1,0,0,1613,102,0.0,0.0,99.81,100.0
2022,140,141,1,0,0,1613,102,0.0,0.0,99.81,100.0
2022,141,142,1,0,0,1613,102,0.0,0.0,99.81,100.0
2022,142,143,1,0,0,1613,102,0.0,0.0,99.81,100.0
2022,143,144,1,0,0,1613,102,0.0,0.0,99.81,100.0
2022,144,145,1,0,0,1613,102,0.0,0.0,99.81,100.0
2022,145,146,1,0,0,1613,102,0.0,0.0,99.81,100.0
2022,146,147,1,0,0,1613,102,0.0,0.0,99.81,100.0
2022,147,148,1,0,0,1613,102,0.0,0.0,99.81,100.0
2022,148,149,1,1,0,1614,102,0.06,0.0,99.88,100.0
2022,149,150,1,0,0,1614,102,0.0,0.0,99.88,100.0
2022,150,151,1,0,0,1614,102,0.0,0.0,99.88,100.0
2022,151,152,1,0,0,1614,102,0.0,0.0,99.88,100.0
2022,152,153,1,1,0,1615,102,0.06,0.0,99.94,100.0
2022,153,154,1,0,0,1615,102,0.0,0.0,99.94,100.0
2022,154,155,1,0,0,1615,102,0.0,0.0,99.94,100.0
2022,155,156,1,0,0,1615,102,0.0,0.0,99.94,100.0
2022,156,157,1,0,0,1615,102,0.0,0.0,99.94,100.0
2022,157,158,1,0,0,1615,102,0.0,0.0,99.94,100.0
2022,158,159,1,0,0,1615,102,0.0,0.0,99.94,100.0
2022,159,160,1,0,0,1615,102,0.0,0.0,99.94,100.0
2022,160,161,1,0,0,1615,102,0.0,0.0,99.94,100.0
2022,161,162,1,0,0,1615,102,0.0,0.0,99.94,100.0
2022,162,163,1,0,0,1615,102,0.0,0.0,99.94,100.0
2022,163,164,1,0,0,1615,102,0.0,0.0,99.94,100.0
2022,164,165,1,0,0,1615,102,0.0,0.0,99.94,100.0
2022,165,166,1,0,0,1615,102,0.0,0.0,99.94,100.0
2022,166,167,1,0,0,1615,102,0.0,0.0,99.94,100.0
2022,167,168,1,0,0,1615,102,0.0,0.0,99.94,100.0
2022,168,169,1,0,0,1615,102,0.0,0.0,99.94,100.0
2022,169,170,1,0,0,1615,102,0.0,0.0,99.94,100.0
2022,170,171,1,0,0,1615,102,0.0,0.0,99.94,100.0
2022,171,172,1,0,0,1615,102,0.0,0.0,99.94,100.0
2022,172,173,1,0,0,1615,102,0.0,0.0,99.94,100.0
2022,173,174,1,0,0,1615,102,0.0,0.0,99.94,100.0
2022,174,175,1,0,0,1615,102,0.0,0.0,99.94,100.0
2022,175,176,1,0,0,1615,102,0.0,0.0,99.94,100.0
2022,176,177,1,0,0,1615,102,0.0,0.0,99.94,100.0
2022,177,178,1,0,0,1615,102,0.0,0.0,99.94,100.0
2022,178,179,1,0,0,1615,102,0.0,0.0,99.94,100.0
2022,179,180,1,0,0,1615,102,0.0,0.0,99.94,100.0
2022,180,181,1,0,0,1615,102,0.0,0.0,99.94,100.0
2022,181,182,1,0,0,1615,102,0.0,0.0,99.94,100.0
2022,182,183,1,0,0,1615,102,0.0,0.0,99.94,100.0
2022,183,184,1,0,0,1615,102,0.0,0.0,99.94,100.0
2022,184,185,1,0,0,1615,102,0.0,0.0,99.94,100.0
2022,185,186,1,0,0,1615,102,0.0,0.0,99.94,100.0
2022,186,187,1,0,0,1615,102,0.0,0.0,99.94,100.0
2022,187,188,1,0,0,1615,102,0.0,0.0,99.94,100.0
2022,188,189,1,0,0,1615,102,0.0,0.0,99.94,100.0
2022,189,190,1,0,0,1615,102,0.0,0.0,99.94,100.0
2022,190,191,1,0,0,1615,102,0.0,0.0,99.94,100.0
2022,191,192,1,0,0,1615,102,0.0,0.0,99.94,100.0
2022,192,193,1,0,0,1615,102,0.0,0.0,99.94,100.0
2022,193,194,1,0,0,1615,102,0.0,0.0,99.94,100.0
2022,194,195,1,0,0,1615,102,0.0,0.0,99.94,100.0
2022,195,196,1,0,0,1615,102,0.0,0.0,99.94,100.0
2022,196,197,1,0,0,1615,102,0.0,0.0,99.94,100.0
2022,197,198,1,0,0,1615,102,0.0,0.0,99.94,100.0
2022,198,199,1,0,0,1615,102,0.0,0.0,99.94,100.0
2022,199,200,1,0,0,1615,102,0.0,0.0,99.94,100.0
2022,200,201,1,0,0,1615,102,0.0,0.0,99.94,100.0
2022,201,202,1,0,0,1615,102,0.0,0.0,99.94,100.0
2022,202,203,1,0,0,1615,102,0.0,0.0,99.94,100.0
2022,203,204,1,0,0,1615,102,0.0,0.0,99.94,100.0
2022,204,205,1,0,0,1615,102,0.0,0.0,99.94,100.0
2022,205,206,1,0,0,1615,102,0.0,0.0,99.94,100.0
2022,206,207,1,0,0,1615,102,0.0,0.0,99.94,100.0
2022,207,208,1,0,0,1615,102,0.0,0.0,99.94,100.0
2022,208,209,1,0,0,1615,102,0.0,0.0,99.94,100.0
2022,209,210,1,0,0,1615,102,0.0,0.0,99.94,100.0
2022,210,211,1,0,0,1615,102,0.0,0.0,99.94,100.0
2022,211,212,1,0,0,1615,102,0.0,0.0,99.94,100.0
2022,212,213,1,0,0,1615,102,0.0,0.0,99.94,100.0
2022,213,214,1,0,0,1615,102,0.0,0.0,99.94,100.0
2022,214,215,1,0,0,1615,102,0.0,0.0,99.94,100.0
2022,215,216,1,0,0,1615,102,0.0,0.0,99.94,100.0
2022,216,217,1,0,0,1615,102,0.0,0.0,99.94,100.0
2022,217,218,1,0,0,1615,102,0.0,0.0,99.94,100.0
2022,218,219,1,0,0,1615,102,0.0,0.0,99.94,100.0
2022,219,220,1,0,0,1615,102,0.0,0.0,99.94,100.0
2022,220,221,1,0,0,1615,102,0.0,0.0,99.94,100.0
2022,221,222,1,0,0,1615,102,0.0,0.0,99.94,100.0
2022,222,223,1,0,0,1615,102,0.0,0.0,99.94,100.0
2022,223,224,1,0,0,1615,102,0.0,0.0,99.94,100.0
2022,224,225,1,0,0,1615,102,0.0,0.0,99.94,100.0
2022,225,226,1,0,0,1615,102,0.0,0.0,99.94,100.0
2022,226,227,1,0,0,1615,102,0.0,0.0,99.94,100.0
2022,227,228,1,0,0,1615,102,0.0,0.0,99.94,100.0
2022,228,229,1,0,0,1615,102,0.0,0.0,99.94,100.0
2022,229,230,1,0,0,1615,102,0.0,0.0,99.94,100.0
2022,230,231,1,0,0,1615,102,0.0,0.0,99.94,100.0
2022,231,232,1,0,0,1615,102,0.0,0.0,99.94,100.0
2022,232,233,1,0,0,1615,102,0.0,0.0,99.94,100.0
2022,233,234,1,0,0,1615,102,0.0,0.0,99.94,100.0
2022,234,235,1,0,0,1615,102,0.0,0.0,99.94,100.0
2022,235,236,1,1,0,1616,102,0.06,0.0,100.0,100.0
2022,236,237,1,0,0,1616,102,0.0,0.0,100.0,100.0
2022,237,238,1,0,0,1616,102,0.0,0.0,100.0,100.0
2022,238,239,1,0,0,1616,102,0.0,0.0,100.0,100.0
2022,239,240,1,0,0,1616,102,0.0,0.0,100.0,100.0
2022,240,241,1,0,0,1616,102,0.0,0.0,100.0,100.0
2022,241,242,1,0,0,1616,102,0.0,0.0,100.0,100.0
2022,242,243,1,0,0,1616,102,0.0,0.0,100.0,100.0
2022,243,244,1,0,0,1616,102,0.0,0.0,100.0,100.0
2022,244,245,1,0,0,1616,102,0.0,0.0,100.0,100.0
2022,245,246,1,0,0,1616,102,0.0,0.0,100.0,100.0
2022,246,247,1,0,0,1616,102,0.0,0.0,100.0,100.0
2022,247,248,1,0,0,1616,102,0.0,0.0,100.0,100.0
2022,248,249,1,0,0,1616,102,0.0,0.0,100.0,100.0
2022,249,250,1,0,0,1616,102,0.0,0.0,100.0,100.0
2022,250,251,1,0,0,1616,102,0.0,0.0,100.0,100.0
2022,251,252,1,0,0,1616,102,0.0,0.0,100.0,100.0
2022,252,253,1,0,0,1616,102,0.0,0.0,100.0,100.0
2022,253,254,1,0,0,1616,102,0.0,0.0,100.0,100.0
2022,254,255,1,0,0,1616,102,0.0,0.0,100.0,100.0
2022,255,256,1,0,0,1616,102,0.0,0.0,100.0,100.0
2022,256,257,1,0,0,1616,102,0.0,0.0,100.0,100.0
2022,257,258,1,0,0,1616,102,0.0,0.0,100.0,100.0
2022,258,259,1,0,0,1616,102,0.0,0.0,100.0,100.0
2022,259,260,1,0,0,1616,102,0.0,0.0,100.0,100.0
2022,260,261,1,0,0,1616,102,0.0,0.0,100.0,100.0
2022,261,262,1,0,0,1616,102,0.0,0.0,100.0,100.0
2022,262,263,1,0,0,1616,102,0.0,0.0,100.0,100.0
2022,263,264,1,0,0,1616,102,0.0,0.0,100.0,100.0
2022,264,265,1,0,0,1616,102,0.0,0.0,100.0,100.0
2022,265,266,1,0,0,1616,102,0.0,0.0,100.0,100.0
2022,266,267,1,0,0,1616,102,0.0,0.0,100.0,100.0
2022,267,268,1,0,0,1616,102,0.0,0.0,100.0,100.0
2022,268,269,1,0,0,1616,102,0.0,0.0,100.0,100.0
2022,269,270,1,0,0,1616,102,0.0,0.0,100.0,100.0
2022,270,271,1,0,0,1616,102,0.0,0.0,100.0,100.0
2022,271,272,1,0,0,1616,102,0.0,0.0,100.0,100.0
2022,272,273,1,0,0,1616,102,0.0,0.0,100.0,100.0
2022,273,274,1,0,0,1616,102,0.0,0.0,100.0,100.0
2022,274,275,1,0,0,1616,102,0.0,0.0,100.0,100.0
2022,275,276,1,0,0,1616,102,0.0,0.0,100.0,100.0
2022,276,277,1,0,0,1616,102,0.0,0.0,100.0,100.0
2022,277,278,1,0,0,1616,102,0.0,0.0,100.0,100.0
2022,278,279,1,0,0,1616,102,0.0,0.0,100.0,100.0
2022,279,280,1,0,0,1616,102,0.0,0.0,100.0,100.0
2022,280,281,1,0,0,1616,102,0.0,0.0,100.0,100.0
2022,281,282,1,0,0,1616,102,0.0,0.0,100.0,100.0
2022,282,283,1,0,0,1616,102,0.0,0.0,100.0,100.0
2022,283,284,1,0,0,1616,102,0.0,0.0,100.0,100.0
2022,284,285,1,0,0,1616,102,0.0,0.0,100.0,100.0
2022,285,286,1,0,0,1616,102,0.0,0.0,100.0,100.0
2022,286,287,1,0,0,1616,102,0.0,0.0,100.0,100.0
2022,287,288,1,0,0,1616,102,0.0,0.0,100.0,100.0
2022,288,289,1,0,0,1616,102,0.0,0.0,100.0,100.0
2022,289,290,1,0,0,1616,102,0.0,0.0,100.0,100.0
2022,290,291,1,0,0,1616,102,0.0,0.0,100.0,100.0
2022,291,292,1,0,0,1616,102,0.0,0.0,100.0,100.0
2022,292,293,1,0,0,1616,102,0.0,0.0,100.0,100.0
2022,293,294,1,0,0,1616,102,0.0,0.0,100.0,100.0
2022,294,295,1,0,0,1616,102,0.0,0.0,100.0,100.0
2022,295,296,1,0,0,1616,102,0.0,0.0,100.0,100.0
2022,296,297,1,0,0,1616,102,0.0,0.0,100.0,100.0
2022,297,298,1,0,0,1616,102,0.0,0.0,100.0,100.0
2022,298,299,1,0,0,1616,102,0.0,0.0,100.0,100.0
2022,299,300,1,0,0,1616,102,0.0,0.0,100.0,100.0
2022,300,301,1,0,0,1616,102,0.0,0.0,100.0,100.0
2022,301,302,1,0,0,1616,102,0.0,0.0,100.0,100.0
2022,302,303,1,0,0,1616,102,0.0,0.0,100.0,100.0
2022,303,304,1,0,0,1616,102,0.0,0.0,100.0,100.0
2022,304,305,1,0,0,1616,102,0.0,0.0,100.0,100.0
2022,305,306,1,0,0,1616,102,0.0,0.0,100.0,100.0
2022,306,307,1,0,0,1616,102,0.0,0.0,100.0,100.0
2022,307,308,1,0,0,1616,102,0.0,0.0,100.0,100.0
2022,308,309,1,0,0,1616,102,0.0,0.0,100.0,100.0
2022,309,310,1,0,0,1616,102,0.0,0.0,100.0,100.0
2022,310,311,1,0,0,1616,102,0.0,0.0,100.0,100.0
2022,311,312,1,0,0,1616,102,0.0,0.0,100.0,100.0
2022,312,313,1,0,0,1616,102,0.0,0.0,100.0,100.0
2022,313,314,1,0,0,1616,102,0.0,0.0,100.0,100.0
2022,314,315,1,0,0,1616,102,0.0,0.0,100.0,100.0
2022,315,316,1,0,0,1616,102,0.0,0.0,100.0,100.0
2022,316,317,1,0,0,1616,102,0.0,0.0,100.0,100.0
2022,317,318,1,0,0,1616,102,0.0,0.0,100.0,100.0
2022,318,319,1,0,0,1616,102,0.0,0.0,100.0,100.0
2022,319,320,1,0,0,1616,102,0.0,0.0,100.0,100.0
2022,320,321,1,0,0,1616,102,0.0,0.0,100.0,100.0
2022,321,322,1,0,0,1616,102,0.0,0.0,100.0,100.0
2022,322,323,1,0,0,1616,102,0.0,0.0,100.0,100.0
2022,323,324,1,0,0,1616,102,0.0,0.0,100.0,100.0
2022,324,325,1,0,0,1616,102,0.0,0.0,100.0,100.0
2022,325,326,1,0,0,1616,102,0.0,0.0,100.0,100.0
2022,326,327,1,0,0,1616,102,0.0,0.0,100.0,100.0
2022,327,328,1,0,0,1616,102,0.0,0.0,100.0,100.0
2022,328,329,1,0,0,1616,102,0.0,0.0,100.0,100.0
2022,329,330,1,0,0,1616,102,0.0,0.0,100.0,100.0
2022,330,331,1,0,0,1616,102,0.0,0.0,100.0,100.0
2022,331,332,1,0,0,1616,102,0.0,0.0,100.0,100.0
2022,332,333,1,0,0,1616,102,0.0,0.0,100.0,100.0
2022,333,334,1,0,0,1616,102,0.0,0.0,100.0,100.0
2022,334,335,1,0,0,1616,102,0.0,0.0,100.0,100.0
2022,335,336,1,0,0,1616,102,0.0,0.0,100.0,100.0
2022,336,337,1,0,0,1616,102,0.0,0.0,100.0,100.0
2022,337,338,1,0,0,1616,102,0.0,0.0,100.0,100.0
2022,338,339,1,0,0,1616,102,0.0,0.0,100.0,100.0
2022,339,340,1,0,0,1616,102,0.0,0.0,100.0,100.0
2022,340,341,1,0,0,1616,102,0.0,0.0,100.0,100.0
2022,341,342,1,0,0,1616,102,0.0,0.0,100.0,100.0
2022,342,343,1,0,0,1616,102,0.0,0.0,100.0,100.0
2022,343,344,1,0,0,1616,102,0.0,0.0,100.0,100.0
2022,344,345,1,0,0,1616,102,0.0,0.0,100.0,100.0
2022,345,346,1,0,0,1616,102,0.0,0.0,100.0,100.0
2022,346,347,1,0,0,1616,102,0.0,0.0,100.0,100.0
2022,347,348,1,0,0,1616,102,0.0,0.0,100.0,100.0
2022,348,349,1,0,0,1616,102,0.0,0.0,100.0,100.0
2022,349,350,1,0,0,1616,102,0.0,0.0,100.0,100.0
2022,350,351,1,0,0,1616,102,0.0,0.0,100.0,100.0
2022,351,352,1,0,0,1616,102,0.0,0.0,100.0,100.0
2022,352,353,1,0,0,1616,102,0.0,0.0,100.0,100.0
2022,353,354,1,0,0,1616,102,0.0,0.0,100.0,100.0
2022,354,355,1,0,0,1616,102,0.0,0.0,100.0,100.0
2022,355,356,1,0,0,1616,102,0.0,0.0,100.0,100.0
2022,356,357,1,0,0,1616,102,0.0,0.0,100.0,100.0
2022,357,358,1,0,0,1616,102,0.0,0.0,100.0,100.0
2022,358,359,1,0,0,1616,102,0.0,0.0,100.0,100.0
2022,359,360,1,0,0,1616,102,0.0,0.0,100.0,100.0
2022,360,361,1,0,0,1616,102,0.0,0.0,100.0,100.0
2022,361,362,1,0,0,1616,102,0.0,0.0,100.0,100.0
2022,362,363,1,0,0,1616,102,0.0,0.0,100.0,100.0
2022,363,364,1,0,0,1616,102,0.0,0.0,100.0,100.0
2022,364,365,1,0,0,1616,102,0.0,0.0,100.0,100.0
2022,365,366,1,0,0,1616,102,0.0,0.0,100.0,100.0
2022,366,367,1,0,0,1616,102,0.0,0.0,100.0,100.0
2022,367,368,1,0,0,1616,102,0.0,0.0,100.0,100.0
2022,368,369,1,0,0,1616,102,0.0,0.0,100.0,100.0
2022,369,370,1,0,0,1616,102,0.0,0.0,100.0,100.0
2022,370,371,1,0,0,1616,102,0.0,0.0,100.0,100.0
2022,371,372,1,0,0,1616,102,0.0,0.0,100.0,100.0
2022,372,373,1,0,0,1616,102,0.0,0.0,100.0,100.0
2022,373,374,1,0,0,1616,102,0.0,0.0,100.0,100.0
2022,374,375,1,0,0,1616,102,0.0,0.0,100.0,100.0
2022,375,376,1,0,0,1616,102,0.0,0.0,100.0,100.0
2022,376,377,1,0,0,1616,102,0.0,0.0,100.0,100.0
2022,377,378,1,0,0,1616,102,0.0,0.0,100.0,100.0
2022,378,379,1,0,0,1616,102,0.0,0.0,100.0,100.0
2022,379,380,1,0,0,1616,102,0.0,0.0,100.0,100.0
2022,380,381,1,0,0,1616,102,0.0,0.0,100.0,100.0
2022,381,382,1,0,0,1616,102,0.0,0.0,100.0,100.0
2022,382,383,1,0,0,1616,102,0.0,0.0,100.0,100.0
2022,383,384,1,0,0,1616,102,0.0,0.0,100.0,100.0
2022,384,385,1,0,0,1616,102,0.0,0.0,100.0,100.0
2022,385,386,1,0,0,1616,102,0.0,0.0,100.0,100.0
2022,386,387,1,0,0,1616,102,0.0,0.0,100.0,100.0
2022,387,388,1,0,0,1616,102,0.0,0.0,100.0,100.0
2022,388,389,1,0,0,1616,102,0.0,0.0,100.0,100.0
2022,389,390,1,0,0,1616,102,0.0,0.0,100.0,100.0
2022,390,391,1,0,0,1616,102,0.0,0.0,100.0,100.0
2022,391,392,1,0,0,1616,102,0.0,0.0,100.0,100.0
2022,392,393,1,0,0,1616,102,0.0,0.0,100.0,100.0
2022,393,394,1,0,0,1616,102,0.0,0.0,100.0,100.0
2022,394,395,1,0,0,1616,102,0.0,0.0,100.0,100.0
2022,395,396,1,0,0,1616,102,0.0,0.0,100.0,100.0
2022,396,397,1,0,0,1616,102,0.0,0.0,100.0,100.0
2022,397,398,1,0,0,1616,102,0.0,0.0,100.0,100.0
2022,398,399,1,0,0,1616,102,0.0,0.0,100.0,100.0
2022,399,400,1,0,0,1616,102,0.0,0.0,100.0,100.0
2022,400,401,1,0,0,1616,102,0.0,0.0,100.0,100.0
2022,401,402,1,0,0,1616,102,0.0,0.0,100.0,100.0
2022,402,403,1,0,0,1616,102,0.0,0.0,100.0,100.0
2022,403,404,1,0,0,1616,102,0.0,0.0,100.0,100.0
2022,404,405,1,0,0,1616,102,0.0,0.0,100.0,100.0
2022,405,406,1,0,0,1616,102,0.0,0.0,100.0,100.0
2022,406,407,1,0,0,1616,102,0.0,0.0,100.0,100.0
2022,407,408,1,0,0,1616,102,0.0,0.0,100.0,100.0
2022,408,409,1,0,0,1616,102,0.0,0.0,100.0,100.0
2022,409,410,1,0,0,1616,102,0.0,0.0,100.0,100.0
2022,410,411,1,0,0,1616,102,0.0,0.0,100.0,100.0
2022,411,412,1,0,0,1616,102,0.0,0.0,100.0,100.0
2022,412,413,1,0,0,1616,102,0.0,0.0,100.0,100.0
2022,413,414,1,0,0,1616,102,0.0,0.0,100.0,100.0
2022,414,415,1,0,0,1616,102,0.0,0.0,100.0,100.0
2022,415,416,1,0,0,1616,102,0.0,0.0,100.0,100.0
2022,416,417,1,0,0,1616,102,0.0,0.0,100.0,100.0
2022,417,418,1,0,0,1616,102,0.0,0.0,100.0,100.0
2022,418,419,1,0,0,1616,102,0.0,0.0,100.0,100.0
2022,419,420,1,0,0,1616,102,0.0,0.0,100.0,100.0
2022,420,421,1,0,0,1616,102,0.0,0.0,100.0,100.0
2022,421,422,1,0,0,1616,102,0.0,0.0,100.0,100.0
2022,422,423,1,0,0,1616,102,0.0,0.0,100.0,100.0
2022,423,424,1,0,0,1616,102,0.0,0.0,100.0,100.0
2022,424,425,1,0,0,1616,102,0.0,0.0,100.0,100.0
2022,425,426,1,0,0,1616,102,0.0,0.0,100.0,100.0
2022,426,427,1,0,0,1616,102,0.0,0.0,100.0,100.0
2022,427,428,1,0,0,1616,102,0.0,0.0,100.0,100.0
2022,428,429,1,0,0,1616,102,0.0,0.0,100.0,100.0
2022,429,430,1,0,0,1616,102,0.0,0.0,100.0,100.0
2022,430,431,1,0,0,1616,102,0.0,0.0,100.0,100.0
2022,431,432,1,0,0,1616,102,0.0,0.0,100.0,100.0
2022,432,433,1,0,0,1616,102,0.0,0.0,100.0,100.0
2022,433,434,1,0,0,1616,102,0.0,0.0,100.0,100.0
2022,434,435,1,0,0,1616,102,0.0,0.0,100.0,100.0
2022,435,436,1,0,0,1616,102,0.0,0.0,100.0,100.0
2022,436,437,1,0,0,1616,102,0.0,0.0,100.0,100.0
2022,437,438,1,0,0,1616,102,0.0,0.0,100.0,100.0
2022,438,439,1,0,0,1616,102,0.0,0.0,100.0,100.0
2022,439,440,1,0,0,1616,102,0.0,0.0,100.0,100.0
2022,440,441,1,0,0,1616,102,0.0,0.0,100.0,100.0
2022,441,442,1,0,0,1616,102,0.0,0.0,100.0,100.0
2022,442,443,1,0,0,1616,102,0.0,0.0,100.0,100.0
2022,443,444,1,0,0,1616,102,0.0,0.0,100.0,100.0
2022,444,445,1,0,0,1616,102,0.0,0.0,100.0,100.0
2022,445,446,1,0,0,1616,102,0.0,0.0,100.0,100.0
2022,446,447,1,0,0,1616,102,0.0,0.0,100.0,100.0
2022,447,448,1,0,0,1616,102,0.0,0.0,100.0,100.0
2022,448,449,1,0,0,1616,102,0.0,0.0,100.0,100.0
2022,449,450,1,0,0,1616,102,0.0,0.0,100.0,100.0
2022,450,451,1,0,0,1616,102,0.0,0.0,100.0,100.0
2022,451,452,1,0,0,1616,102,0.0,0.0,100.0,100.0
2022,452,453,1,0,0,1616,102,0.0,0.0,100.0,100.0
2022,453,454,1,0,0,1616,102,0.0,0.0,100.0,100.0
2022,454,455,1,0,0,1616,102,0.0,0.0,100.0,100.0
2022,455,456,1,0,0,1616,102,0.0,0.0,100.0,100.0
2022,456,457,1,0,0,1616,102,0.0,0.0,100.0,100.0
2022,457,458,1,0,0,1616,102,0.0,0.0,100.0,100.0
2022,458,459,1,0,0,1616,102,0.0,0.0,100.0,100.0
2022,459,460,1,0,0,1616,102,0.0,0.0,100.0,100.0
2022,460,461,1,0,0,1616,102,0.0,0.0,100.0,100.0
2022,461,462,1,0,0,1616,102,0.0,0.0,100.0,100.0
2022,462,463,1,0,0,1616,102,0.0,0.0,100.0,100.0
2022,463,464,1,0,0,1616,102,0.0,0.0,100.0,100.0
2022,464,465,1,0,0,1616,102,0.0,0.0,100.0,100.0
2022,465,466,1,0,0,1616,102,0.0,0.0,100.0,100.0
2022,466,467,1,0,0,1616,102,0.0,0.0,100.0,100.0
2022,467,468,1,0,0,1616,102,0.0,0.0,100.0,100.0
2022,468,469,1,0,0,1616,102,0.0,0.0,100.0,100.0
2022,469,470,1,0,0,1616,102,0.0,0.0,100.0,100.0
2022,470,471,1,0,0,1616,102,0.0,0.0,100.0,100.0
2022,471,472,1,0,0,1616,102,0.0,0.0,100.0,100.0
2022,472,473,1,0,0,1616,102,0.0,0.0,100.0,100.0
2022,473,474,1,0,0,1616,102,0.0,0.0,100.0,100.0
2022,474,475,1,0,0,1616,102,0.0,0.0,100.0,100.0
2022,475,476,1,0,0,1616,102,0.0,0.0,100.0,100.0
2022,476,477,1,0,0,1616,102,0.0,0.0,100.0,100.0
2022,477,478,1,0,0,1616,102,0.0,0.0,100.0,100.0
2022,478,479,1,0,0,1616,102,0.0,0.0,100.0,100.0
2022,479,480,1,0,0,1616,102,0.0,0.0,100.0,100.0
2022,480,481,1,0,0,1616,102,0.0,0.0,100.0,100.0
2022,481,482,1,0,0,1616,102,0.0,0.0,100.0,100.0
2022,482,483,1,0,0,1616,102,0.0,0.0,100.0,100.0
2022,483,484,1,0,0,1616,102,0.0,0.0,100.0,100.0
2022,484,485,1,0,0,1616,102,0.0,0.0,100.0,100.0
2022,485,486,1,0,0,1616,102,0.0,0.0,100.0,100.0
2022,486,487,1,0,0,1616,102,0.0,0.0,100.0,100.0
2022,487,488,1,0,0,1616,102,0.0,0.0,100.0,100.0
2022,488,489,1,0,0,1616,102,0.0,0.0,100.0,100.0
2022,489,490,1,0,0,1616,102,0.0,0.0,100.0,100.0
2022,490,491,1,0,0,1616,102,0.0,0.0,100.0,100.0
2022,491,492,1,0,0,1616,102,0.0,0.0,100.0,100.0
2022,492,493,1,0,0,1616,102,0.0,0.0,100.0,100.0
2022,493,494,1,0,0,1616,102,0.0,0.0,100.0,100.0
2022,494,495,1,0,0,1616,102,0.0,0.0,100.0,100.0
2022,495,496,1,0,0,1616,102,0.0,0.0,100.0,100.0
2022,496,497,1,0,0,1616,102,0.0,0.0,100.0,100.0
2022,497,498,1,0,0,1616,102,0.0,0.0,100.0,100.0
2022,498,499,1,0,0,1616,102,0.0,0.0,100.0,100.0
2022,499,500,1,0,0,1616,102,0.0,0.0,100.0,100.0
2022,500,501,1,0,0,1616,102,0.0,0.0,100.0,100.0
2022,501,502,1,0,0,1616,102,0.0,0.0,100.0,100.0
2022,502,503,1,0,0,1616,102,0.0,0.0,100.0,100.0
2022,503,504,1,0,0,1616,102,0.0,0.0,100.0,100.0
2022,504,505,1,0,0,1616,102,0.0,0.0,100.0,100.0
2022,505,506,1,0,0,1616,102,0.0,0.0,100.0,100.0
2022,506,507,1,0,0,1616,102,0.0,0.0,100.0,100.0
2022,507,508,1,0,0,1616,102,0.0,0.0,100.0,100.0
2022,508,509,1,0,0,1616,102,0.0,0.0,100.0,100.0
2022,509,510,1,0,0,1616,102,0.0,0.0,100.0,100.0
2022,510,511,1,0,0,1616,102,0.0,0.0,100.0,100.0
2022,511,512,1,0,0,1616,102,0.0,0.0,100.0,100.0
2022,512,513,1,0,0,1616,102,0.0,0.0,100.0,100.0
2022,513,514,1,0,0,1616,102,0.0,0.0,100.0,100.0
2022,514,515,1,0,0,1616,102,0.0,0.0,100.0,100.0
2022,515,516,1,0,0,1616,102,0.0,0.0,100.0,100.0
2022,516,517,1,0,0,1616,102,0.0,0.0,100.0,100.0
2022,517,518,1,0,0,1616,102,0.0,0.0,100.0,100.0
2022,518,519,1,0,0,1616,102,0.0,0.0,100.0,100.0
2022,519,520,1,0,0,1616,102,0.0,0.0,100.0,100.0
2022,520,521,1,0,0,1616,102,0.0,0.0,100.0,100.0
2022,521,522,1,0,0,1616,102,0.0,0.0,100.0,100.0
2022,522,523,1,0,0,1616,102,0.0,0.0,100.0,100.0
2022,523,524,1,0,0,1616,102,0.0,0.0,100.0,100.0
2022,524,525,1,0,0,1616,102,0.0,0.0,100.0,100.0
2022,525,526,1,0,0,1616,102,0.0,0.0,100.0,100.0
2022,526,527,1,0,0,1616,102,0.0,0.0,100.0,100.0
2022,527,528,1,0,0,1616,102,0.0,0.0,100.0,100.0
2022,528,529,1,0,0,1616,102,0.0,0.0,100.0,100.0
2022,529,530,1,0,0,1616,102,0.0,0.0,100.0,100.0
2022,530,531,1,0,0,1616,102,0.0,0.0,100.0,100.0
2022,531,532,1,0,0,1616,102,0.0,0.0,100.0,100.0
2022,532,533,1,0,0,1616,102,0.0,0.0,100.0,100.0
2022,533,534,1,0,0,1616,102,0.0,0.0,100.0,100.0
2022,534,535,1,0,0,1616,102,0.0,0.0,100.0,100.0
2022,535,536,1,0,0,1616,102,0.0,0.0,100.0,100.0
2022,536,537,1,0,0,1616,102,0.0,0.0,100.0,100.0
2022,537,538,1,0,0,1616,102,0.0,0.0,100.0,100.0
2022,538,539,1,0,0,1616,102,0.0,0.0,100.0,100.0
2022,539,540,1,0,0,1616,102,0.0,0.0,100.0,100.0
2022,540,541,1,0,0,1616,102,0.0,0.0,100.0,100.0
2022,541,542,1,0,0,1616,102,0.0,0.0,100.0,100.0
2022,542,543,1,0,0,1616,102,0.0,0.0,100.0,100.0
2022,543,544,1,0,0,1616,102,0.0,0.0,100.0,100.0
2022,544,545,1,0,0,1616,102,0.0,0.0,100.0,100.0
2022,545,546,1,0,0,1616,102,0.0,0.0,100.0,100.0
2022,546,547,1,0,0,1616,102,0.0,0.0,100.0,100.0
2022,547,548,1,0,0,1616,102,0.0,0.0,100.0,100.0
2022,548,549,1,0,0,1616,102,0.0,0.0,100.0,100.0
2022,549,550,1,0,0,1616,102,0.0,0.0,100.0,100.0
2022,550,551,1,0,0,1616,102,0.0,0.0,100.0,100.0
2022,551,552,1,0,0,1616,102,0.0,0.0,100.0,100.0
2022,552,553,1,0,0,1616,102,0.0,0.0,100.0,100.0
2022,553,554,1,0,0,1616,102,0.0,0.0,100.0,100.0
2022,554,555,1,0,0,1616,102,0.0,0.0,100.0,100.0
2022,555,556,1,0,0,1616,102,0.0,0.0,100.0,100.0
2022,556,557,1,0,0,1616,102,0.0,0.0,100.0,100.0
2022,557,558,1,0,0,1616,102,0.0,0.0,100.0,100.0
2022,558,559,1,0,0,1616,102,0.0,0.0,100.0,100.0
2022,559,560,1,0,0,1616,102,0.0,0.0,100.0,100.0
2022,560,561,1,0,0,1616,102,0.0,0.0,100.0,100.0
2022,561,562,1,0,0,1616,102,0.0,0.0,100.0,100.0
2022,562,563,1,0,0,1616,102,0.0,0.0,100.0,100.0
2022,563,564,1,0,0,1616,102,0.0,0.0,100.0,100.0
2022,564,565,1,0,0,1616,102,0.0,0.0,100.0,100.0
2022,565,566,1,0,0,1616,102,0.0,0.0,100.0,100.0
2022,566,567,1,0,0,1616,102,0.0,0.0,100.0,100.0
2022,567,568,1,0,0,1616,102,0.0,0.0,100.0,100.0
2022,568,569,1,0,0,1616,102,0.0,0.0,100.0,100.0
2022,569,570,1,0,0,1616,102,0.0,0.0,100.0,100.0
2022,570,571,1,0,0,1616,102,0.0,0.0,100.0,100.0
2022,571,572,1,0,0,1616,102,0.0,0.0,100.0,100.0
2022,572,573,1,0,0,1616,102,0.0,0.0,100.0,100.0
2022,573,574,1,0,0,1616,102,0.0,0.0,100.0,100.0
2022,574,575,1,0,0,1616,102,0.0,0.0,100.0,100.0
2022,575,576,1,0,0,1616,102,0.0,0.0,100.0,100.0
2022,576,577,1,0,0,1616,102,0.0,0.0,100.0,100.0
2022,577,578,1,0,0,1616,102,0.0,0.0,100.0,100.0
2022,578,579,1,0,0,1616,102,0.0,0.0,100.0,100.0
2022,579,580,1,0,0,1616,102,0.0,0.0,100.0,100.0
2022,580,581,1,0,0,1616,102,0.0,0.0,100.0,100.0
2022,581,582,1,0,0,1616,102,0.0,0.0,100.0,100.0
2022,582,583,1,0,0,1616,102,0.0,0.0,100.0,100.0
2022,583,584,1,0,0,1616,102,0.0,0.0,100.0,100.0
2022,584,585,1,0,0,1616,102,0.0,0.0,100.0,100.0
2022,585,586,1,0,0,1616,102,0.0,0.0,100.0,100.0
2022,586,587,1,0,0,1616,102,0.0,0.0,100.0,100.0
2022,587,588,1,0,0,1616,102,0.0,0.0,100.0,100.0
2022,588,589,1,0,0,1616,102,0.0,0.0,100.0,100.0
2022,589,590,1,0,0,1616,102,0.0,0.0,100.0,100.0
2022,590,591,1,0,0,1616,102,0.0,0.0,100.0,100.0
2022,591,592,1,0,0,1616,102,0.0,0.0,100.0,100.0
2022,592,593,1,0,0,1616,102,0.0,0.0,100.0,100.0
2022,593,594,1,0,0,1616,102,0.0,0.0,100.0,100.0
2022,594,595,1,0,0,1616,102,0.0,0.0,100.0,100.0
2022,595,596,1,0,0,1616,102,0.0,0.0,100.0,100.0
2022,596,597,1,0,0,1616,102,0.0,0.0,100.0,100.0
2022,597,598,1,0,0,1616,102,0.0,0.0,100.0,100.0
2022,598,599,1,0,0,1616,102,0.0,0.0,100.0,100.0
2022,599,600,1,0,0,1616,102,0.0,0.0,100.0,100.0
2022,600,601,1,0,0,1616,102,0.0,0.0,100.0,100.0
2022,601,602,1,0,0,1616,102,0.0,0.0,100.0,100.0
2022,602,603,1,0,0,1616,102,0.0,0.0,100.0,100.0
2022,603,604,1,0,0,1616,102,0.0,0.0,100.0,100.0
2022,604,605,1,0,0,1616,102,0.0,0.0,100.0,100.0
2022,605,606,1,0,0,1616,102,0.0,0.0,100.0,100.0
2022,606,607,1,0,0,1616,102,0.0,0.0,100.0,100.0
2022,607,608,1,0,0,1616,102,0.0,0.0,100.0,100.0
2022,608,609,1,0,0,1616,102,0.0,0.0,100.0,100.0
2022,609,610,1,0,0,1616,102,0.0,0.0,100.0,100.0
2022,610,611,1,0,0,1616,102,0.0,0.0,100.0,100.0
2022,611,612,1,0,0,1616,102,0.0,0.0,100.0,100.0
2022,612,613,1,0,0,1616,102,0.0,0.0,100.0,100.0
2022,613,614,1,0,0,1616,102,0.0,0.0,100.0,100.0
2022,614,615,1,0,0,1616,102,0.0,0.0,100.0,100.0
2022,615,616,1,0,0,1616,102,0.0,0.0,100.0,100.0
2022,616,617,1,0,0,1616,102,0.0,0.0,100.0,100.0
2022,617,618,1,0,0,1616,102,0.0,0.0,100.0,100.0
2022,618,619,1,0,0,1616,102,0.0,0.0,100.0,100.0
2022,619,620,1,0,0,1616,102,0.0,0.0,100.0,100.0
2022,620,621,1,0,0,1616,102,0.0,0.0,100.0,100.0
2022,621,622,1,0,0,1616,102,0.0,0.0,100.0,100.0
2022,622,623,1,0,0,1616,102,0.0,0.0,100.0,100.0
2022,623,624,1,0,0,1616,102,0.0,0.0,100.0,100.0
2022,624,625,1,0,0,1616,102,0.0,0.0,100.0,100.0
2022,625,626,1,0,0,1616,102,0.0,0.0,100.0,100.0
2022,626,627,1,0,0,1616,102,0.0,0.0,100.0,100.0
2022,627,628,1,0,0,1616,102,0.0,0.0,100.0,100.0
2022,628,629,1,0,0,1616,102,0.0,0.0,100.0,100.0
2022,629,630,1,0,0,1616,102,0.0,0.0,100.0,100.0
2022,630,631,1,0,0,1616,102,0.0,0.0,100.0,100.0
2022,631,632,1,0,0,1616,102,0.0,0.0,100.0,100.0
2022,632,633,1,0,0,1616,102,0.0,0.0,100.0,100.0
2022,633,634,1,0,0,1616,102,0.0,0.0,100.0,100.0
2022,634,635,1,0,0,1616,102,0.0,0.0,100.0,100.0
2022,635,636,1,0,0,1616,102,0.0,0.0,100.0,100.0
2022,636,637,1,0,0,1616,102,0.0,0.0,100.0,100.0
2022,637,638,1,0,0,1616,102,0.0,0.0,100.0,100.0
2022,638,639,1,0,0,1616,102,0.0,0.0,100.0,100.0
2022,639,640,1,0,0,1616,102,0.0,0.0,100.0,100.0
2022,640,641,1,0,0,1616,102,0.0,0.0,100.0,100.0
2022,641,642,1,0,0,1616,102,0.0,0.0,100.0,100.0
2022,642,643,1,0,0,1616,102,0.0,0.0,100.0,100.0
2022,643,644,1,0,0,1616,102,0.0,0.0,100.0,100.0
2022,644,645,1,0,0,1616,102,0.0,0.0,100.0,100.0
2022,645,646,1,0,0,1616,102,0.0,0.0,100.0,100.0
2022,646,647,1,0,0,1616,102,0.0,0.0,100.0,100.0
2022,647,648,1,0,0,1616,102,0.0,0.0,100.0,100.0
2022,648,649,1,0,0,1616,102,0.0,0.0,100.0,100.0
2022,649,650,1,0,0,1616,102,0.0,0.0,100.0,100.0
2022,650,651,1,0,0,1616,102,0.0,0.0,100.0,100.0
2022,651,652,1,0,0,1616,102,0.0,0.0,100.0,100.0
2022,652,653,1,0,0,1616,102,0.0,0.0,100.0,100.0
2022,653,654,1,0,0,1616,102,0.0,0.0,100.0,100.0
2022,654,655,1,0,0,1616,102,0.0,0.0,100.0,100.0
2022,655,656,1,0,0,1616,102,0.0,0.0,100.0,100.0
2022,656,657,1,0,0,1616,102,0.0,0.0,100.0,100.0
2022,657,658,1,0,0,1616,102,0.0,0.0,100.0,100.0
2022,658,659,1,0,0,1616,102,0.0,0.0,100.0,100.0
2022,659,660,1,0,0,1616,102,0.0,0.0,100.0,100.0
2022,660,661,1,0,0,1616,102,0.0,0.0,100.0,100.0
2022,661,662,1,0,0,1616,102,0.0,0.0,100.0,100.0
2022,662,663,1,0,0,1616,102,0.0,0.0,100.0,100.0
2022,663,664,1,0,0,1616,102,0.0,0.0,100.0,100.0
2022,664,665,1,0,0,1616,102,0.0,0.0,100.0,100.0
2022,665,666,1,0,0,1616,102,0.0,0.0,100.0,100.0
2022,666,667,1,0,0,1616,102,0.0,0.0,100.0,100.0
2022,667,668,1,0,0,1616,102,0.0,0.0,100.0,100.0
2022,668,669,1,0,0,1616,102,0.0,0.0,100.0,100.0
2022,669,670,1,0,0,1616,102,0.0,0.0,100.0,100.0
2022,670,671,1,0,0,1616,102,0.0,0.0,100.0,100.0
2022,671,672,1,0,0,1616,102,0.0,0.0,100.0,100.0
2022,672,673,1,0,0,1616,102,0.0,0.0,100.0,100.0
2022,673,674,1,0,0,1616,102,0.0,0.0,100.0,100.0
2022,674,675,1,0,0,1616,102,0.0,0.0,100.0,100.0
2022,675,676,1,0,0,1616,102,0.0,0.0,100.0,100.0
2022,676,677,1,0,0,1616,102,0.0,0.0,100.0,100.0
2022,677,678,1,0,0,1616,102,0.0,0.0,100.0,100.0
2022,678,679,1,0,0,1616,102,0.0,0.0,100.0,100.0
2022,679,680,1,0,0,1616,102,0.0,0.0,100.0,100.0
2022,680,681,1,0,0,1616,102,0.0,0.0,100.0,100.0
2022,681,682,1,0,0,1616,102,0.0,0.0,100.0,100.0
2022,682,683,1,0,0,1616,102,0.0,0.0,100.0,100.0
2022,683,684,1,0,0,1616,102,0.0,0.0,100.0,100.0
2022,684,685,1,0,0,1616,102,0.0,0.0,100.0,100.0
2022,685,686,1,0,0,1616,102,0.0,0.0,100.0,100.0
2022,686,687,1,0,0,1616,102,0.0,0.0,100.0,100.0
2022,687,688,1,0,0,1616,102,0.0,0.0,100.0,100.0
2022,688,689,1,0,0,1616,102,0.0,0.0,100.0,100.0
2022,689,690,1,0,0,1616,102,0.0,0.0,100.0,100.0
2022,690,691,1,0,0,1616,102,0.0,0.0,100.0,100.0
2022,691,692,1,0,0,1616,102,0.0,0.0,100.0,100.0
2022,692,693,1,0,0,1616,102,0.0,0.0,100.0,100.0
2022,693,694,1,0,0,1616,102,0.0,0.0,100.0,100.0
2022,694,695,1,0,0,1616,102,0.0,0.0,100.0,100.0
2022,695,696,1,0,0,1616,102,0.0,0.0,100.0,100.0
2022,696,697,1,0,0,1616,102,0.0,0.0,100.0,100.0
2022,697,698,1,0,0,1616,102,0.0,0.0,100.0,100.0
2022,698,699,1,0,0,1616,102,0.0,0.0,100.0,100.0
2022,699,700,1,0,0,1616,102,0.0,0.0,100.0,100.0
2022,700,701,1,0,0,1616,102,0.0,0.0,100.0,100.0
2022,701,702,1,0,0,1616,102,0.0,0.0,100.0,100.0
2022,702,703,1,0,0,1616,102,0.0,0.0,100.0,100.0
2022,703,704,1,0,0,1616,102,0.0,0.0,100.0,100.0
2022,704,705,1,0,0,1616,102,0.0,0.0,100.0,100.0
2022,705,706,1,0,0,1616,102,0.0,0.0,100.0,100.0
2022,706,707,1,0,0,1616,102,0.0,0.0,100.0,100.0
2022,707,708,1,0,0,1616,102,0.0,0.0,100.0,100.0
2022,708,709,1,0,0,1616,102,0.0,0.0,100.0,100.0
2022,709,710,1,0,0,1616,102,0.0,0.0,100.0,100.0
2022,710,711,1,0,0,1616,102,0.0,0.0,100.0,100.0
2022,711,712,1,0,0,1616,102,0.0,0.0,100.0,100.0
2022,712,713,1,0,0,1616,102,0.0,0.0,100.0,100.0
2022,713,714,1,0,0,1616,102,0.0,0.0,100.0,100.0
2022,714,715,1,0,0,1616,102,0.0,0.0,100.0,100.0
2022,715,716,1,0,0,1616,102,0.0,0.0,100.0,100.0
2022,716,717,1,0,0,1616,102,0.0,0.0,100.0,100.0
2022,717,718,1,0,0,1616,102,0.0,0.0,100.0,100.0
2022,718,719,1,0,0,1616,102,0.0,0.0,100.0,100.0
2022,719,720,1,0,0,1616,102,0.0,0.0,100.0,100.0
2022,720,721,1,0,0,1616,102,0.0,0.0,100.0,100.0
2022,721,722,1,0,0,1616,102,0.0,0.0,100.0,100.0
2022,722,723,1,0,0,1616,102,0.0,0.0,100.0,100.0
2022,723,724,1,0,0,1616,102,0.0,0.0,100.0,100.0
2022,724,725,1,0,0,1616,102,0.0,0.0,100.0,100.0
2022,725,726,1,0,0,1616,102,0.0,0.0,100.0,100.0
2022,726,727,1,0,0,1616,102,0.0,0.0,100.0,100.0
2022,727,728,1,0,0,1616,102,0.0,0.0,100.0,100.0
2022,728,729,1,0,0,1616,102,0.0,0.0,100.0,100.0
2022,729,730,1,0,0,1616,102,0.0,0.0,100.0,100.0
2022,730,731,1,0,0,1616,102,0.0,0.0,100.0,100.0
2022,731,732,1,0,0,1616,102,0.0,0.0,100.0,100.0
2022,732,733,1,0,0,1616,102,0.0,0.0,100.0,100.0
2022,733,734,1,0,0,1616,102,0.0,0.0,100.0,100.0
2022,734,735,1,0,0,1616,102,0.0,0.0,100.0,100.0
2022,735,736,1,0,0,1616,102,0.0,0.0,100.0,100.0
2022,736,737,1,0,0,1616,102,0.0,0.0,100.0,100.0
2022,737,738,1,0,0,1616,102,0.0,0.0,100.0,100.0
2022,738,739,1,0,0,1616,102,0.0,0.0,100.0,100.0
2022,739,740,1,0,0,1616,102,0.0,0.0,100.0,100.0
2022,740,741,1,0,0,1616,102,0.0,0.0,100.0,100.0
2022,741,742,1,0,0,1616,102,0.0,0.0,100.0,100.0
2022,742,743,1,0,0,1616,102,0.0,0.0,100.0,100.0
2022,743,744,1,0,0,1616,102,0.0,0.0,100.0,100.0
2022,744,745,1,0,0,1616,102,0.0,0.0,100.0,100.0
2022,745,746,1,0,0,1616,102,0.0,0.0,100.0,100.0
2022,746,747,1,0,0,1616,102,0.0,0.0,100.0,100.0
2022,747,748,1,0,0,1616,102,0.0,0.0,100.0,100.0
2022,748,749,1,0,0,1616,102,0.0,0.0,100.0,100.0
2022,749,750,1,0,0,1616,102,0.0,0.0,100.0,100.0
2022,750,751,1,0,0,1616,102,0.0,0.0,100.0,100.0
2022,751,752,1,0,0,1616,102,0.0,0.0,100.0,100.0
2022,752,753,1,0,0,1616,102,0.0,0.0,100.0,100.0
2022,753,754,1,0,0,1616,102,0.0,0.0,100.0,100.0
2022,754,755,1,0,0,1616,102,0.0,0.0,100.0,100.0
2022,755,756,1,0,0,1616,102,0.0,0.0,100.0,100.0
2022,756,757,1,0,0,1616,102,0.0,0.0,100.0,100.0
2022,757,758,1,0,0,1616,102,0.0,0.0,100.0,100.0
2022,758,759,1,0,0,1616,102,0.0,0.0,100.0,100.0
2022,759,760,1,0,0,1616,102,0.0,0.0,100.0,100.0
2022,760,761,1,0,0,1616,102,0.0,0.0,100.0,100.0
2022,761,762,1,0,0,1616,102,0.0,0.0,100.0,100.0
2022,762,763,1,0,0,1616,102,0.0,0.0,100.0,100.0
2022,763,764,1,0,0,1616,102,0.0,0.0,100.0,100.0
2022,764,765,1,0,0,1616,102,0.0,0.0,100.0,100.0
2022,765,766,1,0,0,1616,102,0.0,0.0,100.0,100.0
2022,766,767,1,0,0,1616,102,0.0,0.0,100.0,100.0
2022,767,768,1,0,0,1616,102,0.0,0.0,100.0,100.0
2022,768,769,1,0,0,1616,102,0.0,0.0,100.0,100.0
2022,769,770,1,0,0,1616,102,0.0,0.0,100.0,100.0
2022,770,771,1,0,0,1616,102,0.0,0.0,100.0,100.0
2022,771,772,1,0,0,1616,102,0.0,0.0,100.0,100.0
2022,772,773,1,0,0,1616,102,0.0,0.0,100.0,100.0
2022,773,774,1,0,0,1616,102,0.0,0.0,100.0,100.0
2022,774,775,1,0,0,1616,102,0.0,0.0,100.0,100.0
2022,775,776,1,0,0,1616,102,0.0,0.0,100.0,100.0
2022,776,777,1,0,0,1616,102,0.0,0.0,100.0,100.0
2022,777,778,1,0,0,1616,102,0.0,0.0,100.0,100.0
2022,778,779,1,0,0,1616,102,0.0,0.0,100.0,100.0
2022,779,780,1,0,0,1616,102,0.0,0.0,100.0,100.0
2022,780,781,1,0,0,1616,102,0.0,0.0,100.0,100.0
2022,781,782,1,0,0,1616,102,0.0,0.0,100.0,100.0
2022,782,783,1,0,0,1616,102,0.0,0.0,100.0,100.0
2022,783,784,1,0,0,1616,102,0.0,0.0,100.0,100.0
2022,784,785,1,0,0,1616,102,0.0,0.0,100.0,100.0
2022,785,786,1,0,0,1616,102,0.0,0.0,100.0,100.0
2022,786,787,1,0,0,1616,102,0.0,0.0,100.0,100.0
2022,787,788,1,0,0,1616,102,0.0,0.0,100.0,100.0
2022,788,789,1,0,0,1616,102,0.0,0.0,100.0,100.0
2022,789,790,1,0,0,1616,102,0.0,0.0,100.0,100.0
2022,790,791,1,0,0,1616,102,0.0,0.0,100.0,100.0
2022,791,792,1,0,0,1616,102,0.0,0.0,100.0,100.0
2022,792,793,1,0,0,1616,102,0.0,0.0,100.0,100.0
2022,793,794,1,0,0,1616,102,0.0,0.0,100.0,100.0
2022,794,795,1,0,0,1616,102,0.0,0.0,100.0,100.0
2022,795,796,1,0,0,1616,102,0.0,0.0,100.0,100.0
2022,796,797,1,0,0,1616,102,0.0,0.0,100.0,100.0
2022,797,798,1,0,0,1616,102,0.0,0.0,100.0,100.0
2022,798,799,1,0,0,1616,102,0.0,0.0,100.0,100.0
2022,799,800,1,0,0,1616,102,0.0,0.0,100.0,100.0
2022,800,801,1,0,0,1616,102,0.0,0.0,100.0,100.0
2022,801,802,1,0,0,1616,102,0.0,0.0,100.0,100.0
2022,802,803,1,0,0,1616,102,0.0,0.0,100.0,100.0
2022,803,804,1,0,0,1616,102,0.0,0.0,100.0,100.0
2022,804,805,1,0,0,1616,102,0.0,0.0,100.0,100.0
2022,805,806,1,0,0,1616,102,0.0,0.0,100.0,100.0
2022,806,807,1,0,0,1616,102,0.0,0.0,100.0,100.0
2022,807,808,1,0,0,1616,102,0.0,0.0,100.0,100.0
2022,808,809,1,0,0,1616,102,0.0,0.0,100.0,100.0
2022,809,810,1,0,0,1616,102,0.0,0.0,100.0,100.0
2022,810,811,1,0,0,1616,102,0.0,0.0,100.0,100.0
2022,811,812,1,0,0,1616,102,0.0,0.0,100.0,100.0
2022,812,813,1,0,0,1616,102,0.0,0.0,100.0,100.0
2022,813,814,1,0,0,1616,102,0.0,0.0,100.0,100.0
2022,814,815,1,0,0,1616,102,0.0,0.0,100.0,100.0
2022,815,816,1,0,0,1616,102,0.0,0.0,100.0,100.0
2022,816,817,1,0,0,1616,102,0.0,0.0,100.0,100.0
2022,817,818,1,0,0,1616,102,0.0,0.0,100.0,100.0
2022,818,819,1,0,0,1616,102,0.0,0.0,100.0,100.0
2022,819,820,1,0,0,1616,102,0.0,0.0,100.0,100.0
2022,820,821,1,0,0,1616,102,0.0,0.0,100.0,100.0
2022,821,822,1,0,0,1616,102,0.0,0.0,100.0,100.0
2022,822,823,1,0,0,1616,102,0.0,0.0,100.0,100.0
2022,823,824,1,0,0,1616,102,0.0,0.0,100.0,100.0
2022,824,825,1,0,0,1616,102,0.0,0.0,100.0,100.0
2022,825,826,1,0,0,1616,102,0.0,0.0,100.0,100.0
2022,826,827,1,0,0,1616,102,0.0,0.0,100.0,100.0
2022,827,828,1,0,0,1616,102,0.0,0.0,100.0,100.0
2022,828,829,1,0,0,1616,102,0.0,0.0,100.0,100.0
2022,829,830,1,0,0,1616,102,0.0,0.0,100.0,100.0
2022,830,831,1,0,0,1616,102,0.0,0.0,100.0,100.0
2022,831,832,1,0,0,1616,102,0.0,0.0,100.0,100.0
2022,832,833,1,0,0,1616,102,0.0,0.0,100.0,100.0
2022,833,834,1,0,0,1616,102,0.0,0.0,100.0,100.0
2022,834,835,1,0,0,1616,102,0.0,0.0,100.0,100.0
2022,835,836,1,0,0,1616,102,0.0,0.0,100.0,100.0
2022,836,837,1,0,0,1616,102,0.0,0.0,100.0,100.0
2022,837,838,1,0,0,1616,102,0.0,0.0,100.0,100.0
2022,838,839,1,0,0,1616,102,0.0,0.0,100.0,100.0
2022,839,840,1,0,0,1616,102,0.0,0.0,100.0,100.0
2022,840,841,1,0,0,1616,102,0.0,0.0,100.0,100.0
2022,841,842,1,0,0,1616,102,0.0,0.0,100.0,100.0
2022,842,843,1,0,0,1616,102,0.0,0.0,100.0,100.0
2022,843,844,1,0,0,1616,102,0.0,0.0,100.0,100.0
2022,844,845,1,0,0,1616,102,0.0,0.0,100.0,100.0
2022,845,846,1,0,0,1616,102,0.0,0.0,100.0,100.0
2022,846,847,1,0,0,1616,102,0.0,0.0,100.0,100.0
2022,847,848,1,0,0,1616,102,0.0,0.0,100.0,100.0
2022,848,849,1,0,0,1616,102,0.0,0.0,100.0,100.0
2022,849,850,1,0,0,1616,102,0.0,0.0,100.0,100.0
2022,850,851,1,0,0,1616,102,0.0,0.0,100.0,100.0
2022,851,852,1,0,0,1616,102,0.0,0.0,100.0,100.0
2022,852,853,1,0,0,1616,102,0.0,0.0,100.0,100.0
2022,853,854,1,0,0,1616,102,0.0,0.0,100.0,100.0
2022,854,855,1,0,0,1616,102,0.0,0.0,100.0,100.0
2022,855,856,1,0,0,1616,102,0.0,0.0,100.0,100.0
2022,856,857,1,0,0,1616,102,0.0,0.0,100.0,100.0
2022,857,858,1,0,0,1616,102,0.0,0.0,100.0,100.0
2022,858,859,1,0,0,1616,102,0.0,0.0,100.0,100.0
2022,859,860,1,0,0,1616,102,0.0,0.0,100.0,100.0
2022,860,861,1,0,0,1616,102,0.0,0.0,100.0,100.0
2022,861,862,1,0,0,1616,102,0.0,0.0,100.0,100.0
2022,862,863,1,0,0,1616,102,0.0,0.0,100.0,100.0
2022,863,864,1,0,0,1616,102,0.0,0.0,100.0,100.0
2022,864,865,1,0,0,1616,102,0.0,0.0,100.0,100.0
2022,865,866,1,0,0,1616,102,0.0,0.0,100.0,100.0
2022,866,867,1,0,0,1616,102,0.0,0.0,100.0,100.0
2022,867,868,1,0,0,1616,102,0.0,0.0,100.0,100.0
2022,868,869,1,0,0,1616,102,0.0,0.0,100.0,100.0
2022,869,870,1,0,0,1616,102,0.0,0.0,100.0,100.0
2022,870,871,1,0,0,1616,102,0.0,0.0,100.0,100.0
2022,871,872,1,0,0,1616,102,0.0,0.0,100.0,100.0
2022,872,873,1,0,0,1616,102,0.0,0.0,100.0,100.0
2022,873,874,1,0,0,1616,102,0.0,0.0,100.0,100.0
2022,874,875,1,0,0,1616,102,0.0,0.0,100.0,100.0
2022,875,876,1,0,0,1616,102,0.0,0.0,100.0,100.0
2022,876,877,1,0,0,1616,102,0.0,0.0,100.0,100.0
2022,877,878,1,0,0,1616,102,0.0,0.0,100.0,100.0
2022,878,879,1,0,0,1616,102,0.0,0.0,100.0,100.0
2022,879,880,1,0,0,1616,102,0.0,0.0,100.0,100.0
2022,880,881,1,0,0,1616,102,0.0,0.0,100.0,100.0
2022,881,882,1,0,0,1616,102,0.0,0.0,100.0,100.0
2022,882,883,1,0,0,1616,102,0.0,0.0,100.0,100.0
2022,883,884,1,0,0,1616,102,0.0,0.0,100.0,100.0
2022,884,885,1,0,0,1616,102,0.0,0.0,100.0,100.0
2022,885,886,1,0,0,1616,102,0.0,0.0,100.0,100.0
2022,886,887,1,0,0,1616,102,0.0,0.0,100.0,100.0
2022,887,888,1,0,0,1616,102,0.0,0.0,100.0,100.0
2022,888,889,1,0,0,1616,102,0.0,0.0,100.0,100.0
2022,889,890,1,0,0,1616,102,0.0,0.0,100.0,100.0
2022,890,891,1,0,0,1616,102,0.0,0.0,100.0,100.0
2022,891,892,1,0,0,1616,102,0.0,0.0,100.0,100.0
2022,892,893,1,0,0,1616,102,0.0,0.0,100.0,100.0
2022,893,894,1,0,0,1616,102,0.0,0.0,100.0,100.0
2022,894,895,1,0,0,1616,102,0.0,0.0,100.0,100.0
2022,895,896,1,0,0,1616,102,0.0,0.0,100.0,100.0
2022,896,897,1,0,0,1616,102,0.0,0.0,100.0,100.0
2022,897,898,1,0,0,1616,102,0.0,0.0,100.0,100.0
2022,898,899,1,0,0,1616,102,0.0,0.0,100.0,100.0
2022,899,900,1,0,0,1616,102,0.0,0.0,100.0,100.0
2022,900,901,1,0,0,1616,102,0.0,0.0,100.0,100.0
2022,901,902,1,0,0,1616,102,0.0,0.0,100.0,100.0
2022,902,903,1,0,0,1616,102,0.0,0.0,100.0,100.0
2022,903,904,1,0,0,1616,102,0.0,0.0,100.0,100.0
2022,904,905,1,0,0,1616,102,0.0,0.0,100.0,100.0
2022,905,906,1,0,0,1616,102,0.0,0.0,100.0,100.0
2022,906,907,1,0,0,1616,102,0.0,0.0,100.0,100.0
2022,907,908,1,0,0,1616,102,0.0,0.0,100.0,100.0
2022,908,909,1,0,0,1616,102,0.0,0.0,100.0,100.0
2022,909,910,1,0,0,1616,102,0.0,0.0,100.0,100.0
2022,910,911,1,0,0,1616,102,0.0,0.0,100.0,100.0
2022,911,912,1,0,0,1616,102,0.0,0.0,100.0,100.0
2022,912,913,1,0,0,1616,102,0.0,0.0,100.0,100.0
2022,913,914,1,0,0,1616,102,0.0,0.0,100.0,100.0
2022,914,915,1,0,0,1616,102,0.0,0.0,100.0,100.0
2022,915,916,1,0,0,1616,102,0.0,0.0,100.0,100.0
2022,916,917,1,0,0,1616,102,0.0,0.0,100.0,100.0
2022,917,918,1,0,0,1616,102,0.0,0.0,100.0,100.0
2022,918,919,1,0,0,1616,102,0.0,0.0,100.0,100.0
2022,919,920,1,0,0,1616,102,0.0,0.0,100.0,100.0
2022,920,921,1,0,0,1616,102,0.0,0.0,100.0,100.0
2022,921,922,1,0,0,1616,102,0.0,0.0,100.0,100.0
2022,922,923,1,0,0,1616,102,0.0,0.0,100.0,100.0
2022,923,924,1,0,0,1616,102,0.0,0.0,100.0,100.0
2022,924,925,1,0,0,1616,102,0.0,0.0,100.0,100.0
2022,925,926,1,0,0,1616,102,0.0,0.0,100.0,100.0
2022,926,927,1,0,0,1616,102,0.0,0.0,100.0,100.0
2022,927,928,1,0,0,1616,102,0.0,0.0,100.0,100.0
2022,928,929,1,0,0,1616,102,0.0,0.0,100.0,100.0
2022,929,930,1,0,0,1616,102,0.0,0.0,100.0,100.0
2022,930,931,1,0,0,1616,102,0.0,0.0,100.0,100.0
2022,931,932,1,0,0,1616,102,0.0,0.0,100.0,100.0
2022,932,933,1,0,0,1616,102,0.0,0.0,100.0,100.0
2022,933,934,1,0,0,1616,102,0.0,0.0,100.0,100.0
2022,934,935,1,0,0,1616,102,0.0,0.0,100.0,100.0
2022,935,936,1,0,0,1616,102,0.0,0.0,100.0,100.0
2022,936,937,1,0,0,1616,102,0.0,0.0,100.0,100.0
2022,937,938,1,0,0,1616,102,0.0,0.0,100.0,100.0
2022,938,939,1,0,0,1616,102,0.0,0.0,100.0,100.0
2022,939,940,1,0,0,1616,102,0.0,0.0,100.0,100.0
2022,940,941,1,0,0,1616,102,0.0,0.0,100.0,100.0
2022,941,942,1,0,0,1616,102,0.0,0.0,100.0,100.0
2022,942,943,1,0,0,1616,102,0.0,0.0,100.0,100.0
2022,943,944,1,0,0,1616,102,0.0,0.0,100.0,100.0
2022,944,945,1,0,0,1616,102,0.0,0.0,100.0,100.0
2022,945,946,1,0,0,1616,102,0.0,0.0,100.0,100.0
2022,946,947,1,0,0,1616,102,0.0,0.0,100.0,100.0
2022,947,948,1,0,0,1616,102,0.0,0.0,100.0,100.0
2022,948,949,1,0,0,1616,102,0.0,0.0,100.0,100.0
2022,949,950,1,0,0,1616,102,0.0,0.0,100.0,100.0
2022,950,951,1,0,0,1616,102,0.0,0.0,100.0,100.0
2022,951,952,1,0,0,1616,102,0.0,0.0,100.0,100.0
2022,952,953,1,0,0,1616,102,0.0,0.0,100.0,100.0
2022,953,954,1,0,0,1616,102,0.0,0.0,100.0,100.0
2022,954,955,1,0,0,1616,102,0.0,0.0,100.0,100.0
2022,955,956,1,0,0,1616,102,0.0,0.0,100.0,100.0
2022,956,957,1,0,0,1616,102,0.0,0.0,100.0,100.0
2022,957,958,1,0,0,1616,102,0.0,0.0,100.0,100.0
2022,958,959,1,0,0,1616,102,0.0,0.0,100.0,100.0
2022,959,960,1,0,0,1616,102,0.0,0.0,100.0,100.0
2022,960,961,1,0,0,1616,102,0.0,0.0,100.0,100.0
2022,961,962,1,0,0,1616,102,0.0,0.0,100.0,100.0
2022,962,963,1,0,0,1616,102,0.0,0.0,100.0,100.0
2022,963,964,1,0,0,1616,102,0.0,0.0,100.0,100.0
2022,964,965,1,0,0,1616,102,0.0,0.0,100.0,100.0
2022,965,966,1,0,0,1616,102,0.0,0.0,100.0,100.0
2022,966,967,1,0,0,1616,102,0.0,0.0,100.0,100.0
2022,967,968,1,0,0,1616,102,0.0,0.0,100.0,100.0
2022,968,969,1,0,0,1616,102,0.0,0.0,100.0,100.0
2022,969,970,1,0,0,1616,102,0.0,0.0,100.0,100.0
2022,970,971,1,0,0,1616,102,0.0,0.0,100.0,100.0
2022,971,972,1,0,0,1616,102,0.0,0.0,100.0,100.0
2022,972,973,1,0,0,1616,102,0.0,0.0,100.0,100.0
2022,973,974,1,0,0,1616,102,0.0,0.0,100.0,100.0
2022,974,975,1,0,0,1616,102,0.0,0.0,100.0,100.0
2022,975,976,1,0,0,1616,102,0.0,0.0,100.0,100.0
2022,976,977,1,0,0,1616,102,0.0,0.0,100.0,100.0
2022,977,978,1,0,0,1616,102,0.0,0.0,100.0,100.0
2022,978,979,1,0,0,1616,102,0.0,0.0,100.0,100.0
2022,979,980,1,0,0,1616,102,0.0,0.0,100.0,100.0
2022,980,981,1,0,0,1616,102,0.0,0.0,100.0,100.0
2022,981,982,1,0,0,1616,102,0.0,0.0,100.0,100.0
2022,982,983,1,0,0,1616,102,0.0,0.0,100.0,100.0
2022,983,984,1,0,0,1616,102,0.0,0.0,100.0,100.0
2022,984,985,1,0,0,1616,102,0.0,0.0,100.0,100.0
2022,985,986,1,0,0,1616,102,0.0,0.0,100.0,100.0
2022,986,987,1,0,0,1616,102,0.0,0.0,100.0,100.0
2022,987,988,1,0,0,1616,102,0.0,0.0,100.0,100.0
2022,988,989,1,0,0,1616,102,0.0,0.0,100.0,100.0
2022,989,990,1,0,0,1616,102,0.0,0.0,100.0,100.0
2022,990,991,1,0,0,1616,102,0.0,0.0,100.0,100.0
2022,991,992,1,0,0,1616,102,0.0,0.0,100.0,100.0
2022,992,993,1,0,0,1616,102,0.0,0.0,100.0,100.0
2022,993,994,1,0,0,1616,102,0.0,0.0,100.0,100.0
2022,994,995,1,0,0,1616,102,0.0,0.0,100.0,100.0
2022,995,996,1,0,0,1616,102,0.0,0.0,100.0,100.0
2022,996,997,1,0,0,1616,102,0.0,0.0,100.0,100.0
2022,997,998,1,0,0,1616,102,0.0,0.0,100.0,100.0
2022,998,999,1,0,0,1616,102,0.0,0.0,100.0,100.0
2023,0,5,5,24,2,24,2,2.87,4.76,2.87,4.76
2023,5,10,5,151,14,175,16,18.06,33.33,20.93,38.1
2023,10,15,5,218,3,393,19,26.08,7.14,47.01,45.24
2023,15,20,5,147,3,540,22,17.58,7.14,64.59,52.38
2023,20,25,5,117,9,657,31,14.0,21.43,78.59,73.81
2023,25,30,5,55,4,712,35,6.58,9.52,85.17,83.33
2023,30,35,5,48,1,760,36,5.74,2.38,90.91,85.71
2023,35,40,5,25,1,785,37,2.99,2.38,93.9,88.1
2023,40,45,5,10,0,795,37,1.2,0.0,95.1,88.1
2023,45,50,5,10,3,805,40,1.2,7.14,96.29,95.24
2023,50,55,5,11,1,816,41,1.32,2.38,97.61,97.62
2023,55,60,5,6,0,822,41,0.72,0.0,98.33,97.62
2023,60,65,5,2,0,824,41,0.24,0.0,98.56,97.62
2023,65,70,5,1,0,825,41,0.12,0.0,98.68,97.62
2023,70,75,5,3,0,828,41,0.36,0.0,99.04,97.62
2023,75,80,5,3,1,831,42,0.36,2.38,99.4,100.0
2023,80,85,5,2,0,833,42,0.24,0.0,99.64,100.0
2023,85,90,5,0,0,833,42,0.0,0.0,99.64,100.0
2023,90,95,5,0,0,833,42,0.0,0.0,99.64,100.0
2023,95,100,5,2,0,835,42,0.24,0.0,99.88,100.0
2023,100,105,5,0,0,835,42,0.0,0.0,99.88,100.0
2023,105,110,5,1,0,836,42,0.12,0.0,100.0,100.0
2023,110,115,5,0,0,836,42,0.0,0.0,100.0,100.0
2023,115,120,5,0,0,836,42,0.0,0.0,100.0,100.0
2023,120,125,5,0,0,836,42,0.0,0.0,100.0,100.0
2023,125,130,5,0,0,836,42,0.0,0.0,100.0,100.0
2023,130,135,5,0,0,836,42,0.0,0.0,100.0,100.0
2023,135,140,5,0,0,836,42,0.0,0.0,100.0,100.0
2023,140,145,5,0,0,836,42,0.0,0.0,100.0,100.0
2023,145,150,5,0,0,836,42,0.0,0.0,100.0,100.0
2023,150,155,5,0,0,836,42,0.0,0.0,100.0,100.0
2023,155,160,5,0,0,836,42,0.0,0.0,100.0,100.0
2023,160,165,5,0,0,836,42,0.0,0.0,100.0,100.0
2023,165,170,5,0,0,836,42,0.0,0.0,100.0,100.0
2023,170,175,5,0,0,836,42,0.0,0.0,100.0,100.0
2023,175,180,5,0,0,836,42,0.0,0.0,100.0,100.0
2023,180,185,5,0,0,836,42,0.0,0.0,100.0,100.0
2023,185,190,5,0,0,836,42,0.0,0.0,100.0,100.0
2023,190,195,5,0,0,836,42,0.0,0.0,100.0,100.0
2023,195,200,5,0,0,836,42,0.0,0.0,100.0,100.0
2023,200,205,5,0,0,836,42,0.0,0.0,100.0,100.0
2023,205,210,5,0,0,836,42,0.0,0.0,100.0,100.0
2023,210,215,5,0,0,836,42,0.0,0.0,100.0,100.0
2023,215,220,5,0,0,836,42,0.0,0.0,100.0,100.0
2023,220,225,5,0,0,836,42,0.0,0.0,100.0,100.0
2023,225,230,5,0,0,836,42,0.0,0.0,100.0,100.0
2023,230,235,5,0,0,836,42,0.0,0.0,100.0,100.0
2023,235,240,5,0,0,836,42,0.0,0.0,100.0,100.0
2023,240,245,5,0,0,836,42,0.0,0.0,100.0,100.0
2023,245,250,5,0,0,836,42,0.0,0.0,100.0,100.0
2023,250,255,5,0,0,836,42,0.0,0.0,100.0,100.0
2023,255,260,5,0,0,836,42,0.0,0.0,100.0,100.0
2023,260,265,5,0,0,836,42,0.0,0.0,100.0,100.0
2023,265,270,5,0,0,836,42,0.0,0.0,100.0,100.0
2023,270,275,5,0,0,836,42,0.0,0.0,100.0,100.0
2023,275,280,5,0,0,836,42,0.0,0.0,100.0,100.0
2023,280,285,5,0,0,836,42,0.0,0.0,100.0,100.0
2023,285,290,5,0,0,836,42,0.0,0.0,100.0,100.0
2023,290,295,5,0,0,836,42,0.0,0.0,100.0,100.0
2023,295,300,5,0,0,836,42,0.0,0.0,100.0,100.0
2023,300,305,5,0,0,836,42,0.0,0.0,100.0,100.0
2023,305,310,5,0,0,836,42,0.0,0.0,100.0,100.0
2023,310,315,5,0,0,836,42,0.0,0.0,100.0,100.0
2023,315,320,5,0,0,836,42,0.0,0.0,100.0,100.0
2023,320,325,5,0,0,836,42,0.0,0.0,100.0,100.0
2023,325,330,5,0,0,836,42,0.0,0.0,100.0,100.0
2023,330,335,5,0,0,836,42,0.0,0.0,100.0,100.0
2023,335,340,5,0,0,836,42,0.0,0.0,100.0,100.0
2023,340,345,5,0,0,836,42,0.0,0.0,100.0,100.0
2023,345,350,5,0,0,836,42,0.0,0.0,100.0,100.0
2023,350,355,5,0,0,836,42,0.0,0.0,100.0,100.0
2023,355,360,5,0,0,836,42,0.0,0.0,100.0,100.0
2023,360,365,5,0,0,836,42,0.0,0.0,100.0,100.0
2023,365,370,5,0,0,836,42,0.0,0.0,100.0,100.0
2023,370,375,5,0,0,836,42,0.0,0.0,100.0,100.0
2023,375,380,5,0,0,836,42,0.0,0.0,100.0,100.0
2023,380,385,5,0,0,836,42,0.0,0.0,100.0,100.0
2023,385,390,5,0,0,836,42,0.0,0.0,100.0,100.0
2023,390,395,5,0,0,836,42,0.0,0.0,100.0,100.0
2023,395,400,5,0,0,836,42,0.0,0.0,100.0,100.0
2023,400,405,5,0,0,836,42,0.0,0.0,100.0,100.0
2023,405,410,5,0,0,836,42,0.0,0.0,100.0,100.0
2023,410,415,5,0,0,836,42,0.0,0.0,100.0,100.0
2023,415,420,5,0,0,836,42,0.0,0.0,100.0,100.0
2023,420,425,5,0,0,836,42,0.0,0.0,100.0,100.0
2023,425,430,5,0,0,836,42,0.0,0.0,100.0,100.0
2023,430,435,5,0,0,836,42,0.0,0.0,100.0,100.0
2023,435,440,5,0,0,836,42,0.0,0.0,100.0,100.0
2023,440,445,5,0,0,836,42,0.0,0.0,100.0,100.0
2023,445,450,5,0,0,836,42,0.0,0.0,100.0,100.0
2023,450,455,5,0,0,836,42,0.0,0.0,100.0,100.0
2023,455,460,5,0,0,836,42,0.0,0.0,100.0,100.0
2023,460,465,5,0,0,836,42,0.0,0.0,100.0,100.0
2023,465,470,5,0,0,836,42,0.0,0.0,100.0,100.0
2023,470,475,5,0,0,836,42,0.0,0.0,100.0,100.0
2023,475,480,5,0,0,836,42,0.0,0.0,100.0,100.0
2023,480,485,5,0,0,836,42,0.0,0.0,100.0,100.0
2023,485,490,5,0,0,836,42,0.0,0.0,100.0,100.0
2023,490,495,5,0,0,836,42,0.0,0.0,100.0,100.0
2023,495,500,5,0,0,836,42,0.0,0.0,100.0,100.0
2023,500,505,5,0,0,836,42,0.0,0.0,100.0,100.0
2023,505,510,5,0,0,836,42,0.0,0.0,100.0,100.0
2023,510,515,5,0,0,836,42,0.0,0.0,100.0,100.0
2023,515,520,5,0,0,836,42,0.0,0.0,100.0,100.0
2023,520,525,5,0,0,836,42,0.0,0.0,100.0,100.0
2023,525,530,5,0,0,836,42,0.0,0.0,100.0,100.0
2023,530,535,5,0,0,836,42,0.0,0.0,100.0,100.0
2023,535,540,5,0,0,836,42,0.0,0.0,100.0,100.0
2023,540,545,5,0,0,836,42,0.0,0.0,100.0,100.0
2023,545,550,5,0,0,836,42,0.0,0.0,100.0,100.0
2023,550,555,5,0,0,836,42,0.0,0.0,100.0,100.0
2023,555,560,5,0,0,836,42,0.0,0.0,100.0,100.0
2023,560,565,5,0,0,836,42,0.0,0.0,100.0,100.0
2023,565,570,5,0,0,836,42,0.0,0.0,100.0,100.0
2023,570,575,5,0,0,836,42,0.0,0.0,100.0,100.0
2023,575,580,5,0,0,836,42,0.0,0.0,100.0,100.0
2023,580,585,5,0,0,836,42,0.0,0.0,100.0,100.0
2023,585,590,5,0,0,836,42,0.0,0.0,100.0,100.0
2023,590,595,5,0,0,836,42,0.0,0.0,100.0,100.0
2023,595,600,5,0,0,836,42,0.0,0.0,100.0,100.0
2023,600,605,5,0,0,836,42,0.0,0.0,100.0,100.0
2023,605,610,5,0,0,836,42,0.0,0.0,100.0,100.0
2023,610,615,5,0,0,836,42,0.0,0.0,100.0,100.0
2023,615,620,5,0,0,836,42,0.0,0.0,100.0,100.0
2023,620,625,5,0,0,836,42,0.0,0.0,100.0,100.0
2023,625,630,5,0,0,836,42,0.0,0.0,100.0,100.0
2023,630,635,5,0,0,836,42,0.0,0.0,100.0,100.0
2023,635,640,5,0,0,836,42,0.0,0.0,100.0,100.0
2023,640,645,5,0,0,836,42,0.0,0.0,100.0,100.0
2023,645,650,5,0,0,836,42,0.0,0.0,100.0,100.0
2023,650,655,5,0,0,836,42,0.0,0.0,100.0,100.0
2023,655,660,5,0,0,836,42,0.0,0.0,100.0,100.0
2023,660,665,5,0,0,836,42,0.0,0.0,100.0,100.0
2023,665,670,5,0,0,836,42,0.0,0.0,100.0,100.0
2023,670,675,5,0,0,836,42,0.0,0.0,100.0,100.0
2023,675,680,5,0,0,836,42,0.0,0.0,100.0,100.0
2023,680,685,5,0,0,836,42,0.0,0.0,100.0,100.0
2023,685,690,5,0,0,836,42,0.0,0.0,100.0,100.0
2023,690,695,5,0,0,836,42,0.0,0.0,100.0,100.0
2023,695,700,5,0,0,836,42,0.0,0.0,100.0,100.0
2023,700,705,5,0,0,836,42,0.0,0.0,100.0,100.0
2023,705,710,5,0,0,836,42,0.0,0.0,100.0,100.0
2023,710,715,5,0,0,836,42,0.0,0.0,100.0,100.0
2023,715,720,5,0,0,836,42,0.0,0.0,100.0,100.0
2023,720,725,5,0,0,836,42,0.0,0.0,100.0,100.0
2023,725,730,5,0,0,836,42,0.0,0.0,100.0,100.0
2023,730,735,5,0,0,836,42,0.0,0.0,100.0,100.0
2023,735,740,5,0,0,836,42,0.0,0.0,100.0,100.0
2023,740,745,5,0,0,836,42,0.0,0.0,100.0,100.0
2023,745,750,5,0,0,836,42,0.0,0.0,100.0,100.0
2023,750,755,5,0,0,836,42,0.0,0.0,100.0,100.0
2023,755,760,5,0,0,836,42,0.0,0.0,100.0,100.0
2023,760,765,5,0,0,836,42,0.0,0.0,100.0,100.0
2023,765,770,5,0,0,836,42,0.0,0.0,100.0,100.0
2023,770,775,5,0,0,836,42,0.0,0.0,100.0,100.0
2023,775,780,5,0,0,836,42,0.0,0.0,100.0,100.0
2023,780,785,5,0,0,836,42,0.0,0.0,100.0,100.0
2023,785,790,5,0,0,836,42,0.0,0.0,100.0,100.0
2023,790,795,5,0,0,836,42,0.0,0.0,100.0,100.0
2023,795,800,5,0,0,836,42,0.0,0.0,100.0,100.0
2023,800,805,5,0,0,836,42,0.0,0.0,100.0,100.0
2023,805,810,5,0,0,836,42,0.0,0.0,100.0,100.0
2023,810,815,5,0,0,836,42,0.0,0.0,100.0,100.0
2023,815,820,5,0,0,836,42,0.0,0.0,100.0,100.0
2023,820,825,5,0,0,836,42,0.0,0.0,100.0,100.0
2023,825,830,5,0,0,836,42,0.0,0.0,100.0,100.0
2023,830,835,5,0,0,836,42,0.0,0.0,100.0,100.0
2023,835,840,5,0,0,836,42,0.0,0.0,100.0,100.0
2023,840,845,5,0,0,836,42,0.0,0.0,100.0,100.0
2023,845,850,5,0,0,836,42,0.0,0.0,100.0,100.0
2023,850,855,5,0,0,836,42,0.0,0.0,100.0,100.0
2023,855,860,5,0,0,836,42,0.0,0.0,100.0,100.0
2023,860,865,5,0,0,836,42,0.0,0.0,100.0,100.0
2023,865,870,5,0,0,836,42,0.0,0.0,100.0,100.0
2023,870,875,5,0,0,836,42,0.0,0.0,100.0,100.0
2023,875,880,5,0,0,836,42,0.0,0.0,100.0,100.0
2023,880,885,5,0,0,836,42,0.0,0.0,100.0,100.0
2023,885,890,5,0,0,836,42,0.0,0.0,100.0,100.0
2023,890,895,5,0,0,836,42,0.0,0.0,100.0,100.0
2023,895,900,5,0,0,836,42,0.0,0.0,100.0,100.0
2023,900,905,5,0,0,836,42,0.0,0.0,100.0,100.0
2023,905,910,5,0,0,836,42,0.0,0.0,100.0,100.0
2023,910,915,5,0,0,836,42,0.0,0.0,100.0,100.0
2023,915,920,5,0,0,836,42,0.0,0.0,100.0,100.0
2023,920,925,5,0,0,836,42,0.0,0.0,100.0,100.0
2023,925,930,5,0,0,836,42,0.0,0.0,100.0,100.0
2023,930,935,5,0,0,836,42,0.0,0.0,100.0,100.0
2023,935,940,5,0,0,836,42,0.0,0.0,100.0,100.0
2023,940,945,5,0,0,836,42,0.0,0.0,100.0,100.0
2023,945,950,5,0,0,836,42,0.0,0.0,100.0,100.0
2023,950,955,5,0,0,836,42,0.0,0.0,100.0,100.0
2023,955,960,5,0,0,836,42,0.0,0.0,100.0,100.0
2023,960,965,5,0,0,836,42,0.0,0.0,100.0,100.0
2023,965,970,5,0,0,836,42,0.0,0.0,100.0,100.0
2023,970,975,5,0,0,836,42,0.0,0.0,100.0,100.0
2023,975,980,5,0,0,836,42,0.0,0.0,100.0,100.0
2023,980,985,5,0,0,836,42,0.0,0.0,100.0,100.0
2023,985,990,5,0,0,836,42,0.0,0.0,100.0,100.0
2023,990,995,5,0,0,836,42,0.0,0.0,100.0,100.0
2024,0,5,5,6,4,6,4,1.15,10.0,1.15,10.0
2024,5,10,5,52,3,58,7,9.92,7.5,11.07,17.5
2024,10,15,5,129,2,187,9,24.62,5.0,35.69,22.5
2024,15,20,5,125,3,312,12,23.85,7.5,59.54,30.0
2024,20,25,5,75,8,387,20,14.31,20.0,73.85,50.0
2024,25,30,5,45,3,432,23,8.59,7.5,82.44,57.5
2024,30,35,5,20,1,452,24,3.82,2.5,86.26,60.0
2024,35,40,5,18,4,470,28,3.44,10.0,89.69,70.0
2024,40,45,5,14,3,484,31,2.67,7.5,92.37,77.5
2024,45,50,5,7,1,491,32,1.34,2.5,93.7,80.0
2024,50,55,5,8,1,499,33,1.53,2.5,95.23,82.5
2024,55,60,5,6,1,505,34,1.15,2.5,96.37,85.0
2024,60,65,5,2,4,507,38,0.38,10.0,96.76,95.0
2024,65,70,5,6,2,513,40,1.15,5.0,97.9,100.0
2024,70,75,5,2,0,515,40,0.38,0.0,98.28,100.0
2024,75,80,5,3,0,518,40,0.57,0.0,98.85,100.0
2024,80,85,5,0,0,518,40,0.0,0.0,98.85,100.0
2024,85,90,5,1,0,519,40,0.19,0.0,99.05,100.0
2024,90,95,5,1,0,520,40,0.19,0.0,99.24,100.0
2024,95,100,5,0,0,520,40,0.0,0.0,99.24,100.0
2024,100,105,5,0,0,520,40,0.0,0.0,99.24,100.0
2024,105,110,5,0,0,520,40,0.0,0.0,99.24,100.0
2024,110,115,5,0,0,520,40,0.0,0.0,99.24,100.0
2024,115,120,5,0,0,520,40,0.0,0.0,99.24,100.0
2024,120,125,5,0,0,520,40,0.0,0.0,99.24,100.0
2024,125,130,5,1,0,521,40,0.19,0.0,99.43,100.0
2024,130,135,5,1,0,522,40,0.19,0.0,99.62,100.0
2024,135,140,5,0,0,522,40,0.0,0.0,99.62,100.0
2024,140,145,5,0,0,522,40,0.0,0.0,99.62,100.0
2024,145,150,5,0,0,522,40,0.0,0.0,99.62,100.0
2024,150,155,5,0,0,522,40,0.0,0.0,99.62,100.0
2024,155,160,5,0,0,522,40,0.0,0.0,99.62,100.0
2024,160,165,5,1,0,523,40,0.19,0.0,99.81,100.0
2024,165,170,5,0,0,523,40,0.0,0.0,99.81,100.0
2024,170,175,5,0,0,523,40,0.0,0.0,99.81,100.0
2024,175,180,5,0,0,523,40,0.0,0.0,99.81,100.0
2024,180,185,5,0,0,523,40,0.0,0.0,99.81,100.0
2024,185,190,5,0,0,523,40,0.0,0.0,99.81,100.0
2024,190,195,5,0,0,523,40,0.0,0.0,99.81,100.0
2024,195,200,5,0,0,523,40,0.0,0.0,99.81,100.0
2024,200,205,5,0,0,523,40,0.0,0.0,99.81,100.0
2024,205,210,5,0,0,523,40,0.0,0.0,99.81,100.0
2024,210,215,5,0,0,523,40,0.0,0.0,99.81,100.0
2024,215,220,5,0,0,523,40,0.0,0.0,99.81,100.0
2024,220,225,5,0,0,523,40,0.0,0.0,99.81,100.0
2024,225,230,5,1,0,524,40,0.19,0.0,100.0,100.0
2024,230,235,5,0,0,524,40,0.0,0.0,100.0,100.0
2024,235,240,5,0,0,524,40,0.0,0.0,100.0,100.0
2024,240,245,5,0,0,524,40,0.0,0.0,100.0,100.0
2024,245,250,5,0,0,524,40,0.0,0.0,100.0,100.0
2024,250,255,5,0,0,524,40,0.0,0.0,100.0,100.0
2024,255,260,5,0,0,524,40,0.0,0.0,100.0,100.0
2024,260,265,5,0,0,524,40,0.0,0.0,100.0,100.0
2024,265,270,5,0,0,524,40,0.0,0.0,100.0,100.0
2024,270,275,5,0,0,524,40,0.0,0.0,100.0,100.0
2024,275,280,5,0,0,524,40,0.0,0.0,100.0,100.0
2024,280,285,5,0,0,524,40,0.0,0.0,100.0,100.0
2024,285,290,5,0,0,524,40,0.0,0.0,100.0,100.0
2024,290,295,5,0,0,524,40,0.0,0.0,100.0,100.0
2024,295,300,5,0,0,524,40,0.0,0.0,100.0,100.0
2024,300,305,5,0,0,524,40,0.0,0.0,100.0,100.0
2024,305,310,5,0,0,524,40,0.0,0.0,100.0,100.0
2024,310,315,5,0,0,524,40,0.0,0.0,100.0,100.0
2024,315,320,5,0,0,524,40,0.0,0.0,100.0,100.0
2024,320,325,5,0,0,524,40,0.0,0.0,100.0,100.0
2024,325,330,5,0,0,524,40,0.0,0.0,100.0,100.0
2024,330,335,5,0,0,524,40,0.0,0.0,100.0,100.0
2024,335,340,5,0,0,524,40,0.0,0.0,100.0,100.0
2024,340,345,5,0,0,524,40,0.0,0.0,100.0,100.0
2024,345,350,5,0,0,524,40,0.0,0.0,100.0,100.0
2024,350,355,5,0,0,524,40,0.0,0.0,100.0,100.0
2024,355,360,5,0,0,524,40,0.0,0.0,100.0,100.0
2024,360,365,5,0,0,524,40,0.0,0.0,100.0,100.0
2024,365,370,5,0,0,524,40,0.0,0.0,100.0,100.0
2024,370,375,5,0,0,524,40,0.0,0.0,100.0,100.0
2024,375,380,5,0,0,524,40,0.0,0.0,100.0,100.0
2024,380,385,5,0,0,524,40,0.0,0.0,100.0,100.0
2024,385,390,5,0,0,524,40,0.0,0.0,100.0,100.0
2024,390,395,5,0,0,524,40,0.0,0.0,100.0,100.0
2024,395,400,5,0,0,524,40,0.0,0.0,100.0,100.0
2024,400,405,5,0,0,524,40,0.0,0.0,100.0,100.0
2024,405,410,5,0,0,524,40,0.0,0.0,100.0,100.0
2024,410,415,5,0,0,524,40,0.0,0.0,100.0,100.0
2024,415,420,5,0,0,524,40,0.0,0.0,100.0,100.0
2024,420,425,5,0,0,524,40,0.0,0.0,100.0,100.0
2024,425,430,5,0,0,524,40,0.0,0.0,100.0,100.0
2024,430,435,5,0,0,524,40,0.0,0.0,100.0,100.0
2024,435,440,5,0,0,524,40,0.0,0.0,100.0,100.0
2024,440,445,5,0,0,524,40,0.0,0.0,100.0,100.0
2024,445,450,5,0,0,524,40,0.0,0.0,100.0,100.0
2024,450,455,5,0,0,524,40,0.0,0.0,100.0,100.0
2024,455,460,5,0,0,524,40,0.0,0.0,100.0,100.0
2024,460,465,5,0,0,524,40,0.0,0.0,100.0,100.0
2024,465,470,5,0,0,524,40,0.0,0.0,100.0,100.0
2024,470,475,5,0,0,524,40,0.0,0.0,100.0,100.0
2024,475,480,5,0,0,524,40,0.0,0.0,100.0,100.0
2024,480,485,5,0,0,524,40,0.0,0.0,100.0,100.0
2024,485,490,5,0,0,524,40,0.0,0.0,100.0,100.0
2024,490,495,5,0,0,524,40,0.0,0.0,100.0,100.0
2024,495,500,5,0,0,524,40,0.0,0.0,100.0,100.0
2024,500,505,5,0,0,524,40,0.0,0.0,100.0,100.0
2024,505,510,5,0,0,524,40,0.0,0.0,100.0,100.0
2024,510,515,5,0,0,524,40,0.0,0.0,100.0,100.0
2024,515,520,5,0,0,524,40,0.0,0.0,100.0,100.0
2024,520,525,5,0,0,524,40,0.0,0.0,100.0,100.0
2024,525,530,5,0,0,524,40,0.0,0.0,100.0,100.0
2024,530,535,5,0,0,524,40,0.0,0.0,100.0,100.0
2024,535,540,5,0,0,524,40,0.0,0.0,100.0,100.0
2024,540,545,5,0,0,524,40,0.0,0.0,100.0,100.0
2024,545,550,5,0,0,524,40,0.0,0.0,100.0,100.0
2024,550,555,5,0,0,524,40,0.0,0.0,100.0,100.0
2024,555,560,5,0,0,524,40,0.0,0.0,100.0,100.0
2024,560,565,5,0,0,524,40,0.0,0.0,100.0,100.0
2024,565,570,5,0,0,524,40,0.0,0.0,100.0,100.0
2024,570,575,5,0,0,524,40,0.0,0.0,100.0,100.0
2024,575,580,5,0,0,524,40,0.0,0.0,100.0,100.0
2024,580,585,5,0,0,524,40,0.0,0.0,100.0,100.0
2024,585,590,5,0,0,524,40,0.0,0.0,100.0,100.0
2024,590,595,5,0,0,524,40,0.0,0.0,100.0,100.0
2024,595,600,5,0,0,524,40,0.0,0.0,100.0,100.0
2024,600,605,5,0,0,524,40,0.0,0.0,100.0,100.0
2024,605,610,5,0,0,524,40,0.0,0.0,100.0,100.0
2024,610,615,5,0,0,524,40,0.0,0.0,100.0,100.0
2024,615,620,5,0,0,524,40,0.0,0.0,100.0,100.0
2024,620,625,5,0,0,524,40,0.0,0.0,100.0,100.0
2024,625,630,5,0,0,524,40,0.0,0.0,100.0,100.0
2024,630,635,5,0,0,524,40,0.0,0.0,100.0,100.0
2024,635,640,5,0,0,524,40,0.0,0.0,100.0,100.0
2024,640,645,5,0,0,524,40,0.0,0.0,100.0,100.0
2024,645,650,5,0,0,524,40,0.0,0.0,100.0,100.0
2024,650,655,5,0,0,524,40,0.0,0.0,100.0,100.0
2024,655,660,5,0,0,524,40,0.0,0.0,100.0,100.0
2024,660,665,5,0,0,524,40,0.0,0.0,100.0,100.0
2024,665,670,5,0,0,524,40,0.0,0.0,100.0,100.0
2024,670,675,5,0,0,524,40,0.0,0.0,100.0,100.0
2024,675,680,5,0,0,524,40,0.0,0.0,100.0,100.0
2024,680,685,5,0,0,524,40,0.0,0.0,100.0,100.0
2024,685,690,5,0,0,524,40,0.0,0.0,100.0,100.0
2024,690,695,5,0,0,524,40,0.0,0.0,100.0,100.0
2024,695,700,5,0,0,524,40,0.0,0.0,100.0,100.0
2024,700,705,5,0,0,524,40,0.0,0.0,100.0,100.0
2024,705,710,5,0,0,524,40,0.0,0.0,100.0,100.0
2024,710,715,5,0,0,524,40,0.0,0.0,100.0,100.0
2024,715,720,5,0,0,524,40,0.0,0.0,100.0,100.0
2024,720,725,5,0,0,524,40,0.0,0.0,100.0,100.0
2024,725,730,5,0,0,524,40,0.0,0.0,100.0,100.0
2024,730,735,5,0,0,524,40,0.0,0.0,100.0,100.0
2024,735,740,5,0,0,524,40,0.0,0.0,100.0,100.0
2024,740,745,5,0,0,524,40,0.0,0.0,100.0,100.0
2024,745,750,5,0,0,524,40,0.0,0.0,100.0,100.0
2024,750,755,5,0,0,524,40,0.0,0.0,100.0,100.0
2024,755,760,5,0,0,524,40,0.0,0.0,100.0,100.0
2024,760,765,5,0,0,524,40,0.0,0.0,100.0,100.0
2024,765,770,5,0,0,524,40,0.0,0.0,100.0,100.0
2024,770,775,5,0,0,524,40,0.0,0.0,100.0,100.0
2024,775,780,5,0,0,524,40,0.0,0.0,100.0,100.0
2024,780,785,5,0,0,524,40,0.0,0.0,100.0,100.0
2024,785,790,5,0,0,524,40,0.0,0.0,100.0,100.0
2024,790,795,5,0,0,524,40,0.0,0.0,100.0,100.0
2024,795,800,5,0,0,524,40,0.0,0.0,100.0,100.0
2024,800,805,5,0,0,524,40,0.0,0.0,100.0,100.0
2024,805,810,5,0,0,524,40,0.0,0.0,100.0,100.0
2024,810,815,5,0,0,524,40,0.0,0.0,100.0,100.0
2024,815,820,5,0,0,524,40,0.0,0.0,100.0,100.0
2024,820,825,5,0,0,524,40,0.0,0.0,100.0,100.0
2024,825,830,5,0,0,524,40,0.0,0.0,100.0,100.0
2024,830,835,5,0,0,524,40,0.0,0.0,100.0,100.0
2024,835,840,5,0,0,524,40,0.0,0.0,100.0,100.0
2024,840,845,5,0,0,524,40,0.0,0.0,100.0,100.0
2024,845,850,5,0,0,524,40,0.0,0.0,100.0,100.0
2024,850,855,5,0,0,524,40,0.0,0.0,100.0,100.0
2024,855,860,5,0,0,524,40,0.0,0.0,100.0,100.0
2024,860,865,5,0,0,524,40,0.0,0.0,100.0,100.0
2024,865,870,5,0,0,524,40,0.0,0.0,100.0,100.0
2024,870,875,5,0,0,524,40,0.0,0.0,100.0,100.0
2024,875,880,5,0,0,524,40,0.0,0.0,100.0,100.0
2024,880,885,5,0,0,524,40,0.0,0.0,100.0,100.0
2024,885,890,5,0,0,524,40,0.0,0.0,100.0,100.0
2024,890,895,5,0,0,524,40,0.0,0.0,100.0,100.0
2024,895,900,5,0,0,524,40,0.0,0.0,100.0,100.0
2024,900,905,5,0,0,524,40,0.0,0.0,100.0,100.0
2024,905,910,5,0,0,524,40,0.0,0.0,100.0,100.0
2024,910,915,5,0,0,524,40,0.0,0.0,100.0,100.0
2024,915,920,5,0,0,524,40,0.0,0.0,100.0,100.0
2024,920,925,5,0,0,524,40,0.0,0.0,100.0,100.0
2024,925,930,5,0,0,524,40,0.0,0.0,100.0,100.0
2024,930,935,5,0,0,524,40,0.0,0.0,100.0,100.0
2024,935,940,5,0,0,524,40,0.0,0.0,100.0,100.0
2024,940,945,5,0,0,524,40,0.0,0.0,100.0,100.0
2024,945,950,5,0,0,524,40,0.0,0.0,100.0,100.0
2024,950,955,5,0,0,524,40,0.0,0.0,100.0,100.0
2024,955,960,5,0,0,524,40,0.0,0.0,100.0,100.0
2024,960,965,5,0,0,524,40,0.0,0.0,100.0,100.0
2024,965,970,5,0,0,524,40,0.0,0.0,100.0,100.0
2024,970,975,5,0,0,524,40,0.0,0.0,100.0,100.0
2024,975,980,5,0,0,524,40,0.0,0.0,100.0,100.0
2024,980,985,5,0,0,524,40,0.0,0.0,100.0,100.0
2024,985,990,5,0,0,524,40,0.0,0.0,100.0,100.0
2024,990,995,5,0,0,524,40,0.0,0.0,100.0,100.0
2025,0,5,5,2,0,2,0,0.53,0.0,0.53,0.0
2025,5,10,5,16,0,18,0,4.23,0.0,4.76,0.0
2025,10,15,5,35,0,53,0,9.26,0.0,14.02,0.0
2025,15,20,5,44,0,97,0,11.64,0.0,25.66,0.0
2025,20,25,5,41,3,138,3,10.85,12.5,36.51,12.5
2025,25,30,5,53,5,191,8,14.02,20.83,50.53,33.33
2025,30,35,5,48,0,239,8,12.7,0.0,63.23,33.33
2025,35,40,5,43,3,282,11,11.38,12.5,74.6,45.83
2025,40,45,5,20,6,302,17,5.29,25.0,79.89,70.83
2025,45,50,5,17,2,319,19,4.5,8.33,84.39,79.17
2025,50,55,5,14,3,333,22,3.7,12.5,88.1,91.67
2025,55,60,5,10,1,343,23,2.65,4.17,90.74,95.83
2025,60,65,5,4,0,347,23,1.06,0.0,91.8,95.83
2025,65,70,5,2,0,349,23,0.53,0.0,92.33,95.83
2025,70,75,5,4,0,353,23,1.06,0.0,93.39,95.83
2025,75,80,5,1,0,354,23,0.26,0.0,93.65,95.83
2025,80,85,5,3,1,357,24,0.79,4.17,94.44,100.0
2025,85,90,5,1,0,358,24,0.26,0.0,94.71,100.0
2025,90,95,5,1,0,359,24,0.26,0.0,94.97,100.0
2025,95,100,5,1,0,360,24,0.26,0.0,95.24,100.0
2025,100,105,5,1,0,361,24,0.26,0.0,95.5,100.0
2025,105,110,5,1,0,362,24,0.26,0.0,95.77,100.0
2025,110,115,5,3,0,365,24,0.79,0.0,96.56,100.0
2025,115,120,5,2,0,367,24,0.53,0.0,97.09,100.0
2025,120,125,5,2,0,369,24,0.53,0.0,97.62,100.0
2025,125,130,5,1,0,370,24,0.26,0.0,97.88,100.0
2025,130,135,5,0,0,370,24,0.0,0.0,97.88,100.0
2025,135,140,5,2,0,372,24,0.53,0.0,98.41,100.0
2025,140,145,5,1,0,373,24,0.26,0.0,98.68,100.0
2025,145,150,5,0,0,373,24,0.0,0.0,98.68,100.0
2025,150,155,5,0,0,373,24,0.0,0.0,98.68,100.0
2025,155,160,5,1,0,374,24,0.26,0.0,98.94,100.0
2025,160,165,5,1,0,375,24,0.26,0.0,99.21,100.0
2025,165,170,5,1,0,376,24,0.26,0.0,99.47,100.0
2025,170,175,5,1,0,377,24,0.26,0.0,99.74,100.0
2025,175,180,5,0,0,377,24,0.0,0.0,99.74,100.0
2025,180,185,5,0,0,377,24,0.0,0.0,99.74,100.0
2025,185,190,5,1,0,378,24,0.26,0.0,100.0,100.0
2025,190,195,5,0,0,378,24,0.0,0.0,100.0,100.0
2025,195,200,5,0,0,378,24,0.0,0.0,100.0,100.0
2025,200,205,5,0,0,378,24,0.0,0.0,100.0,100.0
2025,205,210,5,0,0,378,24,0.0,0.0,100.0,100.0
2025,210,215,5,0,0,378,24,0.0,0.0,100.0,100.0
2025,215,220,5,0,0,378,24,0.0,0.0,100.0,100.0
2025,220,225,5,0,0,378,24,0.0,0.0,100.0,100.0
2025,225,230,5,0,0,378,24,0.0,0.0,100.0,100.0
2025,230,235,5,0,0,378,24,0.0,0.0,100.0,100.0
2025,235,240,5,0,0,378,24,0.0,0.0,100.0,100.0
2025,240,245,5,0,0,378,24,0.0,0.0,100.0,100.0
2025,245,250,5,0,0,378,24,0.0,0.0,100.0,100.0
2025,250,255,5,0,0,378,24,0.0,0.0,100.0,100.0
2025,255,260,5,0,0,378,24,0.0,0.0,100.0,100.0
2025,260,265,5,0,0,378,24,0.0,0.0,100.0,100.0
2025,265,270,5,0,0,378,24,0.0,0.0,100.0,100.0
2025,270,275,5,0,0,378,24,0.0,0.0,100.0,100.0
2025,275,280,5,0,0,378,24,0.0,0.0,100.0,100.0
2025,280,285,5,0,0,378,24,0.0,0.0,100.0,100.0
2025,285,290,5,0,0,378,24,0.0,0.0,100.0,100.0
2025,290,295,5,0,0,378,24,0.0,0.0,100.0,100.0
2025,295,300,5,0,0,378,24,0.0,0.0,100.0,100.0
2025,300,305,5,0,0,378,24,0.0,0.0,100.0,100.0
2025,305,310,5,0,0,378,24,0.0,0.0,100.0,100.0
2025,310,315,5,0,0,378,24,0.0,0.0,100.0,100.0
2025,315,320,5,0,0,378,24,0.0,0.0,100.0,100.0
2025,320,325,5,0,0,378,24,0.0,0.0,100.0,100.0
2025,325,330,5,0,0,378,24,0.0,0.0,100.0,100.0
2025,330,335,5,0,0,378,24,0.0,0.0,100.0,100.0
2025,335,340,5,0,0,378,24,0.0,0.0,100.0,100.0
2025,340,345,5,0,0,378,24,0.0,0.0,100.0,100.0
2025,345,350,5,0,0,378,24,0.0,0.0,100.0,100.0
2025,350,355,5,0,0,378,24,0.0,0.0,100.0,100.0
2025,355,360,5,0,0,378,24,0.0,0.0,100.0,100.0
2025,360,365,5,0,0,378,24,0.0,0.0,100.0,100.0
2025,365,370,5,0,0,378,24,0.0,0.0,100.0,100.0
2025,370,375,5,0,0,378,24,0.0,0.0,100.0,100.0
2025,375,380,5,0,0,378,24,0.0,0.0,100.0,100.0
2025,380,385,5,0,0,378,24,0.0,0.0,100.0,100.0
2025,385,390,5,0,0,378,24,0.0,0.0,100.0,100.0
2025,390,395,5,0,0,378,24,0.0,0.0,100.0,100.0
2025,395,400,5,0,0,378,24,0.0,0.0,100.0,100.0
2025,400,405,5,0,0,378,24,0.0,0.0,100.0,100.0
2025,405,410,5,0,0,378,24,0.0,0.0,100.0,100.0
2025,410,415,5,0,0,378,24,0.0,0.0,100.0,100.0
2025,415,420,5,0,0,378,24,0.0,0.0,100.0,100.0
2025,420,425,5,0,0,378,24,0.0,0.0,100.0,100.0
2025,425,430,5,0,0,378,24,0.0,0.0,100.0,100.0
2025,430,435,5,0,0,378,24,0.0,0.0,100.0,100.0
2025,435,440,5,0,0,378,24,0.0,0.0,100.0,100.0
2025,440,445,5,0,0,378,24,0.0,0.0,100.0,100.0
2025,445,450,5,0,0,378,24,0.0,0.0,100.0,100.0
2025,450,455,5,0,0,378,24,0.0,0.0,100.0,100.0
2025,455,460,5,0,0,378,24,0.0,0.0,100.0,100.0
2025,460,465,5,0,0,378,24,0.0,0.0,100.0,100.0
2025,465,470,5,0,0,378,24,0.0,0.0,100.0,100.0
2025,470,475,5,0,0,378,24,0.0,0.0,100.0,100.0
2025,475,480,5,0,0,378,24,0.0,0.0,100.0,100.0
2025,480,485,5,0,0,378,24,0.0,0.0,100.0,100.0
2025,485,490,5,0,0,378,24,0.0,0.0,100.0,100.0
2025,490,495,5,0,0,378,24,0.0,0.0,100.0,100.0
2025,495,500,5,0,0,378,24,0.0,0.0,100.0,100.0
2025,500,505,5,0,0,378,24,0.0,0.0,100.0,100.0
2025,505,510,5,0,0,378,24,0.0,0.0,100.0,100.0
2025,510,515,5,0,0,378,24,0.0,0.0,100.0,100.0
2025,515,520,5,0,0,378,24,0.0,0.0,100.0,100.0
2025,520,525,5,0,0,378,24,0.0,0.0,100.0,100.0
2025,525,530,5,0,0,378,24,0.0,0.0,100.0,100.0
2025,530,535,5,0,0,378,24,0.0,0.0,100.0,100.0
2025,535,540,5,0,0,378,24,0.0,0.0,100.0,100.0
2025,540,545,5,0,0,378,24,0.0,0.0,100.0,100.0
2025,545,550,5,0,0,378,24,0.0,0.0,100.0,100.0
2025,550,555,5,0,0,378,24,0.0,0.0,100.0,100.0
2025,555,560,5,0,0,378,24,0.0,0.0,100.0,100.0
2025,560,565,5,0,0,378,24,0.0,0.0,100.0,100.0
2025,565,570,5,0,0,378,24,0.0,0.0,100.0,100.0
2025,570,575,5,0,0,378,24,0.0,0.0,100.0,100.0
2025,575,580,5,0,0,378,24,0.0,0.0,100.0,100.0
2025,580,585,5,0,0,378,24,0.0,0.0,100.0,100.0
2025,585,590,5,0,0,378,24,0.0,0.0,100.0,100.0
2025,590,595,5,0,0,378,24,0.0,0.0,100.0,100.0
2025,595,600,5,0,0,378,24,0.0,0.0,100.0,100.0
2025,600,605,5,0,0,378,24,0.0,0.0,100.0,100.0
2025,605,610,5,0,0,378,24,0.0,0.0,100.0,100.0
2025,610,615,5,0,0,378,24,0.0,0.0,100.0,100.0
2025,615,620,5,0,0,378,24,0.0,0.0,100.0,100.0
2025,620,625,5,0,0,378,24,0.0,0.0,100.0,100.0
2025,625,630,5,0,0,378,24,0.0,0.0,100.0,100.0
2025,630,635,5,0,0,378,24,0.0,0.0,100.0,100.0
2025,635,640,5,0,0,378,24,0.0,0.0,100.0,100.0
2025,640,645,5,0,0,378,24,0.0,0.0,100.0,100.0
2025,645,650,5,0,0,378,24,0.0,0.0,100.0,100.0
2025,650,655,5,0,0,378,24,0.0,0.0,100.0,100.0
2025,655,660,5,0,0,378,24,0.0,0.0,100.0,100.0
2025,660,665,5,0,0,378,24,0.0,0.0,100.0,100.0
2025,665,670,5,0,0,378,24,0.0,0.0,100.0,100.0
2025,670,675,5,0,0,378,24,0.0,0.0,100.0,100.0
2025,675,680,5,0,0,378,24,0.0,0.0,100.0,100.0
2025,680,685,5,0,0,378,24,0.0,0.0,100.0,100.0
2025,685,690,5,0,0,378,24,0.0,0.0,100.0,100.0
2025,690,695,5,0,0,378,24,0.0,0.0,100.0,100.0
2025,695,700,5,0,0,378,24,0.0,0.0,100.0,100.0
2025,700,705,5,0,0,378,24,0.0,0.0,100.0,100.0
2025,705,710,5,0,0,378,24,0.0,0.0,100.0,100.0
2025,710,715,5,0,0,378,24,0.0,0.0,100.0,100.0
2025,715,720,5,0,0,378,24,0.0,0.0,100.0,100.0
2025,720,725,5,0,0,378,24,0.0,0.0,100.0,100.0
2025,725,730,5,0,0,378,24,0.0,0.0,100.0,100.0
2025,730,735,5,0,0,378,24,0.0,0.0,100.0,100.0
2025,735,740,5,0,0,378,24,0.0,0.0,100.0,100.0
2025,740,745,5,0,0,378,24,0.0,0.0,100.0,100.0
2025,745,750,5,0,0,378,24,0.0,0.0,100.0,100.0
2025,750,755,5,0,0,378,24,0.0,0.0,100.0,100.0
2025,755,760,5,0,0,378,24,0.0,0.0,100.0,100.0
2025,760,765,5,0,0,378,24,0.0,0.0,100.0,100.0
2025,765,770,5,0,0,378,24,0.0,0.0,100.0,100.0
2025,770,775,5,0,0,378,24,0.0,0.0,100.0,100.0
2025,775,780,5,0,0,378,24,0.0,0.0,100.0,100.0
2025,780,785,5,0,0,378,24,0.0,0.0,100.0,100.0
2025,785,790,5,0,0,378,24,0.0,0.0,100.0,100.0
2025,790,795,5,0,0,378,24,0.0,0.0,100.0,100.0
2025,795,800,5,0,0,378,24,0.0,0.0,100.0,100.0
2025,800,805,5,0,0,378,24,0.0,0.0,100.0,100.0
2025,805,810,5,0,0,378,24,0.0,0.0,100.0,100.0
2025,810,815,5,0,0,378,24,0.0,0.0,100.0,100.0
2025,815,820,5,0,0,378,24,0.0,0.0,100.0,100.0
2025,820,825,5,0,0,378,24,0.0,0.0,100.0,100.0
2025,825,830,5,0,0,378,24,0.0,0.0,100.0,100.0
2025,830,835,5,0,0,378,24,0.0,0.0,100.0,100.0
2025,835,840,5,0,0,378,24,0.0,0.0,100.0,100.0
2025,840,845,5,0,0,378,24,0.0,0.0,100.0,100.0
2025,845,850,5,0,0,378,24,0.0,0.0,100.0,100.0
2025,850,855,5,0,0,378,24,0.0,0.0,100.0,100.0
2025,855,860,5,0,0,378,24,0.0,0.0,100.0,100.0
2025,860,865,5,0,0,378,24,0.0,0.0,100.0,100.0
2025,865,870,5,0,0,378,24,0.0,0.0,100.0,100.0
2025,870,875,5,0,0,378,24,0.0,0.0,100.0,100.0
2025,875,880,5,0,0,378,24,0.0,0.0,100.0,100.0
2025,880,885,5,0,0,378,24,0.0,0.0,100.0,100.0
2025,885,890,5,0,0,378,24,0.0,0.0,100.0,100.0
2025,890,895,5,0,0,378,24,0.0,0.0,100.0,100.0
2025,895,900,5,0,0,378,24,0.0,0.0,100.0,100.0
2025,900,905,5,0,0,378,24,0.0,0.0,100.0,100.0
2025,905,910,5,0,0,378,24,0.0,0.0,100.0,100.0
2025,910,915,5,0,0,378,24,0.0,0.0,100.0,100.0
2025,915,920,5,0,0,378,24,0.0,0.0,100.0,100.0
2025,920,925,5,0,0,378,24,0.0,0.0,100.0,100.0
2025,925,930,5,0,0,378,24,0.0,0.0,100.0,100.0
2025,930,935,5,0,0,378,24,0.0,0.0,100.0,100.0
2025,935,940,5,0,0,378,24,0.0,0.0,100.0,100.0
2025,940,945,5,0,0,378,24,0.0,0.0,100.0,100.0
2025,945,950,5,0,0,378,24,0.0,0.0,100.0,100.0
2025,950,955,5,0,0,378,24,0.0,0.0,100.0,100.0
2025,955,960,5,0,0,378,24,0.0,0.0,100.0,100.0
2025,960,965,5,0,0,378,24,0.0,0.0,100.0,100.0
2025,965,970,5,0,0,378,24,0.0,0.0,100.0,100.0
2025,970,975,5,0,0,378,24,0.0,0.0,100.0,100.0
2025,975,980,5,0,0,378,24,0.0,0.0,100.0,100.0
2025,980,985,5,0,0,378,24,0.0,0.0,100.0,100.0
2025,985,990,5,0,0,378,24,0.0,0.0,100.0,100.0
2025,990,995,5,0,0,378,24,0.0,0.0,100.0,100.0
